1,1,1,FALSE,FALSE,FALSE,FALSE,FALSE,FALSE,528,535,543,11303,11291,11287,15051730,10163337,50.0,0.83
1,1,1,FALSE,FALSE,FALSE,FALSE,FALSE,FALSE,528,535,543,11303,11291,11287,15051730,10163337,50.0,0.83
1,1,1,FALSE,FALSE,FALSE,FALSE,FALSE,FALSE,528,535,543,11303,11291,11287,15051730,10163337,50.0,0.83
1,1,1,FALSE,FALSE,FALSE,FALSE,FALSE,FALSE,528,535,543,11303,11291,11287,15051730,10163337,50.0,0.83
1,1,1,FALSE,FALSE,FALSE,FALSE,FALSE,FALSE,528,535,543,11303,11291,11287,15051730,10163337,50.0,0.83
1,1,1,FALSE,FALSE,FALSE,FALSE,FALSE,FALSE,528,535,543,11303,11291,11287,15051730,10163337,50.0,0.83
1,1,1,FALSE,FALSE,FALSE,FALSE,FALSE,FALSE,528,535,543,11303,11291,11287,15051730,10163337,50.0,0.83
1,1,1,FALSE,FALSE,FALSE,FALSE,FALSE,FALSE,528,535,543,11303,11291,11287,15051730,10163337,50.0,0.83
1,1,1,FALSE,FALSE,FALSE,FALSE,FALSE,FALSE,528,535,543,11303,11291,11287,15051730,10163337,50.0,0.83
1,1,1,FALSE,FALSE,FALSE,FALSE,FALSE,FALSE,528,535,543,11303,11291,11287,15051730,10163337,50.0,0.83
1,1,1,FALSE,FALSE,FALSE,FALSE,FALSE,FALSE,528,535,543,11303,11291,11287,15051730,10163337,50.0,0.83
1,1,1,FALSE,FALSE,FALSE,FALSE,FALSE,FALSE,528,535,543,11303,11291,11287,15051730,10163337,50.0,0.83
1,1,1,FALSE,FALSE,FALSE,FALSE,FALSE,FALSE,528,535,543,11303,11291,11287,15051730,10163337,50.0,0.83
1,1,1,FALSE,FALSE,FALSE,FALSE,FALSE,FALSE,528,535,543,11303,11291,11287,15051730,10163337,50.0,0.83
1,1,1,FALSE,FALSE,FALSE,FALSE,FALSE,FALSE,528,535,543,11303,11291,11287,15051730,10163337,50.0,0.83
1,1,1,FALSE,FALSE,FALSE,FALSE,FALSE,FALSE,528,535,543,11303,11291,11287,15051730,10163337,50.0,0.83
1,1,1,FALSE,FALSE,FALSE,FALSE,FALSE,FALSE,528,535,543,11303,11291,11287,15051730,10163337,50.0,0.83
1,1,1,FALSE,FALSE,FALSE,FALSE,FALSE,FALSE,528,535,543,11303,11291,11287,15051730,10163337,50.0,0.83
1,1,1,FALSE,FALSE,FALSE,FALSE,FALSE,FALSE,528,535,543,11303,11291,11287,15051730,10163337,50.0,0.83
1,1,1,FALSE,FALSE,FALSE,FALSE,FALSE,FALSE,528,535,543,11303,11291,11287,15051730,10163337,50.0,0.83
1,1,1,FALSE,FALSE,FALSE,FALSE,FALSE,FALSE,528,535,543,11303,11291,11287,15051730,10163337,50.0,0.83
1,1,1,FALSE,FALSE,FALSE,FALSE,FALSE,FALSE,528,535,543,11303,11291,11287,15051730,10163337,50.0,0.83
1,1,1,FALSE,FALSE,FALSE,FALSE,FALSE,FALSE,528,535,543,11303,11291,11287,15051730,10163337,50.0,0.83
1,1,1,FALSE,FALSE,FALSE,FALSE,FALSE,FALSE,528,535,543,11303,11291,11287,15051730,10163337,50.0,0.83
1,1,1,FALSE,FALSE,FALSE,FALSE,FALSE,FALSE,528,535,543,11303,11291,11287,15051730,10163337,50.0,0.83
1,1,1,FALSE,FALSE,FALSE,FALSE,FALSE,FALSE,528,535,543,11303,11291,11287,15051730,10163337,50.0,0.83
1,1,1,FALSE,FALSE,FALSE,FALSE,FALSE,FALSE,528,535,543,11303,11291,11287,15051730,10163337,50.0,0.83
1,1,1,FALSE,FALSE,FALSE,FALSE,FALSE,FALSE,528,535,543,11303,11291,11287,15051730,10163337,50.0,0.83
1,1,1,FALSE,FALSE,FALSE,FALSE,FALSE,FALSE,528,535,543,11303,11291,11287,15051730,10163337,50.0,0.83
1,1,1,FALSE,FALSE,FALSE,FALSE,FALSE,FALSE,528,535,543,11303,11291,11287,15051730,10163337,50.0,0.83
1,1,1,FALSE,FALSE,FALSE,FALSE,FALSE,FALSE,528,535,543,11303,11291,11287,15051730,10163337,50.0,0.83
1,1,1,FALSE,FALSE,FALSE,FALSE,FALSE,FALSE,528,535,543,11303,11291,11287,15051730,10163337,50.0,0.83
1,1,1,FALSE,FALSE,FALSE,FALSE,FALSE,FALSE,528,535,543,11303,11291,11287,15051730,10163337,50.0,0.83
1,1,1,FALSE,FALSE,FALSE,FALSE,FALSE,FALSE,528,535,543,11303,11291,11287,15051730,10163337,50.0,0.83
1,1,1,FALSE,FALSE,FALSE,FALSE,FALSE,FALSE,528,535,543,11303,11291,11287,15051730,10163337,50.0,0.83
1,1,1,FALSE,FALSE,FALSE,FALSE,FALSE,FALSE,528,535,543,11303,11291,11287,15051730,10163337,50.0,0.83
1,1,1,FALSE,FALSE,FALSE,FALSE,FALSE,FALSE,528,535,543,11303,11291,11287,15051730,10163337,50.0,0.83
1,1,1,FALSE,FALSE,FALSE,FALSE,FALSE,FALSE,528,535,543,11303,11291,11287,15051730,10163337,50.0,0.83
1,1,1,FALSE,FALSE,FALSE,FALSE,FALSE,FALSE,528,535,543,11303,11291,11287,15051730,10163337,50.0,0.83
1,1,1,FALSE,FALSE,FALSE,FALSE,FALSE,FALSE,528,535,543,11303,11291,11287,15051730,10163337,50.0,0.83
1,1,1,FALSE,FALSE,FALSE,FALSE,FALSE,FALSE,528,535,543,11303,11291,11287,15051730,10163337,50.0,0.83
1,1,1,FALSE,FALSE,FALSE,FALSE,FALSE,FALSE,528,535,543,11303,11291,11287,15051730,10163337,50.0,0.83
1,1,1,FALSE,FALSE,FALSE,FALSE,FALSE,FALSE,528,535,543,11303,11291,11287,15051730,10163337,50.0,0.83
1,1,1,FALSE,FALSE,FALSE,FALSE,FALSE,FALSE,528,535,543,11303,11291,11287,15051730,10163337,50.0,0.83
1,1,1,FALSE,FALSE,FALSE,FALSE,FALSE,FALSE,528,535,543,11303,11291,11287,15051730,10163337,50.0,0.83
1,1,1,FALSE,FALSE,FALSE,FALSE,FALSE,FALSE,528,535,543,11303,11291,11287,15051730,10163337,50.0,0.83
1,1,1,FALSE,FALSE,FALSE,FALSE,FALSE,FALSE,528,535,543,11303,11291,11287,15051730,10163337,50.0,0.83
1,1,1,FALSE,FALSE,FALSE,FALSE,FALSE,FALSE,528,535,543,11303,11291,11287,15051730,10163337,50.0,0.83
1,1,1,FALSE,FALSE,FALSE,FALSE,FALSE,FALSE,528,535,543,11303,11291,11287,15051730,10163337,50.0,0.83
1,1,1,FALSE,FALSE,FALSE,FALSE,FALSE,FALSE,528,535,543,11303,11291,11287,15051730,10163337,50.0,0.83
1,1,1,FALSE,FALSE,FALSE,FALSE,FALSE,FALSE,528,535,543,11303,11291,11287,15051730,10163337,50.0,0.83
1,1,1,FALSE,FALSE,FALSE,FALSE,FALSE,FALSE,528,535,543,11303,11291,11287,15051730,10163337,50.0,0.83
1,1,1,FALSE,FALSE,FALSE,FALSE,FALSE,FALSE,528,535,543,11303,11291,11287,15051730,10163337,50.0,0.83
1,1,1,FALSE,FALSE,FALSE,FALSE,FALSE,FALSE,528,535,543,11303,11291,11287,15051730,10163337,50.0,0.83
1,1,1,FALSE,FALSE,FALSE,FALSE,FALSE,FALSE,528,535,543,11303,11291,11287,15051730,10163337,50.0,0.83
1,1,1,FALSE,FALSE,FALSE,FALSE,FALSE,FALSE,528,535,543,11303,11291,11287,15051730,10163337,50.0,0.83
1,1,1,FALSE,FALSE,FALSE,FALSE,FALSE,FALSE,528,535,543,11303,11291,11287,15051730,10163337,50.0,0.83
1,1,1,FALSE,FALSE,FALSE,FALSE,FALSE,FALSE,528,535,543,11303,11291,11287,15051730,10163337,50.0,0.83
1,1,1,FALSE,FALSE,FALSE,FALSE,FALSE,FALSE,528,535,543,11303,11291,11287,15051730,10163337,50.0,0.83
1,1,1,FALSE,FALSE,FALSE,FALSE,FALSE,FALSE,528,535,543,11303,11291,11287,15051730,10163337,50.0,0.83
1,1,1,FALSE,FALSE,FALSE,FALSE,FALSE,FALSE,528,535,543,11303,11291,11287,15051730,10163337,50.0,0.83
1,1,1,FALSE,FALSE,FALSE,FALSE,FALSE,FALSE,528,535,543,11303,11291,11287,15051730,10163337,50.0,0.83
1,1,1,FALSE,FALSE,FALSE,FALSE,FALSE,FALSE,528,535,543,11303,11291,11287,15051730,10163337,50.0,0.83
1,1,1,FALSE,FALSE,FALSE,FALSE,FALSE,FALSE,528,535,543,11303,11291,11287,15051730,10163337,50.0,0.83
1,1,1,FALSE,FALSE,FALSE,FALSE,FALSE,FALSE,528,535,543,11303,11291,11287,15051730,10163337,50.0,0.83
1,1,1,FALSE,FALSE,FALSE,FALSE,FALSE,FALSE,528,535,543,11303,11291,11287,15051730,10163337,50.0,0.83
1,1,1,FALSE,FALSE,FALSE,FALSE,FALSE,FALSE,528,535,543,11303,11291,11287,15051730,10163337,50.0,0.83
1,1,1,FALSE,FALSE,FALSE,FALSE,FALSE,FALSE,528,535,543,11303,11291,11287,15051730,10163337,50.0,0.83
1,1,1,FALSE,FALSE,FALSE,FALSE,FALSE,FALSE,528,535,543,11303,11291,11287,15051730,10163337,50.0,0.83
1,1,1,FALSE,FALSE,FALSE,FALSE,FALSE,FALSE,528,535,543,11303,11291,11287,15051730,10163337,50.0,0.83
1,1,1,FALSE,FALSE,FALSE,FALSE,FALSE,FALSE,528,535,543,11303,11291,11287,15051730,10163337,50.0,0.83
1,1,1,FALSE,FALSE,FALSE,FALSE,FALSE,FALSE,528,535,543,11303,11291,11287,15051730,10163337,50.0,0.83
1,1,1,FALSE,FALSE,FALSE,FALSE,FALSE,FALSE,524,531,539,11386,11378,11376,15050940,10160827,50.0,0.83
1,1,1,FALSE,FALSE,FALSE,FALSE,FALSE,FALSE,524,531,539,11386,11378,11376,15050940,10160827,50.0,0.83
1,1,1,FALSE,FALSE,FALSE,FALSE,FALSE,FALSE,524,531,539,11386,11378,11376,15050940,10160827,50.0,0.83
1,1,1,FALSE,FALSE,FALSE,FALSE,FALSE,FALSE,524,531,539,11386,11378,11376,15050940,10160827,50.0,0.83
1,1,1,FALSE,FALSE,FALSE,FALSE,FALSE,FALSE,524,531,539,11386,11378,11376,15050940,10160827,50.0,0.83
1,1,1,FALSE,FALSE,FALSE,FALSE,FALSE,FALSE,524,531,539,11386,11378,11376,15050940,10160827,50.0,0.83
1,1,1,FALSE,FALSE,FALSE,FALSE,FALSE,FALSE,524,531,539,11386,11378,11376,15050940,10160827,50.0,0.83
1,1,1,FALSE,FALSE,FALSE,FALSE,FALSE,FALSE,524,531,539,11386,11378,11376,15050940,10160827,50.0,0.83
1,1,1,FALSE,FALSE,FALSE,FALSE,FALSE,FALSE,524,531,539,11386,11378,11376,15050940,10160827,50.0,0.83
1,1,1,FALSE,FALSE,FALSE,FALSE,FALSE,FALSE,524,531,539,11386,11378,11376,15050940,10160827,50.0,0.83
1,1,1,FALSE,FALSE,FALSE,FALSE,FALSE,FALSE,524,531,539,11386,11378,11376,15050940,10160827,50.0,0.83
1,1,1,FALSE,FALSE,FALSE,FALSE,FALSE,FALSE,524,531,539,11386,11378,11376,15050940,10160827,50.0,0.83
1,1,1,FALSE,FALSE,FALSE,FALSE,FALSE,FALSE,524,531,539,11386,11378,11376,15050940,10160827,50.0,0.83
1,1,1,FALSE,FALSE,FALSE,FALSE,FALSE,FALSE,524,531,539,11386,11378,11376,15050940,10160827,50.0,0.83
1,1,1,FALSE,FALSE,FALSE,FALSE,FALSE,FALSE,524,531,539,11386,11378,11376,15050940,10160827,50.0,0.83
1,1,1,FALSE,FALSE,FALSE,FALSE,FALSE,FALSE,524,531,539,11386,11378,11376,15050940,10160827,50.0,0.83
1,1,1,FALSE,FALSE,FALSE,FALSE,FALSE,FALSE,524,531,539,11386,11378,11376,15050940,10160827,50.0,0.83
1,1,1,FALSE,FALSE,FALSE,FALSE,FALSE,FALSE,524,531,539,11386,11378,11376,15050940,10160827,50.0,0.83
1,1,1,FALSE,FALSE,FALSE,FALSE,FALSE,FALSE,524,531,539,11386,11378,11376,15050940,10160827,50.0,0.83
1,1,1,FALSE,FALSE,FALSE,FALSE,FALSE,FALSE,524,531,539,11386,11378,11376,15050940,10160827,50.0,0.83
1,1,1,FALSE,FALSE,FALSE,FALSE,FALSE,FALSE,528,535,543,11303,11291,11287,15051730,10163337,50.0,0.83
1,1,1,FALSE,FALSE,FALSE,FALSE,FALSE,FALSE,528,535,543,11303,11291,11287,15051730,10163337,50.0,0.83
1,1,1,FALSE,FALSE,FALSE,FALSE,FALSE,FALSE,528,535,543,11303,11291,11287,15051730,10163337,50.0,0.83
1,1,1,FALSE,FALSE,FALSE,FALSE,FALSE,FALSE,528,535,543,11303,11291,11287,15051730,10163337,50.0,0.83
1,1,1,FALSE,FALSE,FALSE,FALSE,FALSE,FALSE,528,535,543,11303,11291,11287,15051730,10163337,50.0,0.83
1,1,1,FALSE,FALSE,FALSE,FALSE,FALSE,FALSE,528,535,543,11303,11291,11287,15051730,10163337,50.0,0.83
1,1,1,FALSE,FALSE,FALSE,FALSE,FALSE,FALSE,528,535,543,11303,11291,11287,15051730,10163337,50.0,0.83
1,1,1,FALSE,FALSE,FALSE,FALSE,FALSE,FALSE,528,535,543,11303,11291,11287,15051730,10163337,50.0,0.83
1,1,1,FALSE,FALSE,FALSE,FALSE,FALSE,FALSE,528,535,543,11303,11291,11287,15051730,10163337,50.0,0.83
1,1,1,FALSE,FALSE,FALSE,FALSE,FALSE,FALSE,528,535,543,11303,11291,11287,15051730,10163337,50.0,0.83
1,1,1,FALSE,FALSE,FALSE,FALSE,FALSE,FALSE,528,535,543,11303,11291,11287,15051730,10163337,50.0,0.83
1,1,1,FALSE,FALSE,FALSE,FALSE,FALSE,FALSE,528,535,543,11303,11291,11287,15051730,10163337,50.0,0.83
1,1,1,FALSE,FALSE,FALSE,FALSE,FALSE,FALSE,528,535,543,11303,11291,11287,15051730,10163337,50.0,0.83
1,1,1,FALSE,FALSE,FALSE,FALSE,FALSE,FALSE,528,535,543,11303,11291,11287,15051730,10163337,50.0,0.83
1,1,1,FALSE,FALSE,FALSE,FALSE,FALSE,FALSE,528,535,543,11303,11291,11287,15051730,10163337,50.0,0.83
1,1,1,FALSE,FALSE,FALSE,FALSE,FALSE,FALSE,528,535,543,11303,11291,11287,15051730,10163337,50.0,0.83
1,1,1,FALSE,FALSE,FALSE,FALSE,FALSE,FALSE,528,535,543,11303,11291,11287,15051730,10163337,50.0,0.83
1,1,1,FALSE,FALSE,FALSE,FALSE,FALSE,FALSE,528,535,543,11303,11291,11287,15051730,10163337,50.0,0.83
1,1,1,FALSE,FALSE,FALSE,FALSE,FALSE,FALSE,528,535,543,11303,11291,11287,15051730,10163337,50.0,0.83
1,1,1,FALSE,FALSE,FALSE,FALSE,FALSE,FALSE,528,535,543,11303,11291,11287,15051730,10163337,50.0,0.83
1,1,1,FALSE,FALSE,FALSE,FALSE,FALSE,FALSE,528,535,543,11303,11291,11287,15051730,10163337,50.0,0.83
1,1,1,FALSE,FALSE,FALSE,FALSE,FALSE,FALSE,528,535,543,11303,11291,11287,15051730,10163337,50.0,0.83
1,1,1,FALSE,FALSE,FALSE,FALSE,FALSE,FALSE,528,535,543,11303,11291,11287,15051730,10163337,50.0,0.83
1,1,1,FALSE,FALSE,FALSE,FALSE,FALSE,FALSE,528,535,543,11303,11291,11287,15051730,10163337,50.0,0.83
1,1,1,FALSE,FALSE,FALSE,FALSE,FALSE,FALSE,528,535,543,11303,11291,11287,15051730,10163337,50.0,0.83
1,1,1,FALSE,FALSE,FALSE,FALSE,FALSE,FALSE,528,535,543,11303,11291,11287,15051730,10163337,50.0,0.83
1,1,1,FALSE,FALSE,FALSE,FALSE,FALSE,FALSE,528,535,543,11303,11291,11287,15051730,10163337,50.0,0.83
1,1,1,FALSE,FALSE,FALSE,FALSE,FALSE,FALSE,528,535,543,11303,11291,11287,15051730,10163337,50.0,0.83
1,1,1,FALSE,FALSE,FALSE,FALSE,FALSE,FALSE,528,535,543,11303,11291,11287,15051730,10163337,50.0,0.83
1,1,1,FALSE,FALSE,FALSE,FALSE,FALSE,FALSE,528,535,543,11303,11291,11287,15051730,10163337,50.0,0.83
1,1,1,FALSE,FALSE,FALSE,FALSE,FALSE,FALSE,528,535,543,11303,11291,11287,15051730,10163337,50.0,0.83
1,1,1,FALSE,FALSE,FALSE,FALSE,FALSE,FALSE,528,535,543,11303,11291,11287,15051730,10163337,50.0,0.83
1,1,1,FALSE,FALSE,FALSE,FALSE,FALSE,FALSE,528,535,543,11303,11291,11287,15051730,10163337,50.0,0.83
1,1,1,FALSE,FALSE,FALSE,FALSE,FALSE,FALSE,528,535,543,11303,11291,11287,15051730,10163337,50.0,0.83
1,1,1,FALSE,FALSE,FALSE,FALSE,FALSE,FALSE,528,535,543,11303,11291,11287,15051730,10163337,50.0,0.83
1,1,1,FALSE,FALSE,FALSE,FALSE,FALSE,FALSE,528,535,543,11303,11291,11287,15051730,10163337,50.0,0.83
1,1,1,FALSE,FALSE,FALSE,FALSE,FALSE,FALSE,528,535,543,11303,11291,11287,15051730,10163337,50.0,0.83
1,1,1,FALSE,FALSE,FALSE,FALSE,FALSE,FALSE,528,535,543,11303,11291,11287,15051730,10163337,50.0,0.83
1,1,1,FALSE,FALSE,FALSE,FALSE,FALSE,FALSE,528,535,543,11303,11291,11287,15051730,10163337,50.0,0.83
1,1,1,FALSE,FALSE,FALSE,FALSE,FALSE,FALSE,528,535,543,11303,11291,11287,15051730,10163337,50.0,0.83
1,1,1,FALSE,FALSE,FALSE,FALSE,FALSE,FALSE,528,535,543,11303,11291,11287,15051730,10163337,50.0,0.83
1,1,1,FALSE,FALSE,FALSE,FALSE,FALSE,FALSE,528,535,543,11303,11291,11287,15051730,10163337,50.0,0.83
1,1,1,FALSE,FALSE,FALSE,FALSE,FALSE,FALSE,528,535,543,11303,11291,11287,15051730,10163337,50.0,0.83
1,1,1,FALSE,FALSE,FALSE,FALSE,FALSE,FALSE,528,535,543,11303,11291,11287,15051730,10163337,50.0,0.83
1,1,1,FALSE,FALSE,FALSE,FALSE,FALSE,FALSE,528,535,543,11303,11291,11287,15051730,10163337,50.0,0.83
1,1,1,FALSE,FALSE,FALSE,FALSE,FALSE,FALSE,528,535,543,11303,11291,11287,15051730,10163337,50.0,0.83
1,1,1,FALSE,FALSE,FALSE,FALSE,FALSE,FALSE,528,535,543,11303,11291,11287,15051730,10163337,50.0,0.83
1,1,1,FALSE,FALSE,FALSE,FALSE,FALSE,FALSE,528,535,543,11303,11291,11287,15051730,10163337,50.0,0.83
1,1,1,FALSE,FALSE,FALSE,FALSE,FALSE,FALSE,528,535,543,11303,11291,11287,15051730,10163337,50.0,0.83
1,1,1,FALSE,FALSE,FALSE,FALSE,FALSE,FALSE,528,535,543,11303,11291,11287,15051730,10163337,50.0,0.83
1,1,1,FALSE,FALSE,FALSE,FALSE,FALSE,FALSE,528,535,543,11303,11291,11287,15051730,10163337,50.0,0.83
1,1,1,FALSE,FALSE,FALSE,FALSE,FALSE,FALSE,528,535,543,11303,11291,11287,15051730,10163337,50.0,0.83
1,1,1,FALSE,FALSE,FALSE,FALSE,FALSE,FALSE,528,535,543,11303,11291,11287,15051730,10163337,50.0,0.83
1,1,1,FALSE,FALSE,FALSE,FALSE,FALSE,FALSE,528,535,543,11303,11291,11287,15051730,10163337,50.0,0.83
1,1,1,FALSE,FALSE,FALSE,FALSE,FALSE,FALSE,528,535,543,11303,11291,11287,15051730,10163337,50.0,0.83
1,1,1,FALSE,FALSE,FALSE,FALSE,FALSE,FALSE,528,535,543,11303,11291,11287,15051730,10163337,50.0,0.83
1,1,1,FALSE,FALSE,FALSE,FALSE,FALSE,FALSE,528,535,543,11303,11291,11287,15051730,10163337,50.0,0.83
1,1,1,FALSE,FALSE,FALSE,FALSE,FALSE,FALSE,528,535,543,11303,11291,11287,15051730,10163337,50.0,0.83
1,1,1,FALSE,FALSE,FALSE,FALSE,FALSE,FALSE,528,535,543,11303,11291,11287,15051730,10163337,50.0,0.83
1,1,1,FALSE,FALSE,FALSE,FALSE,FALSE,FALSE,528,535,543,11303,11291,11287,15051730,10163337,50.0,0.83
1,1,1,FALSE,FALSE,FALSE,FALSE,FALSE,FALSE,528,535,543,11303,11291,11287,15051730,10163337,50.0,0.83
1,1,1,FALSE,FALSE,FALSE,FALSE,FALSE,FALSE,528,535,543,11303,11291,11287,15051730,10163337,50.0,0.83
1,1,1,FALSE,FALSE,FALSE,FALSE,FALSE,FALSE,528,535,543,11303,11291,11287,15051730,10163337,50.0,0.83
1,1,1,FALSE,FALSE,FALSE,FALSE,FALSE,FALSE,528,535,543,11303,11291,11287,15051730,10163337,50.0,0.83
1,1,1,FALSE,FALSE,FALSE,FALSE,FALSE,FALSE,528,535,543,11303,11291,11287,15051730,10163337,50.0,0.83
1,1,1,FALSE,FALSE,FALSE,FALSE,FALSE,FALSE,528,535,543,11303,11291,11287,15051730,10163337,50.0,0.83
1,1,1,FALSE,FALSE,FALSE,FALSE,FALSE,FALSE,528,535,543,11303,11291,11287,15051730,10163337,50.0,0.83
1,1,1,FALSE,FALSE,FALSE,FALSE,FALSE,FALSE,528,535,543,11303,11291,11287,15051730,10163337,50.0,0.83
1,1,1,FALSE,FALSE,FALSE,FALSE,FALSE,FALSE,528,535,543,11303,11291,11287,15051730,10163337,50.0,0.83
1,1,1,FALSE,FALSE,FALSE,FALSE,FALSE,FALSE,528,535,543,11303,11291,11287,15051730,10163337,50.0,0.83
1,1,1,FALSE,FALSE,FALSE,FALSE,FALSE,FALSE,528,535,543,11303,11291,11287,15051730,10163337,50.0,0.83
1,1,1,FALSE,FALSE,FALSE,FALSE,FALSE,FALSE,528,535,543,11303,11291,11287,15051730,10163337,50.0,0.83
1,1,1,FALSE,FALSE,FALSE,FALSE,FALSE,FALSE,528,535,543,11303,11291,11287,15051730,10163337,50.0,0.83
1,1,1,FALSE,FALSE,FALSE,FALSE,FALSE,FALSE,528,535,543,11303,11291,11287,15051730,10163337,50.0,0.83
1,1,1,FALSE,FALSE,FALSE,FALSE,FALSE,FALSE,528,535,543,11303,11291,11287,15051730,10163337,50.0,0.83
1,1,1,FALSE,FALSE,FALSE,FALSE,FALSE,FALSE,528,535,543,11303,11291,11287,15051730,10163337,50.0,0.83
1,1,1,FALSE,FALSE,FALSE,FALSE,FALSE,FALSE,528,535,543,11303,11291,11287,15051730,10163337,50.0,0.83
1,1,1,FALSE,FALSE,FALSE,FALSE,FALSE,FALSE,528,535,543,11303,11291,11287,15051730,10163337,50.0,0.83
1,1,1,FALSE,FALSE,FALSE,FALSE,FALSE,FALSE,528,535,543,11303,11291,11287,15051730,10163337,50.0,0.83
1,1,1,FALSE,FALSE,FALSE,FALSE,FALSE,FALSE,528,535,543,11303,11291,11287,15051730,10163337,50.0,0.83
1,1,1,FALSE,FALSE,FALSE,FALSE,FALSE,FALSE,528,535,543,11303,11291,11287,15051730,10163337,50.0,0.83
1,1,1,FALSE,FALSE,FALSE,FALSE,FALSE,FALSE,528,535,543,11303,11291,11287,15051730,10163337,50.0,0.83
1,1,1,FALSE,FALSE,FALSE,FALSE,FALSE,FALSE,528,535,543,11303,11291,11287,15051730,10163337,50.0,0.83
1,1,1,FALSE,FALSE,FALSE,FALSE,FALSE,FALSE,528,535,543,11303,11291,11287,15051730,10163337,50.0,0.83
1,1,1,FALSE,FALSE,FALSE,FALSE,FALSE,FALSE,528,535,543,11303,11291,11287,15051730,10163337,50.0,0.83
1,1,1,FALSE,FALSE,FALSE,FALSE,FALSE,FALSE,528,535,543,11303,11291,11287,15051730,10163337,50.0,0.83
1,1,1,FALSE,FALSE,FALSE,FALSE,FALSE,FALSE,528,535,543,11303,11291,11287,15051730,10163337,50.0,0.83
1,1,1,FALSE,FALSE,FALSE,FALSE,FALSE,FALSE,528,535,543,11303,11291,11287,15051730,10163337,50.0,0.83
1,1,1,FALSE,FALSE,FALSE,FALSE,FALSE,FALSE,528,535,543,11303,11291,11287,15051730,10163337,50.0,0.83
1,1,1,FALSE,FALSE,FALSE,FALSE,FALSE,FALSE,528,535,543,11303,11291,11287,15051730,10163337,50.0,0.83
1,1,1,FALSE,FALSE,FALSE,FALSE,FALSE,FALSE,528,535,543,11303,11291,11287,15051730,10163337,50.0,0.83
1,1,1,FALSE,FALSE,FALSE,FALSE,FALSE,FALSE,528,535,543,11303,11291,11287,15051730,10163337,50.0,0.83
1,1,1,FALSE,FALSE,FALSE,FALSE,FALSE,FALSE,528,535,543,11303,11291,11287,15051730,10163337,50.0,0.83
1,1,1,FALSE,FALSE,FALSE,FALSE,FALSE,FALSE,528,535,543,11303,11291,11287,15051730,10163337,50.0,0.83
1,1,1,FALSE,FALSE,FALSE,FALSE,FALSE,FALSE,528,535,543,11303,11291,11287,15051730,10163337,50.0,0.83
1,1,1,FALSE,FALSE,FALSE,FALSE,FALSE,FALSE,528,535,543,11303,11291,11287,15051730,10163337,50.0,0.83
1,1,1,FALSE,FALSE,FALSE,FALSE,FALSE,FALSE,528,535,543,11303,11291,11287,15051730,10163337,50.0,0.83
1,1,1,FALSE,FALSE,FALSE,FALSE,FALSE,FALSE,528,535,543,11303,11291,11287,15051730,10163337,50.0,0.83
1,1,1,FALSE,FALSE,FALSE,FALSE,FALSE,FALSE,528,535,543,11303,11291,11287,15051730,10163337,50.0,0.83
1,1,1,FALSE,FALSE,FALSE,FALSE,FALSE,FALSE,528,535,543,11303,11291,11287,15051730,10163337,50.0,0.83
1,1,1,FALSE,FALSE,FALSE,FALSE,FALSE,FALSE,528,535,543,11303,11291,11287,15051730,10163337,50.0,0.83
1,1,1,FALSE,FALSE,FALSE,FALSE,FALSE,FALSE,528,535,543,11303,11291,11287,15051730,10163337,50.0,0.83
1,1,1,FALSE,FALSE,FALSE,FALSE,FALSE,FALSE,528,535,543,11303,11291,11287,15051730,10163337,50.0,0.83
1,1,1,FALSE,FALSE,FALSE,FALSE,FALSE,FALSE,528,535,543,11303,11291,11287,15051730,10163337,50.0,0.83
1,1,1,FALSE,FALSE,FALSE,FALSE,FALSE,FALSE,528,535,543,11303,11291,11287,15051730,10163337,50.0,0.83
1,1,1,FALSE,FALSE,FALSE,FALSE,FALSE,FALSE,528,535,543,11303,11291,11287,15051730,10163337,50.0,0.83
1,1,1,FALSE,FALSE,FALSE,FALSE,FALSE,FALSE,528,535,543,11303,11291,11287,15051730,10163337,50.0,0.83
1,1,1,FALSE,FALSE,FALSE,FALSE,FALSE,FALSE,528,535,543,11303,11291,11287,15051730,10163337,50.0,0.83
1,1,1,FALSE,FALSE,FALSE,FALSE,FALSE,FALSE,528,535,543,11303,11291,11287,15051730,10163337,50.0,0.83
1,1,1,FALSE,FALSE,FALSE,FALSE,FALSE,FALSE,528,535,543,11303,11291,11287,15051730,10163337,50.0,0.83
1,1,1,FALSE,FALSE,FALSE,FALSE,FALSE,FALSE,528,535,543,11303,11291,11287,15051730,10163337,50.0,0.83
1,1,1,FALSE,FALSE,FALSE,FALSE,FALSE,FALSE,528,535,543,11303,11291,11287,15051730,10163337,50.0,0.83
1,1,1,FALSE,FALSE,FALSE,FALSE,FALSE,FALSE,528,535,543,11303,11291,11287,15051730,10163337,50.0,0.83
1,1,1,FALSE,FALSE,FALSE,FALSE,FALSE,FALSE,528,535,543,11303,11291,11287,15051730,10163337,50.0,0.83
1,1,1,FALSE,FALSE,FALSE,FALSE,FALSE,FALSE,528,535,543,11303,11291,11287,15051730,10163337,50.0,0.83
1,1,1,FALSE,FALSE,FALSE,FALSE,FALSE,FALSE,528,535,543,11303,11291,11287,15051730,10163337,50.0,0.83
1,1,1,FALSE,FALSE,FALSE,FALSE,FALSE,FALSE,528,535,543,11303,11291,11287,15051730,10163337,50.0,0.83
1,1,1,FALSE,FALSE,FALSE,FALSE,FALSE,FALSE,528,535,543,11303,11291,11287,15051730,10163337,50.0,0.83
1,1,1,FALSE,FALSE,FALSE,FALSE,FALSE,FALSE,528,535,543,11302,11290,11286,15051740,10163366,50.0,0.83
1,1,1,FALSE,FALSE,FALSE,FALSE,FALSE,FALSE,528,535,543,11302,11290,11286,15051740,10163366,50.0,0.83
1,1,1,FALSE,FALSE,FALSE,FALSE,FALSE,FALSE,528,535,543,11302,11290,11286,15051740,10163366,50.0,0.83
1,1,1,FALSE,TRUE,FALSE,FALSE,FALSE,FALSE,528,535,543,11302,11290,11286,15051740,10163366,50.0,0.83
0,1,1,FALSE,TRUE,FALSE,FALSE,FALSE,FALSE,528,535,543,11302,11290,11286,15051740,10163366,50.0,0.83
0,1,1,FALSE,TRUE,FALSE,FALSE,FALSE,FALSE,0,0,0,11343,11334,11331,0,0,50.0,0.83
0,1,1,FALSE,TRUE,FALSE,FALSE,FALSE,FALSE,0,0,0,11343,11334,11331,0,0,50.0,0.83
0,1,1,FALSE,FALSE,FALSE,FALSE,FALSE,FALSE,0,0,0,11343,11334,11331,0,0,50.0,0.83
1,1,1,FALSE,FALSE,FALSE,FALSE,FALSE,FALSE,528,535,543,11302,11290,11286,15051740,10163366,50.0,0.83
1,1,1,FALSE,FALSE,FALSE,FALSE,FALSE,FALSE,528,535,543,11302,11290,11286,15051740,10163366,50.0,0.83
1,1,1,FALSE,FALSE,FALSE,FALSE,FALSE,FALSE,528,535,543,11302,11290,11286,15051740,10163366,50.0,0.83
1,1,1,FALSE,FALSE,FALSE,FALSE,FALSE,FALSE,528,535,543,11302,11290,11286,15051740,10163366,50.0,0.83
1,1,1,FALSE,FALSE,FALSE,FALSE,FALSE,FALSE,528,535,543,11302,11290,11286,15051740,10163366,50.0,0.83
1,1,1,FALSE,FALSE,FALSE,FALSE,FALSE,FALSE,528,535,543,11302,11290,11286,15051740,10163366,50.0,0.83
1,1,1,FALSE,FALSE,FALSE,FALSE,FALSE,FALSE,526,533,541,11343,11334,11331,15051340,10162097,50.0,0.83
1,1,1,FALSE,FALSE,FALSE,FALSE,FALSE,FALSE,526,533,541,11343,11334,11331,15051340,10162097,50.0,0.83
1,1,1,FALSE,FALSE,FALSE,FALSE,FALSE,FALSE,526,533,541,11343,11334,11331,15051340,10162097,50.0,0.83
1,1,1,FALSE,FALSE,FALSE,FALSE,FALSE,FALSE,528,535,543,11302,11290,11286,15051740,10163366,50.0,0.83
1,1,1,FALSE,FALSE,FALSE,FALSE,FALSE,FALSE,528,535,543,11302,11290,11286,15051740,10163366,50.0,0.83
1,1,1,FALSE,FALSE,FALSE,FALSE,FALSE,FALSE,528,535,543,11302,11290,11286,15051740,10163366,50.0,0.83
1,1,1,FALSE,FALSE,FALSE,FALSE,FALSE,FALSE,528,535,543,11302,11290,11286,15051740,10163366,50.0,0.83
1,1,1,FALSE,FALSE,FALSE,FALSE,FALSE,FALSE,528,535,543,11302,11290,11286,15051740,10163366,50.0,0.83
1,1,1,FALSE,FALSE,FALSE,FALSE,FALSE,FALSE,528,535,543,11302,11290,11286,15051740,10163366,50.0,0.83
1,1,1,FALSE,FALSE,FALSE,FALSE,FALSE,FALSE,528,535,543,11302,11290,11286,15051740,10163366,50.0,0.83
1,1,1,FALSE,FALSE,FALSE,FALSE,FALSE,FALSE,528,535,543,11302,11290,11286,15051740,10163366,50.0,0.83
1,1,1,FALSE,FALSE,FALSE,FALSE,FALSE,FALSE,528,535,543,11302,11290,11286,15051740,10163366,50.0,0.83
1,1,1,FALSE,FALSE,FALSE,FALSE,FALSE,FALSE,528,535,543,11302,11290,11286,15051740,10163366,50.0,0.83
1,1,1,FALSE,FALSE,FALSE,FALSE,FALSE,FALSE,528,535,543,11303,11291,11287,15051730,10163337,50.0,0.83
1,1,1,FALSE,FALSE,FALSE,FALSE,FALSE,FALSE,528,535,543,11303,11291,11287,15051730,10163337,50.0,0.83
1,1,1,FALSE,FALSE,FALSE,FALSE,FALSE,FALSE,528,535,543,11303,11291,11287,15051730,10163337,50.0,0.83
1,1,1,FALSE,FALSE,FALSE,FALSE,FALSE,FALSE,528,535,543,11303,11291,11287,15051730,10163337,50.0,0.83
1,1,1,FALSE,FALSE,FALSE,FALSE,FALSE,FALSE,528,535,543,11303,11291,11287,15051730,10163337,50.0,0.83
1,1,1,FALSE,FALSE,FALSE,FALSE,FALSE,FALSE,528,535,543,11303,11291,11287,15051730,10163337,50.0,0.83
1,1,1,FALSE,FALSE,FALSE,FALSE,FALSE,FALSE,528,535,543,11303,11291,11287,15051730,10163337,50.0,0.83
1,1,1,FALSE,FALSE,FALSE,FALSE,FALSE,FALSE,528,535,543,11303,11291,11287,15051730,10163337,50.0,0.83
1,1,1,FALSE,FALSE,FALSE,FALSE,FALSE,FALSE,528,535,543,11303,11291,11287,15051730,10163337,50.0,0.83
1,1,1,FALSE,FALSE,FALSE,FALSE,FALSE,FALSE,528,535,543,11303,11291,11287,15051730,10163337,50.0,0.83
1,1,1,FALSE,FALSE,FALSE,FALSE,FALSE,FALSE,528,535,543,11303,11291,11287,15051730,10163337,50.0,0.83
1,1,1,FALSE,FALSE,FALSE,FALSE,FALSE,FALSE,528,535,543,11303,11291,11287,15051730,10163337,50.0,0.83
1,1,1,FALSE,FALSE,FALSE,FALSE,FALSE,FALSE,528,535,543,11303,11291,11287,15051730,10163337,50.0,0.83
1,1,1,FALSE,FALSE,FALSE,FALSE,FALSE,FALSE,528,535,543,11303,11291,11287,15051730,10163337,50.0,0.83
1,1,1,FALSE,FALSE,FALSE,FALSE,FALSE,FALSE,528,535,543,11303,11291,11287,15051730,10163337,50.0,0.83
1,1,1,FALSE,FALSE,FALSE,FALSE,FALSE,FALSE,528,535,543,11303,11291,11287,15051730,10163337,50.0,0.83
1,1,1,FALSE,FALSE,FALSE,FALSE,FALSE,FALSE,528,535,543,11303,11291,11287,15051730,10163337,50.0,0.83
1,1,1,FALSE,FALSE,FALSE,FALSE,FALSE,FALSE,528,535,543,11303,11291,11287,15051730,10163337,50.0,0.83
1,1,1,FALSE,FALSE,FALSE,FALSE,FALSE,FALSE,528,535,543,11303,11291,11287,15051730,10163337,50.0,0.83
1,1,1,FALSE,FALSE,FALSE,FALSE,FALSE,FALSE,528,535,543,11303,11291,11287,15051730,10163337,50.0,0.83
1,1,1,FALSE,FALSE,FALSE,FALSE,FALSE,FALSE,528,535,543,11303,11291,11287,15051730,10163337,50.0,0.83
1,1,1,FALSE,FALSE,FALSE,FALSE,FALSE,FALSE,528,535,543,11303,11291,11287,15051730,10163337,50.0,0.83
1,1,1,FALSE,FALSE,FALSE,FALSE,FALSE,FALSE,528,535,543,11303,11291,11287,15051730,10163337,50.0,0.83
1,1,1,FALSE,FALSE,FALSE,FALSE,FALSE,FALSE,528,535,543,11303,11291,11287,15051730,10163337,50.0,0.83
1,1,1,FALSE,FALSE,FALSE,FALSE,FALSE,FALSE,528,535,543,11303,11291,11287,15051730,10163337,50.0,0.83
1,1,1,FALSE,FALSE,FALSE,FALSE,FALSE,FALSE,528,535,543,11303,11291,11287,15051730,10163337,50.0,0.83
1,1,1,FALSE,FALSE,FALSE,FALSE,FALSE,FALSE,528,535,543,11303,11291,11287,15051730,10163337,50.0,0.83
1,1,1,FALSE,FALSE,FALSE,FALSE,FALSE,FALSE,528,535,543,11303,11291,11287,15051730,10163337,50.0,0.83
1,1,1,FALSE,FALSE,FALSE,FALSE,FALSE,FALSE,528,535,543,11303,11291,11287,15051730,10163337,50.0,0.83
1,1,1,FALSE,FALSE,FALSE,FALSE,FALSE,FALSE,528,535,543,11303,11291,11287,15051730,10163337,50.0,0.83
1,1,1,FALSE,FALSE,FALSE,FALSE,FALSE,FALSE,528,535,543,11303,11291,11287,15051730,10163337,50.0,0.83
1,1,1,FALSE,FALSE,FALSE,FALSE,FALSE,FALSE,528,535,543,11303,11291,11287,15051730,10163337,50.0,0.83
1,1,1,FALSE,FALSE,FALSE,FALSE,FALSE,FALSE,528,535,543,11303,11291,11287,15051730,10163337,50.0,0.83
1,1,1,FALSE,FALSE,FALSE,FALSE,FALSE,FALSE,528,535,543,11303,11291,11287,15051730,10163337,50.0,0.83
1,1,1,FALSE,FALSE,FALSE,FALSE,FALSE,FALSE,528,535,543,11303,11291,11287,15051730,10163337,50.0,0.83
1,1,1,FALSE,FALSE,FALSE,FALSE,FALSE,FALSE,528,535,543,11303,11291,11287,15051730,10163337,50.0,0.83
1,1,1,FALSE,FALSE,FALSE,FALSE,FALSE,FALSE,528,535,543,11303,11291,11287,15051730,10163337,50.0,0.83
1,1,1,FALSE,FALSE,FALSE,FALSE,FALSE,FALSE,528,535,543,11303,11291,11287,15051730,10163337,50.0,0.83
1,1,1,FALSE,FALSE,FALSE,FALSE,FALSE,FALSE,528,535,543,11302,11290,11286,15051740,10163366,50.0,0.83
1,1,1,FALSE,FALSE,FALSE,FALSE,FALSE,FALSE,528,535,543,11302,11290,11286,15051740,10163366,50.0,0.83
1,1,1,FALSE,FALSE,FALSE,FALSE,FALSE,FALSE,528,535,543,11302,11290,11286,15051740,10163366,50.0,0.83
1,1,1,FALSE,FALSE,FALSE,FALSE,FALSE,FALSE,528,535,543,11302,11290,11286,15051740,10163366,50.0,0.83
1,1,1,FALSE,FALSE,FALSE,FALSE,FALSE,FALSE,526,533,541,11344,11335,11332,15051331,10162068,50.0,0.83
1,1,1,FALSE,FALSE,FALSE,FALSE,FALSE,FALSE,526,533,541,11344,11335,11332,15051331,10162068,50.0,0.83
1,1,1,FALSE,FALSE,FALSE,FALSE,FALSE,FALSE,526,533,541,11344,11335,11332,15051331,10162068,50.0,0.83
1,1,1,FALSE,FALSE,FALSE,FALSE,FALSE,FALSE,528,535,543,11302,11290,11286,15051740,10163366,50.0,0.83
1,1,1,FALSE,FALSE,FALSE,FALSE,FALSE,FALSE,528,535,543,11302,11290,11286,15051740,10163366,50.0,0.83
1,1,1,FALSE,FALSE,FALSE,FALSE,FALSE,FALSE,528,535,543,11302,11290,11286,15051740,10163366,50.0,0.83
1,1,1,FALSE,FALSE,FALSE,FALSE,FALSE,FALSE,528,535,543,11302,11290,11286,15051740,10163366,50.0,0.83
1,1,1,FALSE,FALSE,FALSE,FALSE,FALSE,FALSE,528,535,543,11302,11290,11286,15051740,10163366,50.0,0.83
1,1,1,FALSE,FALSE,FALSE,FALSE,FALSE,FALSE,528,535,543,11302,11290,11286,15051740,10163366,50.0,0.83
1,1,1,FALSE,FALSE,FALSE,FALSE,FALSE,FALSE,526,533,541,11343,11334,11331,15051340,10162097,50.0,0.83
1,1,1,FALSE,FALSE,FALSE,FALSE,FALSE,FALSE,526,533,541,11343,11334,11331,15051340,10162097,50.0,0.83
1,1,1,FALSE,FALSE,FALSE,FALSE,FALSE,FALSE,526,533,541,11343,11334,11331,15051340,10162097,50.0,0.83
1,1,1,FALSE,FALSE,FALSE,FALSE,FALSE,FALSE,528,535,543,11302,11290,11286,15051740,10163366,50.0,0.83
1,1,1,FALSE,FALSE,FALSE,FALSE,FALSE,FALSE,528,535,543,11302,11290,11286,15051740,10163366,50.0,0.83
1,1,1,FALSE,FALSE,FALSE,FALSE,FALSE,FALSE,528,535,543,11302,11290,11286,15051740,10163366,50.0,0.83
1,1,1,FALSE,FALSE,FALSE,FALSE,FALSE,FALSE,528,535,543,11302,11290,11286,15051740,10163366,50.0,0.83
1,1,1,FALSE,FALSE,FALSE,FALSE,FALSE,FALSE,528,535,543,11302,11290,11286,15051740,10163366,50.0,0.83
1,1,1,FALSE,FALSE,FALSE,FALSE,FALSE,FALSE,528,535,543,11302,11290,11286,15051740,10163366,50.0,0.83
1,1,1,FALSE,FALSE,FALSE,FALSE,FALSE,FALSE,528,535,543,11302,11290,11286,15051740,10163366,50.0,0.83
1,1,1,FALSE,FALSE,FALSE,FALSE,FALSE,FALSE,528,535,543,11302,11290,11286,15051740,10163366,50.0,0.83
1,1,1,FALSE,FALSE,FALSE,FALSE,FALSE,FALSE,528,535,543,11302,11290,11286,15051740,10163366,50.0,0.83
1,1,1,FALSE,FALSE,FALSE,FALSE,FALSE,FALSE,528,535,543,11303,11291,11287,15051730,10163337,50.0,0.83
1,1,1,FALSE,FALSE,FALSE,FALSE,FALSE,FALSE,528,535,543,11303,11291,11287,15051730,10163337,50.0,0.83
1,1,1,FALSE,FALSE,FALSE,FALSE,FALSE,FALSE,528,535,543,11303,11291,11287,15051730,10163337,50.0,0.83
1,1,1,FALSE,FALSE,FALSE,FALSE,FALSE,FALSE,528,535,543,11303,11291,11287,15051730,10163337,50.0,0.83
1,1,1,FALSE,FALSE,FALSE,FALSE,FALSE,FALSE,528,535,543,11303,11291,11287,15051730,10163337,50.0,0.83
1,1,1,FALSE,FALSE,FALSE,FALSE,FALSE,FALSE,528,535,543,11303,11291,11287,15051730,10163337,50.0,0.83
1,1,1,FALSE,FALSE,FALSE,FALSE,FALSE,FALSE,528,535,544,11299,11287,11283,15051768,10163457,50.0,0.83
1,1,1,FALSE,FALSE,FALSE,FALSE,FALSE,FALSE,528,535,544,11299,11287,11283,15051768,10163457,50.0,0.83
1,1,1,FALSE,FALSE,FALSE,FALSE,FALSE,FALSE,528,535,544,11299,11287,11283,15051768,10163457,50.0,0.83
1,1,1,FALSE,FALSE,FALSE,FALSE,FALSE,FALSE,528,535,544,11299,11287,11283,15051768,10163457,50.0,0.83
1,1,1,FALSE,FALSE,FALSE,FALSE,FALSE,FALSE,528,535,544,11299,11287,11283,15051768,10163457,50.0,0.83
1,1,1,FALSE,FALSE,FALSE,FALSE,FALSE,FALSE,528,535,544,11299,11287,11283,15051768,10163457,50.0,0.83
1,1,1,FALSE,FALSE,FALSE,FALSE,FALSE,FALSE,528,535,544,11299,11287,11283,15051768,10163457,50.0,0.83
1,1,1,FALSE,FALSE,FALSE,FALSE,FALSE,FALSE,528,535,544,11299,11287,11283,15051768,10163457,50.0,0.83
1,1,1,FALSE,FALSE,FALSE,FALSE,FALSE,FALSE,528,535,544,11299,11287,11283,15051768,10163457,50.0,0.83
1,1,1,FALSE,FALSE,FALSE,FALSE,FALSE,FALSE,528,535,544,11299,11287,11283,15051768,10163457,50.0,0.83
1,1,1,FALSE,FALSE,FALSE,FALSE,FALSE,FALSE,528,535,544,11299,11287,11283,15051768,10163457,50.0,0.83
1,1,1,FALSE,FALSE,FALSE,FALSE,FALSE,FALSE,528,535,544,11299,11287,11283,15051768,10163457,50.0,0.83
1,1,1,FALSE,FALSE,FALSE,FALSE,FALSE,FALSE,528,535,544,11299,11287,11283,15051768,10163457,50.0,0.83
1,1,1,FALSE,FALSE,FALSE,FALSE,FALSE,FALSE,528,535,544,11299,11287,11283,15051768,10163457,50.0,0.83
1,1,1,FALSE,FALSE,FALSE,FALSE,FALSE,FALSE,528,535,544,11299,11287,11283,15051768,10163457,50.0,0.83
1,1,1,FALSE,FALSE,FALSE,FALSE,FALSE,FALSE,528,535,544,11299,11287,11283,15051768,10163457,50.0,0.83
1,1,1,FALSE,FALSE,FALSE,FALSE,FALSE,FALSE,528,535,544,11299,11287,11283,15051768,10163457,50.0,0.83
1,1,1,FALSE,FALSE,FALSE,FALSE,FALSE,FALSE,528,535,544,11299,11287,11283,15051768,10163457,50.0,0.83
1,1,1,FALSE,FALSE,FALSE,FALSE,FALSE,FALSE,528,535,544,11299,11287,11283,15051768,10163457,50.0,0.83
1,1,1,FALSE,FALSE,FALSE,FALSE,FALSE,FALSE,528,535,544,11299,11287,11283,15051768,10163457,50.0,0.83
1,1,1,FALSE,FALSE,FALSE,FALSE,FALSE,FALSE,528,535,544,11299,11287,11283,15051768,10163457,50.0,0.83
1,1,1,FALSE,FALSE,FALSE,FALSE,FALSE,FALSE,528,535,544,11299,11287,11283,15051768,10163457,50.0,0.83
1,1,1,FALSE,FALSE,FALSE,FALSE,FALSE,FALSE,528,535,544,11299,11287,11283,15051768,10163457,50.0,0.83
1,1,1,FALSE,FALSE,FALSE,FALSE,FALSE,FALSE,528,535,544,11299,11287,11283,15051768,10163457,50.0,0.83
1,1,1,FALSE,FALSE,FALSE,FALSE,FALSE,FALSE,528,535,544,11299,11287,11283,15051768,10163457,50.0,0.83
1,1,1,FALSE,FALSE,FALSE,FALSE,FALSE,FALSE,528,535,544,11299,11287,11283,15051768,10163457,50.0,0.83
1,1,1,FALSE,FALSE,FALSE,FALSE,FALSE,FALSE,528,535,544,11299,11287,11283,15051768,10163457,50.0,0.83
1,1,1,FALSE,FALSE,FALSE,FALSE,FALSE,FALSE,528,535,544,11299,11287,11283,15051768,10163457,50.0,0.83
1,1,1,FALSE,FALSE,FALSE,FALSE,FALSE,FALSE,528,535,544,11299,11287,11283,15051768,10163457,50.0,0.83
1,1,1,FALSE,FALSE,FALSE,FALSE,FALSE,FALSE,528,535,544,11299,11287,11283,15051768,10163457,50.0,0.83
1,1,1,FALSE,FALSE,FALSE,FALSE,FALSE,FALSE,528,535,544,11299,11287,11283,15051768,10163457,50.0,0.83
1,1,1,FALSE,FALSE,FALSE,FALSE,FALSE,FALSE,528,535,544,11299,11287,11283,15051768,10163457,50.0,0.83
1,1,1,FALSE,FALSE,FALSE,FALSE,FALSE,FALSE,528,535,544,11299,11287,11283,15051768,10163457,50.0,0.83
1,1,1,FALSE,FALSE,FALSE,FALSE,FALSE,FALSE,528,535,544,11299,11287,11283,15051768,10163457,50.0,0.83
1,1,1,FALSE,FALSE,FALSE,FALSE,FALSE,FALSE,528,535,544,11299,11287,11283,15051768,10163457,50.0,0.83
1,1,1,FALSE,FALSE,FALSE,FALSE,FALSE,FALSE,528,535,544,11299,11287,11283,15051768,10163457,50.0,0.83
1,1,1,FALSE,FALSE,FALSE,FALSE,FALSE,FALSE,528,535,544,11299,11287,11283,15051768,10163457,50.0,0.83
1,1,1,FALSE,FALSE,FALSE,FALSE,FALSE,FALSE,528,535,544,11299,11287,11283,15051768,10163457,50.0,0.83
1,1,1,FALSE,FALSE,FALSE,FALSE,FALSE,FALSE,528,535,544,11299,11287,11283,15051768,10163457,50.0,0.83
1,1,1,FALSE,FALSE,FALSE,FALSE,FALSE,FALSE,528,535,544,11299,11287,11283,15051768,10163457,50.0,0.83
1,1,1,FALSE,FALSE,FALSE,FALSE,FALSE,FALSE,528,535,544,11299,11287,11283,15051768,10163457,50.0,0.83
1,1,1,FALSE,FALSE,FALSE,FALSE,FALSE,FALSE,528,535,544,11299,11287,11283,15051768,10163457,50.0,0.83
1,1,1,FALSE,FALSE,FALSE,FALSE,FALSE,FALSE,528,535,544,11299,11287,11283,15051768,10163457,50.0,0.83
1,1,1,FALSE,FALSE,FALSE,FALSE,FALSE,FALSE,528,535,544,11299,11287,11283,15051768,10163457,50.0,0.83
1,1,1,FALSE,FALSE,FALSE,FALSE,FALSE,FALSE,528,535,544,11299,11287,11283,15051768,10163457,50.0,0.83
1,1,1,FALSE,FALSE,FALSE,FALSE,FALSE,FALSE,528,535,544,11299,11287,11283,15051768,10163457,50.0,0.83
1,1,1,FALSE,FALSE,FALSE,FALSE,FALSE,FALSE,528,535,544,11299,11287,11283,15051768,10163457,50.0,0.83
1,1,1,FALSE,FALSE,FALSE,FALSE,FALSE,FALSE,528,535,544,11299,11287,11283,15051768,10163457,50.0,0.83
1,1,1,FALSE,FALSE,FALSE,FALSE,FALSE,FALSE,528,535,544,11299,11287,11283,15051768,10163457,50.0,0.83
1,1,1,FALSE,FALSE,FALSE,FALSE,FALSE,FALSE,528,535,544,11299,11287,11283,15051768,10163457,50.0,0.83
1,1,1,FALSE,FALSE,FALSE,FALSE,FALSE,FALSE,528,535,544,11299,11287,11283,15051768,10163457,50.0,0.83
1,1,1,FALSE,FALSE,FALSE,FALSE,FALSE,FALSE,528,535,544,11299,11287,11283,15051768,10163457,50.0,0.83
1,1,1,FALSE,FALSE,FALSE,FALSE,FALSE,FALSE,528,535,544,11299,11287,11283,15051768,10163457,50.0,0.83
1,1,1,FALSE,FALSE,FALSE,FALSE,FALSE,FALSE,528,535,544,11299,11287,11283,15051768,10163457,50.0,0.83
1,1,1,FALSE,FALSE,FALSE,FALSE,FALSE,FALSE,528,535,544,11299,11287,11283,15051768,10163457,50.0,0.83
1,1,1,FALSE,FALSE,FALSE,FALSE,FALSE,FALSE,528,535,544,11299,11287,11283,15051768,10163457,50.0,0.83
1,1,1,FALSE,FALSE,FALSE,FALSE,FALSE,FALSE,528,535,544,11299,11287,11283,15051768,10163457,50.0,0.83
1,1,1,FALSE,FALSE,FALSE,FALSE,FALSE,FALSE,528,535,544,11299,11287,11283,15051768,10163457,50.0,0.83
1,1,1,FALSE,FALSE,FALSE,FALSE,FALSE,FALSE,528,535,544,11299,11287,11283,15051768,10163457,50.0,0.83
1,1,1,FALSE,FALSE,FALSE,FALSE,FALSE,FALSE,528,535,544,11299,11287,11283,15051768,10163457,50.0,0.83
1,1,1,FALSE,FALSE,FALSE,FALSE,FALSE,FALSE,528,535,544,11299,11287,11283,15051768,10163457,50.0,0.83
1,1,1,FALSE,FALSE,FALSE,FALSE,FALSE,FALSE,528,535,544,11299,11287,11283,15051768,10163457,50.0,0.83
1,1,1,FALSE,FALSE,FALSE,FALSE,FALSE,FALSE,528,535,544,11299,11287,11283,15051768,10163457,50.0,0.83
1,1,1,FALSE,FALSE,FALSE,FALSE,FALSE,FALSE,528,535,544,11299,11287,11283,15051768,10163457,50.0,0.83
1,1,1,FALSE,FALSE,FALSE,FALSE,FALSE,FALSE,528,535,544,11299,11287,11283,15051768,10163457,50.0,0.83
1,1,1,FALSE,FALSE,FALSE,FALSE,FALSE,FALSE,528,535,544,11299,11287,11283,15051768,10163457,50.0,0.83
1,1,1,FALSE,FALSE,FALSE,FALSE,FALSE,FALSE,528,535,544,11299,11287,11283,15051768,10163457,50.0,0.83
1,1,1,FALSE,FALSE,FALSE,FALSE,FALSE,FALSE,528,535,544,11299,11287,11283,15051768,10163457,50.0,0.83
1,1,1,FALSE,FALSE,FALSE,FALSE,FALSE,FALSE,528,535,544,11299,11287,11283,15051768,10163457,50.0,0.83
1,1,1,FALSE,FALSE,FALSE,FALSE,FALSE,FALSE,528,535,544,11299,11287,11283,15051768,10163457,50.0,0.83
1,1,1,FALSE,FALSE,FALSE,FALSE,FALSE,FALSE,528,535,544,11299,11287,11283,15051768,10163457,50.0,0.83
1,1,1,FALSE,FALSE,FALSE,FALSE,FALSE,FALSE,528,535,544,11299,11287,11283,15051768,10163457,50.0,0.83
1,1,1,FALSE,FALSE,FALSE,FALSE,FALSE,FALSE,528,535,544,11299,11287,11283,15051768,10163457,50.0,0.83
1,1,1,FALSE,FALSE,FALSE,FALSE,FALSE,FALSE,528,535,544,11299,11287,11283,15051768,10163457,50.0,0.83
1,1,1,FALSE,FALSE,FALSE,FALSE,FALSE,FALSE,528,535,544,11299,11287,11283,15051768,10163457,50.0,0.83
1,1,1,FALSE,FALSE,FALSE,FALSE,FALSE,FALSE,528,535,544,11299,11287,11283,15051768,10163457,50.0,0.83
1,1,1,FALSE,FALSE,FALSE,FALSE,FALSE,FALSE,528,535,544,11299,11287,11283,15051768,10163457,50.0,0.83
1,1,1,FALSE,FALSE,FALSE,FALSE,FALSE,FALSE,528,535,544,11299,11287,11283,15051768,10163457,50.0,0.83
1,1,1,FALSE,FALSE,FALSE,FALSE,FALSE,FALSE,528,535,544,11299,11287,11283,15051768,10163457,50.0,0.83
1,1,1,FALSE,FALSE,FALSE,FALSE,FALSE,FALSE,528,535,544,11299,11287,11283,15051768,10163457,50.0,0.83
1,1,1,FALSE,FALSE,FALSE,FALSE,FALSE,FALSE,528,535,544,11299,11287,11283,15051768,10163457,50.0,0.83
1,1,1,FALSE,FALSE,FALSE,FALSE,FALSE,FALSE,528,535,544,11299,11287,11283,15051768,10163457,50.0,0.83
1,1,1,FALSE,FALSE,FALSE,FALSE,FALSE,FALSE,528,535,544,11299,11287,11283,15051768,10163457,50.0,0.83
1,1,1,FALSE,FALSE,FALSE,FALSE,FALSE,FALSE,528,535,544,11299,11287,11283,15051768,10163457,50.0,0.83
1,1,1,FALSE,FALSE,FALSE,FALSE,FALSE,FALSE,528,535,544,11299,11287,11283,15051768,10163457,50.0,0.83
1,1,1,FALSE,FALSE,FALSE,FALSE,FALSE,FALSE,528,535,544,11299,11287,11283,15051768,10163457,50.0,0.83
1,1,1,FALSE,FALSE,FALSE,FALSE,FALSE,FALSE,528,535,544,11299,11287,11283,15051768,10163457,50.0,0.83
1,1,1,FALSE,FALSE,FALSE,FALSE,FALSE,FALSE,528,535,544,11299,11287,11283,15051768,10163457,50.0,0.83
1,1,1,FALSE,FALSE,FALSE,FALSE,FALSE,FALSE,528,535,544,11299,11287,11283,15051768,10163457,50.0,0.83
1,1,1,FALSE,FALSE,FALSE,FALSE,FALSE,FALSE,528,535,544,11299,11287,11283,15051768,10163457,50.0,0.83
1,1,1,FALSE,FALSE,FALSE,FALSE,FALSE,FALSE,528,535,544,11299,11287,11283,15051768,10163457,50.0,0.83
1,1,1,FALSE,FALSE,FALSE,FALSE,FALSE,FALSE,528,535,544,11299,11287,11283,15051768,10163457,50.0,0.83
1,1,1,FALSE,FALSE,FALSE,FALSE,FALSE,FALSE,528,535,544,11299,11287,11283,15051768,10163457,50.0,0.83
1,1,1,FALSE,FALSE,FALSE,FALSE,FALSE,FALSE,528,535,544,11299,11287,11283,15051768,10163457,50.0,0.83
1,1,1,FALSE,FALSE,FALSE,FALSE,FALSE,FALSE,528,535,544,11299,11287,11283,15051768,10163457,50.0,0.83
1,1,1,FALSE,FALSE,FALSE,FALSE,FALSE,FALSE,528,535,544,11299,11287,11283,15051768,10163457,50.0,0.83
1,1,1,FALSE,FALSE,FALSE,FALSE,FALSE,FALSE,528,535,544,11299,11287,11283,15051768,10163457,50.0,0.83
1,1,1,FALSE,FALSE,FALSE,FALSE,FALSE,FALSE,528,535,544,11299,11287,11283,15051768,10163457,50.0,0.83
1,1,1,FALSE,FALSE,FALSE,FALSE,FALSE,FALSE,528,535,544,11299,11287,11283,15051768,10163457,50.0,0.83
1,1,1,FALSE,FALSE,FALSE,FALSE,FALSE,FALSE,528,535,544,11299,11287,11283,15051768,10163457,50.0,0.83
1,1,1,FALSE,FALSE,FALSE,FALSE,FALSE,FALSE,528,535,544,11299,11287,11283,15051768,10163457,50.0,0.83
1,1,1,FALSE,FALSE,FALSE,FALSE,FALSE,FALSE,528,535,544,11299,11287,11283,15051768,10163457,50.0,0.83
1,1,1,FALSE,FALSE,FALSE,FALSE,FALSE,FALSE,528,535,544,11299,11287,11283,15051768,10163457,50.0,0.83
1,1,1,FALSE,FALSE,FALSE,FALSE,FALSE,FALSE,528,535,544,11299,11287,11283,15051768,10163457,50.0,0.83
1,1,1,FALSE,FALSE,FALSE,FALSE,FALSE,FALSE,528,535,544,11296,11284,11280,15051796,10163545,50.0,0.83
1,1,1,FALSE,FALSE,FALSE,FALSE,FALSE,FALSE,528,535,544,11296,11284,11280,15051796,10163545,50.0,0.83
1,1,1,FALSE,FALSE,FALSE,FALSE,FALSE,FALSE,528,535,544,11296,11284,11280,15051796,10163545,50.0,0.83
1,1,1,FALSE,FALSE,FALSE,FALSE,FALSE,FALSE,528,535,544,11296,11284,11280,15051796,10163545,50.0,0.83
1,1,1,FALSE,FALSE,FALSE,FALSE,FALSE,FALSE,528,535,544,11296,11284,11280,15051796,10163545,50.0,0.83
1,1,1,FALSE,FALSE,FALSE,FALSE,FALSE,FALSE,528,535,544,11296,11284,11280,15051796,10163545,50.0,0.83
1,1,1,FALSE,FALSE,FALSE,FALSE,FALSE,FALSE,528,535,544,11296,11284,11280,15051796,10163545,50.0,0.83
1,1,1,FALSE,FALSE,FALSE,FALSE,FALSE,FALSE,528,535,544,11296,11284,11280,15051796,10163545,50.0,0.83
1,1,1,FALSE,FALSE,FALSE,FALSE,FALSE,FALSE,528,535,544,11296,11284,11280,15051796,10163545,50.0,0.83
1,1,1,FALSE,FALSE,FALSE,FALSE,FALSE,FALSE,528,535,544,11296,11284,11280,15051796,10163545,50.0,0.83
1,1,1,FALSE,FALSE,FALSE,FALSE,FALSE,FALSE,528,535,544,11296,11284,11280,15051796,10163545,50.0,0.83
1,1,1,FALSE,FALSE,FALSE,FALSE,FALSE,FALSE,528,535,544,11296,11284,11280,15051796,10163545,50.0,0.83
1,1,1,FALSE,FALSE,FALSE,FALSE,FALSE,FALSE,528,535,544,11296,11284,11280,15051796,10163545,50.0,0.83
1,1,1,FALSE,FALSE,FALSE,FALSE,FALSE,FALSE,528,535,544,11296,11284,11280,15051796,10163545,50.0,0.83
1,1,1,FALSE,FALSE,FALSE,FALSE,FALSE,FALSE,528,535,544,11296,11284,11280,15051796,10163545,50.0,0.83
1,1,1,FALSE,FALSE,FALSE,FALSE,FALSE,FALSE,528,535,544,11296,11284,11280,15051796,10163545,50.0,0.83
1,1,1,FALSE,FALSE,FALSE,FALSE,FALSE,FALSE,528,535,544,11296,11284,11280,15051796,10163545,50.0,0.83
1,1,1,FALSE,FALSE,FALSE,FALSE,FALSE,FALSE,528,535,544,11296,11284,11280,15051796,10163545,50.0,0.83
1,1,1,FALSE,FALSE,FALSE,FALSE,FALSE,FALSE,528,535,544,11296,11284,11280,15051796,10163545,50.0,0.83
1,1,1,FALSE,FALSE,FALSE,FALSE,FALSE,FALSE,528,535,544,11296,11284,11280,15051796,10163545,50.0,0.83
1,1,1,FALSE,FALSE,FALSE,FALSE,FALSE,FALSE,528,535,544,11296,11284,11280,15051796,10163545,50.0,0.83
1,1,1,FALSE,FALSE,FALSE,FALSE,FALSE,FALSE,528,535,544,11296,11284,11280,15051796,10163545,50.0,0.83
1,1,1,FALSE,FALSE,FALSE,FALSE,FALSE,FALSE,528,535,544,11296,11284,11280,15051796,10163545,50.0,0.83
1,1,1,FALSE,FALSE,FALSE,FALSE,FALSE,FALSE,528,535,544,11296,11284,11280,15051796,10163545,50.0,0.83
1,1,1,FALSE,FALSE,FALSE,FALSE,FALSE,FALSE,528,535,544,11296,11284,11280,15051796,10163545,50.0,0.83
1,1,1,FALSE,FALSE,FALSE,FALSE,FALSE,FALSE,528,535,544,11296,11284,11280,15051796,10163545,50.0,0.83
1,1,1,FALSE,FALSE,FALSE,FALSE,FALSE,FALSE,528,535,544,11296,11284,11280,15051796,10163545,50.0,0.83
1,1,1,FALSE,FALSE,FALSE,FALSE,FALSE,FALSE,528,535,544,11296,11284,11280,15051796,10163545,50.0,0.83
1,1,1,FALSE,FALSE,FALSE,FALSE,FALSE,FALSE,528,535,544,11296,11284,11280,15051796,10163545,50.0,0.83
1,1,1,FALSE,FALSE,FALSE,FALSE,FALSE,FALSE,528,535,544,11296,11284,11280,15051796,10163545,50.0,0.83
1,1,1,FALSE,FALSE,FALSE,FALSE,FALSE,FALSE,528,535,544,11296,11284,11280,15051796,10163545,50.0,0.83
1,1,1,FALSE,FALSE,FALSE,FALSE,FALSE,FALSE,528,535,544,11296,11284,11280,15051796,10163545,50.0,0.83
1,1,1,FALSE,FALSE,FALSE,FALSE,FALSE,FALSE,528,535,544,11296,11284,11280,15051796,10163545,50.0,0.83
1,1,1,FALSE,FALSE,FALSE,FALSE,FALSE,FALSE,528,535,544,11296,11284,11280,15051796,10163545,50.0,0.83
1,1,1,FALSE,FALSE,FALSE,FALSE,FALSE,FALSE,528,535,544,11296,11284,11280,15051796,10163545,50.0,0.83
1,1,1,FALSE,FALSE,FALSE,FALSE,FALSE,FALSE,528,535,544,11296,11284,11280,15051796,10163545,50.0,0.83
1,1,1,FALSE,FALSE,FALSE,FALSE,FALSE,FALSE,528,535,544,11296,11284,11280,15051796,10163545,50.0,0.83
1,1,1,FALSE,FALSE,FALSE,FALSE,FALSE,FALSE,528,535,544,11296,11284,11280,15051796,10163545,50.0,0.83
1,1,1,FALSE,FALSE,FALSE,FALSE,FALSE,FALSE,528,535,544,11296,11284,11280,15051796,10163545,50.0,0.83
1,1,1,FALSE,FALSE,FALSE,FALSE,FALSE,FALSE,528,535,544,11296,11284,11280,15051796,10163545,50.0,0.83
1,1,1,FALSE,FALSE,FALSE,FALSE,FALSE,FALSE,528,535,544,11296,11284,11280,15051796,10163545,50.0,0.83
1,1,1,FALSE,FALSE,FALSE,FALSE,FALSE,FALSE,528,535,544,11296,11284,11280,15051796,10163545,50.0,0.83
1,1,1,FALSE,FALSE,FALSE,FALSE,FALSE,FALSE,528,535,544,11296,11284,11280,15051796,10163545,50.0,0.83
1,1,1,FALSE,FALSE,FALSE,FALSE,FALSE,FALSE,528,535,544,11296,11284,11280,15051796,10163545,50.0,0.83
1,1,1,FALSE,FALSE,FALSE,FALSE,FALSE,FALSE,528,535,544,11296,11284,11280,15051796,10163545,50.0,0.83
1,1,1,FALSE,FALSE,FALSE,FALSE,FALSE,FALSE,528,535,544,11296,11284,11280,15051796,10163545,50.0,0.83
1,1,1,FALSE,FALSE,FALSE,FALSE,FALSE,FALSE,528,535,544,11296,11284,11280,15051796,10163545,50.0,0.83
1,1,1,FALSE,FALSE,FALSE,FALSE,FALSE,FALSE,528,535,544,11296,11284,11280,15051796,10163545,50.0,0.83
1,1,1,FALSE,FALSE,FALSE,FALSE,FALSE,FALSE,528,535,544,11296,11284,11280,15051796,10163545,50.0,0.83
1,1,1,FALSE,FALSE,FALSE,FALSE,FALSE,FALSE,528,535,544,11296,11284,11280,15051796,10163545,50.0,0.83
1,1,1,FALSE,FALSE,FALSE,FALSE,FALSE,FALSE,528,535,544,11296,11284,11280,15051796,10163545,50.0,0.83
1,1,1,FALSE,FALSE,FALSE,FALSE,FALSE,FALSE,528,535,544,11296,11284,11280,15051796,10163545,50.0,0.83
1,1,1,FALSE,FALSE,FALSE,FALSE,FALSE,FALSE,528,535,544,11296,11284,11280,15051796,10163545,50.0,0.83
1,1,1,FALSE,FALSE,FALSE,FALSE,FALSE,FALSE,528,535,544,11296,11284,11280,15051796,10163545,50.0,0.83
1,1,1,FALSE,FALSE,FALSE,FALSE,FALSE,FALSE,528,535,544,11296,11284,11280,15051796,10163545,50.0,0.83
1,1,1,FALSE,FALSE,FALSE,FALSE,FALSE,FALSE,528,535,544,11296,11284,11280,15051796,10163545,50.0,0.83
1,1,1,FALSE,FALSE,FALSE,FALSE,FALSE,FALSE,528,535,544,11296,11284,11280,15051796,10163545,50.0,0.83
1,1,1,FALSE,FALSE,FALSE,FALSE,FALSE,FALSE,528,535,544,11296,11284,11280,15051796,10163545,50.0,0.83
1,1,1,FALSE,FALSE,FALSE,FALSE,FALSE,FALSE,528,535,544,11296,11284,11280,15051796,10163545,50.0,0.83
1,1,1,FALSE,FALSE,FALSE,FALSE,FALSE,FALSE,528,535,544,11296,11284,11280,15051796,10163545,50.0,0.83
1,1,1,FALSE,FALSE,FALSE,FALSE,FALSE,FALSE,528,535,544,11296,11284,11280,15051796,10163545,50.0,0.83
1,1,1,FALSE,FALSE,FALSE,FALSE,FALSE,FALSE,528,535,544,11296,11284,11280,15051796,10163545,50.0,0.83
1,1,1,FALSE,FALSE,FALSE,FALSE,FALSE,FALSE,528,535,544,11296,11284,11280,15051796,10163545,50.0,0.83
1,1,1,FALSE,FALSE,FALSE,FALSE,FALSE,FALSE,528,535,544,11296,11284,11280,15051796,10163545,50.0,0.83
1,1,1,FALSE,FALSE,FALSE,FALSE,FALSE,FALSE,528,535,544,11296,11284,11280,15051796,10163545,50.0,0.83
1,1,1,FALSE,FALSE,FALSE,FALSE,FALSE,FALSE,528,535,544,11296,11284,11280,15051796,10163545,50.0,0.83
1,1,1,FALSE,FALSE,FALSE,FALSE,FALSE,FALSE,528,535,544,11296,11284,11280,15051796,10163545,50.0,0.83
1,1,1,FALSE,FALSE,FALSE,FALSE,FALSE,FALSE,528,535,544,11296,11284,11280,15051796,10163545,50.0,0.83
1,1,1,FALSE,FALSE,FALSE,FALSE,FALSE,FALSE,528,535,544,11296,11284,11280,15051796,10163545,50.0,0.83
1,1,1,FALSE,FALSE,FALSE,FALSE,FALSE,FALSE,528,535,544,11296,11284,11280,15051796,10163545,50.0,0.83
1,1,1,FALSE,FALSE,FALSE,FALSE,FALSE,FALSE,528,535,544,11296,11284,11280,15051796,10163545,50.0,0.83
1,1,1,FALSE,FALSE,FALSE,FALSE,FALSE,FALSE,528,535,544,11296,11284,11280,15051796,10163545,50.0,0.83
1,1,1,FALSE,FALSE,FALSE,FALSE,FALSE,FALSE,528,535,544,11296,11284,11280,15051796,10163545,50.0,0.83
1,1,1,FALSE,FALSE,FALSE,FALSE,FALSE,FALSE,528,535,544,11296,11284,11280,15051796,10163545,50.0,0.83
1,1,1,FALSE,FALSE,FALSE,FALSE,FALSE,FALSE,528,535,544,11296,11284,11280,15051796,10163545,50.0,0.83
1,1,1,FALSE,FALSE,FALSE,FALSE,FALSE,FALSE,528,535,544,11296,11284,11280,15051796,10163545,50.0,0.83
1,1,1,FALSE,FALSE,FALSE,FALSE,FALSE,FALSE,528,535,544,11296,11284,11280,15051796,10163545,50.0,0.83
1,1,1,FALSE,FALSE,FALSE,FALSE,FALSE,FALSE,528,535,544,11296,11284,11280,15051796,10163545,50.0,0.83
1,1,1,FALSE,FALSE,FALSE,FALSE,FALSE,FALSE,528,535,544,11296,11284,11280,15051796,10163545,50.0,0.83
1,1,1,FALSE,FALSE,FALSE,FALSE,FALSE,FALSE,528,535,544,11296,11284,11280,15051796,10163545,50.0,0.83
1,1,1,FALSE,FALSE,FALSE,FALSE,FALSE,FALSE,528,535,544,11296,11284,11280,15051796,10163545,50.0,0.83
1,1,1,FALSE,FALSE,FALSE,FALSE,FALSE,FALSE,528,535,544,11296,11284,11280,15051796,10163545,50.0,0.83
1,1,1,FALSE,FALSE,FALSE,FALSE,FALSE,FALSE,528,535,544,11296,11284,11280,15051796,10163545,50.0,0.83
1,1,1,FALSE,FALSE,FALSE,FALSE,FALSE,FALSE,528,535,544,11296,11284,11280,15051796,10163545,50.0,0.83
1,1,1,FALSE,FALSE,FALSE,FALSE,FALSE,FALSE,528,535,544,11296,11284,11280,15051796,10163545,50.0,0.83
1,1,1,FALSE,FALSE,FALSE,FALSE,FALSE,FALSE,528,535,544,11296,11284,11280,15051796,10163545,50.0,0.83
1,1,1,FALSE,FALSE,FALSE,FALSE,FALSE,FALSE,528,535,544,11296,11284,11280,15051796,10163545,50.0,0.83
1,1,1,FALSE,FALSE,FALSE,FALSE,FALSE,FALSE,528,535,544,11296,11284,11280,15051796,10163545,50.0,0.83
1,1,1,FALSE,FALSE,FALSE,FALSE,FALSE,FALSE,528,535,544,11296,11284,11280,15051796,10163545,50.0,0.83
1,1,1,FALSE,FALSE,FALSE,FALSE,FALSE,FALSE,528,535,544,11296,11284,11280,15051796,10163545,50.0,0.83
1,1,1,FALSE,FALSE,FALSE,FALSE,FALSE,FALSE,528,535,544,11296,11284,11280,15051796,10163545,50.0,0.83
1,1,1,FALSE,FALSE,FALSE,FALSE,FALSE,FALSE,528,535,544,11296,11284,11280,15051796,10163545,50.0,0.83
1,1,1,FALSE,FALSE,FALSE,FALSE,FALSE,FALSE,528,535,544,11296,11284,11280,15051796,10163545,50.0,0.83
1,1,1,FALSE,FALSE,FALSE,FALSE,FALSE,FALSE,528,535,544,11296,11284,11280,15051796,10163545,50.0,0.83
1,1,1,FALSE,FALSE,FALSE,FALSE,FALSE,FALSE,528,535,544,11296,11284,11280,15051796,10163545,50.0,0.83
1,1,1,FALSE,FALSE,FALSE,FALSE,FALSE,FALSE,528,535,544,11296,11284,11280,15051796,10163545,50.0,0.83
1,1,1,FALSE,FALSE,FALSE,FALSE,FALSE,FALSE,528,535,544,11296,11284,11280,15051796,10163545,50.0,0.83
1,1,1,FALSE,FALSE,FALSE,FALSE,FALSE,FALSE,528,535,544,11296,11284,11280,15051796,10163545,50.0,0.83
1,1,1,FALSE,FALSE,FALSE,FALSE,FALSE,FALSE,528,535,544,11296,11284,11280,15051796,10163545,50.0,0.83
1,1,1,FALSE,FALSE,FALSE,FALSE,FALSE,FALSE,528,535,544,11296,11284,11280,15051796,10163545,50.0,0.83
1,1,1,FALSE,FALSE,FALSE,FALSE,FALSE,FALSE,528,535,544,11296,11284,11280,15051796,10163545,50.0,0.83
1,1,1,FALSE,FALSE,FALSE,FALSE,FALSE,FALSE,528,535,544,11296,11284,11280,15051796,10163545,50.0,0.83
1,1,1,FALSE,FALSE,FALSE,FALSE,FALSE,FALSE,528,535,544,11296,11284,11280,15051796,10163545,50.0,0.83
1,1,1,FALSE,FALSE,FALSE,FALSE,FALSE,FALSE,528,535,544,11296,11284,11280,15051796,10163545,50.0,0.83
1,1,1,FALSE,FALSE,FALSE,FALSE,FALSE,FALSE,528,535,544,11296,11284,11280,15051796,10163545,50.0,0.83
1,1,1,FALSE,FALSE,FALSE,FALSE,FALSE,FALSE,528,535,544,11296,11284,11280,15051796,10163545,50.0,0.83
1,1,1,FALSE,FALSE,FALSE,FALSE,FALSE,FALSE,528,535,544,11296,11284,11280,15051796,10163545,50.0,0.83
1,1,1,FALSE,FALSE,FALSE,FALSE,FALSE,FALSE,528,535,544,11296,11284,11280,15051796,10163545,50.0,0.83
1,1,1,FALSE,FALSE,FALSE,FALSE,FALSE,FALSE,528,535,544,11296,11284,11280,15051796,10163545,50.0,0.83
1,1,1,FALSE,FALSE,FALSE,FALSE,FALSE,FALSE,528,535,544,11296,11284,11280,15051796,10163545,50.0,0.83
1,1,1,FALSE,FALSE,FALSE,FALSE,FALSE,FALSE,528,535,544,11296,11284,11280,15051796,10163545,50.0,0.83
1,1,1,FALSE,FALSE,FALSE,FALSE,FALSE,FALSE,528,535,544,11296,11284,11280,15051796,10163545,50.0,0.83
1,1,1,FALSE,FALSE,FALSE,FALSE,FALSE,FALSE,528,535,544,11296,11284,11280,15051796,10163545,50.0,0.83
1,1,1,FALSE,FALSE,FALSE,FALSE,FALSE,FALSE,528,535,544,11296,11284,11280,15051796,10163545,50.0,0.83
1,1,1,FALSE,FALSE,FALSE,FALSE,FALSE,FALSE,528,535,544,11296,11284,11280,15051796,10163545,50.0,0.83
1,1,1,FALSE,FALSE,FALSE,FALSE,FALSE,FALSE,528,535,544,11296,11284,11280,15051796,10163545,50.0,0.83
1,1,1,FALSE,FALSE,FALSE,FALSE,FALSE,FALSE,528,535,544,11296,11284,11280,15051796,10163545,50.0,0.83
1,1,1,FALSE,FALSE,FALSE,FALSE,FALSE,FALSE,528,535,544,11296,11284,11280,15051796,10163545,50.0,0.83
1,1,1,FALSE,FALSE,FALSE,FALSE,FALSE,FALSE,528,535,544,11296,11284,11280,15051796,10163545,50.0,0.83
1,1,1,FALSE,FALSE,FALSE,FALSE,FALSE,FALSE,528,535,544,11296,11284,11280,15051796,10163545,50.0,0.83
1,1,1,FALSE,FALSE,FALSE,FALSE,FALSE,FALSE,528,535,544,11296,11284,11280,15051796,10163545,50.0,0.83
1,1,1,FALSE,FALSE,FALSE,FALSE,FALSE,FALSE,528,535,544,11296,11284,11280,15051796,10163545,50.0,0.83
1,1,1,FALSE,FALSE,FALSE,FALSE,FALSE,FALSE,528,535,544,11296,11284,11280,15051796,10163545,50.0,0.83
1,1,1,FALSE,FALSE,FALSE,FALSE,FALSE,FALSE,528,535,544,11296,11284,11280,15051796,10163545,50.0,0.83
1,1,1,FALSE,FALSE,FALSE,FALSE,FALSE,FALSE,528,535,544,11296,11284,11280,15051796,10163545,50.0,0.83
1,1,1,FALSE,FALSE,FALSE,FALSE,FALSE,FALSE,528,535,544,11296,11284,11280,15051796,10163545,50.0,0.83
1,1,1,FALSE,FALSE,FALSE,FALSE,FALSE,FALSE,528,535,544,11296,11284,11280,15051796,10163545,50.0,0.83
1,1,1,FALSE,FALSE,FALSE,FALSE,FALSE,FALSE,528,535,544,11296,11284,11280,15051796,10163545,50.0,0.83
1,1,1,FALSE,FALSE,FALSE,FALSE,FALSE,FALSE,528,535,544,11296,11284,11280,15051796,10163545,50.0,0.83
1,1,1,FALSE,FALSE,FALSE,FALSE,FALSE,FALSE,528,535,544,11296,11284,11280,15051796,10163545,50.0,0.83
1,1,1,FALSE,FALSE,FALSE,FALSE,FALSE,FALSE,528,535,544,11298,11287,11283,15051772,10163470,50.0,0.83
1,1,1,FALSE,FALSE,FALSE,FALSE,FALSE,FALSE,528,535,544,11298,11287,11283,15051772,10163470,50.0,0.83
1,1,1,FALSE,FALSE,FALSE,FALSE,FALSE,FALSE,528,535,544,11298,11287,11283,15051772,10163470,50.0,0.83
1,1,1,FALSE,FALSE,FALSE,FALSE,FALSE,FALSE,528,535,544,11298,11287,11283,15051772,10163470,50.0,0.83
1,1,1,FALSE,FALSE,FALSE,FALSE,FALSE,FALSE,526,533,541,11341,11332,11329,15051359,10162156,50.0,0.83
1,1,1,FALSE,FALSE,FALSE,FALSE,FALSE,FALSE,526,533,541,11341,11332,11329,15051359,10162156,50.0,0.83
1,1,1,FALSE,FALSE,FALSE,FALSE,FALSE,FALSE,526,533,541,11341,11332,11329,15051359,10162156,50.0,0.83
1,1,1,FALSE,FALSE,FALSE,FALSE,FALSE,FALSE,528,535,544,11298,11287,11283,15051772,10163470,50.0,0.83
1,1,1,FALSE,FALSE,FALSE,FALSE,FALSE,FALSE,528,535,544,11298,11287,11283,15051772,10163470,50.0,0.83
1,1,1,FALSE,TRUE,FALSE,FALSE,FALSE,FALSE,528,535,544,11298,11287,11283,15051772,10163470,50.0,0.83
0,1,1,FALSE,TRUE,FALSE,FALSE,FALSE,FALSE,528,535,544,11298,11287,11283,15051772,10163470,50.0,0.83
0,1,1,FALSE,TRUE,FALSE,FALSE,FALSE,FALSE,0,0,0,11340,11330,11327,0,0,50.0,0.83
0,1,1,FALSE,TRUE,FALSE,FALSE,FALSE,FALSE,0,0,0,11340,11330,11327,0,0,50.0,0.83
0,1,1,FALSE,FALSE,FALSE,FALSE,FALSE,FALSE,0,0,0,11340,11330,11327,0,0,50.0,0.83
1,1,1,FALSE,FALSE,FALSE,FALSE,FALSE,FALSE,528,535,544,11298,11287,11283,15051772,10163470,50.0,0.83
1,1,1,FALSE,FALSE,FALSE,FALSE,FALSE,FALSE,528,535,544,11298,11287,11283,15051772,10163470,50.0,0.83
1,1,1,FALSE,FALSE,FALSE,FALSE,FALSE,FALSE,528,535,544,11298,11287,11283,15051772,10163470,50.0,0.83
1,1,1,FALSE,FALSE,FALSE,FALSE,FALSE,FALSE,528,535,544,11298,11287,11283,15051772,10163470,50.0,0.83
1,1,1,FALSE,FALSE,FALSE,FALSE,FALSE,FALSE,528,535,544,11298,11287,11283,15051772,10163470,50.0,0.83
1,1,1,FALSE,FALSE,FALSE,FALSE,FALSE,FALSE,528,535,544,11298,11287,11283,15051772,10163470,50.0,0.83
1,1,1,FALSE,FALSE,FALSE,FALSE,FALSE,FALSE,528,535,544,11298,11287,11283,15051772,10163470,50.0,0.83
1,1,1,FALSE,FALSE,FALSE,FALSE,FALSE,FALSE,528,535,544,11298,11287,11283,15051772,10163470,50.0,0.83
1,1,1,FALSE,FALSE,FALSE,FALSE,FALSE,FALSE,528,535,544,11298,11287,11283,15051772,10163470,50.0,0.83
1,1,1,FALSE,FALSE,FALSE,FALSE,FALSE,FALSE,528,535,544,11298,11287,11283,15051772,10163470,50.0,0.83
1,1,1,FALSE,FALSE,FALSE,FALSE,FALSE,FALSE,528,535,544,11296,11284,11280,15051796,10163545,50.0,0.83
1,1,1,FALSE,FALSE,FALSE,FALSE,FALSE,FALSE,528,535,544,11296,11284,11280,15051796,10163545,50.0,0.83
1,1,1,FALSE,FALSE,FALSE,FALSE,FALSE,FALSE,528,535,544,11296,11284,11280,15051796,10163545,50.0,0.83
1,1,1,FALSE,FALSE,FALSE,FALSE,FALSE,FALSE,528,535,544,11296,11284,11280,15051796,10163545,50.0,0.83
1,1,1,FALSE,FALSE,FALSE,FALSE,FALSE,FALSE,528,535,544,11296,11284,11280,15051796,10163545,50.0,0.83
1,1,1,FALSE,FALSE,FALSE,FALSE,FALSE,FALSE,528,535,544,11296,11284,11280,15051796,10163545,50.0,0.83
1,1,1,FALSE,FALSE,FALSE,FALSE,FALSE,FALSE,528,535,544,11296,11284,11280,15051796,10163545,50.0,0.83
1,1,1,FALSE,FALSE,FALSE,FALSE,FALSE,FALSE,528,535,544,11296,11284,11280,15051796,10163545,50.0,0.83
1,1,1,FALSE,FALSE,FALSE,FALSE,FALSE,FALSE,528,535,544,11296,11284,11280,15051796,10163545,50.0,0.83
1,1,1,FALSE,FALSE,FALSE,FALSE,FALSE,FALSE,528,535,544,11296,11284,11280,15051796,10163545,50.0,0.83
1,1,1,FALSE,FALSE,FALSE,FALSE,FALSE,FALSE,528,535,544,11296,11284,11280,15051796,10163545,50.0,0.83
1,1,1,FALSE,FALSE,FALSE,FALSE,FALSE,FALSE,528,535,544,11296,11284,11280,15051796,10163545,50.0,0.83
1,1,1,FALSE,FALSE,FALSE,FALSE,FALSE,FALSE,528,535,544,11296,11284,11280,15051796,10163545,50.0,0.83
1,1,1,FALSE,FALSE,FALSE,FALSE,FALSE,FALSE,528,535,544,11296,11284,11280,15051796,10163545,50.0,0.83
1,1,1,FALSE,FALSE,FALSE,FALSE,FALSE,FALSE,528,535,544,11296,11284,11280,15051796,10163545,50.0,0.83
1,1,1,FALSE,FALSE,FALSE,FALSE,FALSE,FALSE,528,535,544,11296,11284,11280,15051796,10163545,50.0,0.83
1,1,1,FALSE,FALSE,FALSE,FALSE,FALSE,FALSE,528,535,544,11296,11284,11280,15051796,10163545,50.0,0.83
1,1,1,FALSE,FALSE,FALSE,FALSE,FALSE,FALSE,528,535,544,11296,11284,11280,15051796,10163545,50.0,0.83
1,1,1,FALSE,FALSE,FALSE,FALSE,FALSE,FALSE,528,535,544,11296,11284,11280,15051796,10163545,50.0,0.83
1,1,1,FALSE,FALSE,FALSE,FALSE,FALSE,FALSE,528,535,544,11296,11284,11280,15051796,10163545,50.0,0.83
1,1,1,FALSE,FALSE,FALSE,FALSE,FALSE,FALSE,528,535,544,11296,11284,11280,15051796,10163545,50.0,0.83
1,1,1,FALSE,FALSE,FALSE,FALSE,FALSE,FALSE,528,535,544,11296,11284,11280,15051796,10163545,50.0,0.83
1,1,1,FALSE,FALSE,FALSE,FALSE,FALSE,FALSE,528,535,544,11296,11284,11280,15051796,10163545,50.0,0.83
1,1,1,FALSE,FALSE,FALSE,FALSE,FALSE,FALSE,528,535,544,11296,11284,11280,15051796,10163545,50.0,0.83
1,1,1,FALSE,FALSE,FALSE,FALSE,FALSE,FALSE,528,535,544,11296,11284,11280,15051796,10163545,50.0,0.83
1,1,1,FALSE,FALSE,FALSE,FALSE,FALSE,FALSE,528,535,544,11296,11284,11280,15051796,10163545,50.0,0.83
1,1,1,FALSE,FALSE,FALSE,FALSE,FALSE,FALSE,528,535,544,11296,11284,11280,15051796,10163545,50.0,0.83
1,1,1,FALSE,FALSE,FALSE,FALSE,FALSE,FALSE,528,535,544,11296,11284,11280,15051796,10163545,50.0,0.83
1,1,1,FALSE,FALSE,FALSE,FALSE,FALSE,FALSE,528,535,544,11296,11284,11280,15051796,10163545,50.0,0.83
1,1,1,FALSE,FALSE,FALSE,FALSE,FALSE,FALSE,528,535,544,11296,11284,11280,15051796,10163545,50.0,0.83
1,1,1,FALSE,FALSE,FALSE,FALSE,FALSE,FALSE,528,535,544,11296,11284,11280,15051796,10163545,50.0,0.83
1,1,1,FALSE,FALSE,FALSE,FALSE,FALSE,FALSE,528,535,544,11296,11284,11280,15051796,10163545,50.0,0.83
1,1,1,FALSE,FALSE,FALSE,FALSE,FALSE,FALSE,528,535,544,11296,11284,11280,15051796,10163545,50.0,0.83
1,1,1,FALSE,FALSE,FALSE,FALSE,FALSE,FALSE,528,535,544,11296,11284,11280,15051796,10163545,50.0,0.83
1,1,1,FALSE,FALSE,FALSE,FALSE,FALSE,FALSE,528,535,544,11296,11284,11280,15051796,10163545,50.0,0.83
1,1,1,FALSE,FALSE,FALSE,FALSE,FALSE,FALSE,528,535,544,11296,11284,11280,15051796,10163545,50.0,0.83
1,1,1,FALSE,FALSE,FALSE,FALSE,FALSE,FALSE,528,535,544,11296,11284,11280,15051796,10163545,50.0,0.83
1,1,1,FALSE,FALSE,FALSE,FALSE,FALSE,FALSE,528,535,544,11296,11284,11280,15051796,10163545,50.0,0.83
1,1,1,FALSE,FALSE,FALSE,FALSE,FALSE,FALSE,528,535,544,11296,11284,11280,15051796,10163545,50.0,0.83
1,1,1,FALSE,FALSE,FALSE,FALSE,FALSE,FALSE,528,535,544,11296,11284,11280,15051796,10163545,50.0,0.83
1,1,1,FALSE,FALSE,FALSE,FALSE,FALSE,FALSE,528,535,544,11296,11284,11280,15051796,10163545,50.0,0.83
1,1,1,FALSE,FALSE,FALSE,FALSE,FALSE,FALSE,528,535,544,11296,11284,11280,15051796,10163545,50.0,0.83
1,1,1,FALSE,FALSE,FALSE,FALSE,FALSE,FALSE,528,535,544,11296,11284,11280,15051796,10163545,50.0,0.83
1,1,1,FALSE,FALSE,FALSE,FALSE,FALSE,FALSE,528,535,544,11296,11284,11280,15051796,10163545,50.0,0.83
1,1,1,FALSE,FALSE,FALSE,FALSE,FALSE,FALSE,528,535,544,11296,11284,11280,15051796,10163545,50.0,0.83
1,1,1,FALSE,FALSE,FALSE,FALSE,FALSE,FALSE,528,535,544,11296,11284,11280,15051796,10163545,50.0,0.83
1,1,1,FALSE,FALSE,FALSE,FALSE,FALSE,FALSE,528,535,544,11298,11287,11283,15051772,10163470,50.0,0.83
1,1,1,FALSE,FALSE,FALSE,FALSE,FALSE,FALSE,528,535,544,11298,11287,11283,15051772,10163470,50.0,0.83
1,1,1,FALSE,FALSE,FALSE,FALSE,FALSE,FALSE,528,535,544,11298,11287,11283,15051772,10163470,50.0,0.83
1,1,1,FALSE,FALSE,FALSE,FALSE,FALSE,FALSE,528,535,544,11298,11287,11283,15051772,10163470,50.0,0.83
1,1,1,FALSE,FALSE,FALSE,FALSE,FALSE,FALSE,528,535,544,11298,11287,11283,15051772,10163470,50.0,0.83
1,1,1,FALSE,FALSE,FALSE,FALSE,FALSE,FALSE,526,533,541,11340,11330,11327,15051372,10162199,50.0,0.83
1,1,1,FALSE,FALSE,FALSE,FALSE,FALSE,FALSE,526,533,541,11340,11330,11327,15051372,10162199,50.0,0.83
1,1,1,FALSE,FALSE,FALSE,FALSE,FALSE,FALSE,526,533,541,11340,11330,11327,15051372,10162199,50.0,0.83
1,1,1,FALSE,FALSE,FALSE,FALSE,FALSE,FALSE,526,533,541,11340,11330,11327,15051372,10162199,50.0,0.83
1,1,1,FALSE,FALSE,FALSE,FALSE,FALSE,FALSE,528,535,544,11298,11287,11283,15051772,10163470,50.0,0.83
1,1,1,FALSE,FALSE,FALSE,FALSE,FALSE,FALSE,528,535,544,11298,11287,11283,15051772,10163470,50.0,0.83
1,1,1,FALSE,FALSE,FALSE,FALSE,FALSE,FALSE,528,535,544,11298,11287,11283,15051772,10163470,50.0,0.83
1,1,1,FALSE,FALSE,FALSE,FALSE,FALSE,FALSE,528,535,544,11298,11287,11283,15051772,10163470,50.0,0.83
1,1,1,FALSE,FALSE,FALSE,FALSE,FALSE,FALSE,526,533,541,11340,11330,11327,15051372,10162199,50.0,0.83
1,1,1,FALSE,FALSE,FALSE,FALSE,FALSE,FALSE,526,533,541,11340,11330,11327,15051372,10162199,50.0,0.83
1,1,1,FALSE,FALSE,FALSE,FALSE,FALSE,FALSE,526,533,541,11340,11330,11327,15051372,10162199,50.0,0.83
1,1,1,FALSE,FALSE,FALSE,FALSE,FALSE,FALSE,528,535,544,11298,11287,11283,15051772,10163470,50.0,0.83
1,1,1,FALSE,FALSE,FALSE,FALSE,FALSE,FALSE,528,535,544,11298,11287,11283,15051772,10163470,50.0,0.83
1,1,1,FALSE,FALSE,FALSE,FALSE,FALSE,FALSE,528,535,544,11298,11287,11283,15051772,10163470,50.0,0.83
1,1,1,FALSE,FALSE,FALSE,FALSE,FALSE,FALSE,528,535,544,11298,11287,11283,15051772,10163470,50.0,0.83
1,1,1,FALSE,FALSE,FALSE,FALSE,FALSE,FALSE,528,535,544,11298,11287,11283,15051772,10163470,50.0,0.83
1,1,1,FALSE,FALSE,FALSE,FALSE,FALSE,FALSE,528,535,544,11298,11287,11283,15051772,10163470,50.0,0.83
1,1,1,FALSE,FALSE,FALSE,FALSE,FALSE,FALSE,528,535,544,11298,11287,11283,15051772,10163470,50.0,0.83
1,1,1,FALSE,FALSE,FALSE,FALSE,FALSE,FALSE,528,535,544,11298,11287,11283,15051772,10163470,50.0,0.83
1,1,1,FALSE,FALSE,FALSE,FALSE,FALSE,FALSE,528,535,544,11298,11287,11283,15051772,10163470,50.0,0.83
1,1,1,FALSE,FALSE,FALSE,FALSE,FALSE,FALSE,528,535,544,11298,11287,11283,15051772,10163470,50.0,0.83
1,1,1,FALSE,FALSE,FALSE,FALSE,FALSE,FALSE,528,535,544,11296,11284,11280,15051796,10163545,50.0,0.83
1,1,1,FALSE,FALSE,FALSE,FALSE,FALSE,FALSE,528,535,544,11296,11284,11280,15051796,10163545,50.0,0.83
1,1,1,FALSE,FALSE,FALSE,FALSE,FALSE,FALSE,528,535,544,11296,11284,11280,15051796,10163545,50.0,0.83
1,1,1,FALSE,FALSE,FALSE,FALSE,FALSE,FALSE,528,535,544,11296,11284,11280,15051796,10163545,50.0,0.83
1,1,1,FALSE,FALSE,FALSE,FALSE,FALSE,FALSE,528,535,544,11296,11284,11280,15051796,10163545,50.0,0.83
1,1,1,FALSE,FALSE,FALSE,FALSE,FALSE,FALSE,528,535,544,11296,11284,11280,15051796,10163545,50.0,0.83
1,1,1,FALSE,FALSE,FALSE,FALSE,FALSE,FALSE,528,535,544,11296,11284,11280,15051796,10163545,50.0,0.83
1,1,1,FALSE,FALSE,FALSE,FALSE,FALSE,FALSE,528,535,544,11296,11284,11280,15051796,10163545,50.0,0.83
1,1,1,FALSE,FALSE,FALSE,FALSE,FALSE,FALSE,528,535,544,11296,11284,11280,15051796,10163545,50.0,0.83
1,1,1,FALSE,FALSE,FALSE,FALSE,FALSE,FALSE,528,535,544,11296,11284,11280,15051796,10163545,50.0,0.83
1,1,1,FALSE,FALSE,FALSE,FALSE,FALSE,FALSE,528,535,544,11296,11284,11280,15051796,10163545,50.0,0.83
1,1,1,FALSE,FALSE,FALSE,FALSE,FALSE,FALSE,528,535,544,11296,11284,11280,15051796,10163545,50.0,0.83
1,1,1,FALSE,FALSE,FALSE,FALSE,FALSE,FALSE,528,535,544,11296,11284,11280,15051796,10163545,50.0,0.83
1,1,1,FALSE,FALSE,FALSE,FALSE,FALSE,FALSE,528,535,544,11296,11284,11280,15051796,10163545,50.0,0.83
1,1,1,FALSE,FALSE,FALSE,FALSE,FALSE,FALSE,528,535,544,11296,11284,11280,15051796,10163545,50.0,0.83
1,1,1,FALSE,FALSE,FALSE,FALSE,FALSE,FALSE,528,535,544,11296,11284,11280,15051796,10163545,50.0,0.83
1,1,1,FALSE,FALSE,FALSE,FALSE,FALSE,FALSE,528,535,544,11296,11284,11280,15051796,10163545,50.0,0.83
1,1,1,FALSE,FALSE,FALSE,FALSE,FALSE,FALSE,528,535,544,11296,11284,11280,15051796,10163545,50.0,0.83
1,1,1,FALSE,FALSE,FALSE,FALSE,FALSE,FALSE,528,535,544,11296,11284,11280,15051796,10163545,50.0,0.83
1,1,1,FALSE,FALSE,FALSE,FALSE,FALSE,FALSE,528,535,544,11296,11284,11280,15051796,10163545,50.0,0.83
1,1,1,FALSE,FALSE,FALSE,FALSE,FALSE,FALSE,528,535,544,11296,11284,11280,15051796,10163545,50.0,0.83
1,1,1,FALSE,FALSE,FALSE,FALSE,FALSE,FALSE,528,535,544,11296,11284,11280,15051796,10163545,50.0,0.83
1,1,1,FALSE,FALSE,FALSE,FALSE,FALSE,FALSE,528,535,544,11296,11284,11280,15051796,10163545,50.0,0.83
1,1,1,FALSE,FALSE,FALSE,FALSE,FALSE,FALSE,528,535,544,11296,11284,11280,15051796,10163545,50.0,0.83
1,1,1,FALSE,FALSE,FALSE,FALSE,FALSE,FALSE,528,535,544,11296,11284,11280,15051796,10163545,50.0,0.83
1,1,1,FALSE,FALSE,FALSE,FALSE,FALSE,FALSE,528,535,544,11296,11284,11280,15051796,10163545,50.0,0.83
1,1,1,FALSE,FALSE,FALSE,FALSE,FALSE,FALSE,528,535,544,11296,11284,11280,15051796,10163545,50.0,0.83
1,1,1,FALSE,FALSE,FALSE,FALSE,FALSE,FALSE,528,535,544,11296,11284,11280,15051796,10163545,50.0,0.83
1,1,1,FALSE,FALSE,FALSE,FALSE,FALSE,FALSE,528,535,544,11296,11284,11280,15051796,10163545,50.0,0.83
1,1,1,FALSE,FALSE,FALSE,FALSE,FALSE,FALSE,528,535,544,11296,11284,11280,15051796,10163545,50.0,0.83
1,1,1,FALSE,FALSE,FALSE,FALSE,FALSE,FALSE,528,535,544,11296,11284,11280,15051796,10163545,50.0,0.83
1,1,1,FALSE,FALSE,FALSE,FALSE,FALSE,FALSE,528,535,544,11296,11284,11280,15051796,10163545,50.0,0.83
1,1,1,FALSE,FALSE,FALSE,FALSE,FALSE,FALSE,528,535,544,11296,11284,11280,15051796,10163545,50.0,0.83
1,1,1,FALSE,FALSE,FALSE,FALSE,FALSE,FALSE,528,535,544,11296,11284,11280,15051796,10163545,50.0,0.83
1,1,1,FALSE,FALSE,FALSE,FALSE,FALSE,FALSE,528,535,544,11296,11284,11280,15051796,10163545,50.0,0.83
1,1,1,FALSE,FALSE,FALSE,FALSE,FALSE,FALSE,528,535,544,11296,11284,11280,15051796,10163545,50.0,0.83
1,1,1,FALSE,FALSE,FALSE,FALSE,FALSE,FALSE,528,535,544,11296,11284,11280,15051796,10163545,50.0,0.83
1,1,1,FALSE,FALSE,FALSE,FALSE,FALSE,FALSE,528,535,544,11296,11284,11280,15051796,10163545,50.0,0.83
1,1,1,FALSE,FALSE,FALSE,FALSE,FALSE,FALSE,528,535,544,11296,11284,11280,15051796,10163545,50.0,0.83
1,1,1,FALSE,FALSE,FALSE,FALSE,FALSE,FALSE,528,535,544,11296,11284,11280,15051796,10163545,50.0,0.83
1,1,1,FALSE,FALSE,FALSE,FALSE,FALSE,FALSE,528,535,544,11296,11284,11280,15051796,10163545,50.0,0.83
1,1,1,FALSE,FALSE,FALSE,FALSE,FALSE,FALSE,528,535,544,11296,11284,11280,15051796,10163545,50.0,0.83
1,1,1,FALSE,FALSE,FALSE,FALSE,FALSE,FALSE,528,535,544,11296,11284,11280,15051796,10163545,50.0,0.83
1,1,1,FALSE,FALSE,FALSE,FALSE,FALSE,FALSE,528,535,544,11296,11284,11280,15051796,10163545,50.0,0.83
1,1,1,FALSE,FALSE,FALSE,FALSE,FALSE,FALSE,528,535,544,11296,11284,11280,15051796,10163545,50.0,0.83
1,1,1,FALSE,FALSE,FALSE,FALSE,FALSE,FALSE,528,535,544,11296,11284,11280,15051796,10163545,50.0,0.83
1,1,1,FALSE,FALSE,FALSE,FALSE,FALSE,FALSE,528,535,544,11296,11284,11280,15051796,10163545,50.0,0.83
1,1,1,FALSE,FALSE,FALSE,FALSE,FALSE,FALSE,528,535,544,11296,11284,11280,15051796,10163545,50.0,0.83
1,1,1,FALSE,FALSE,FALSE,FALSE,FALSE,FALSE,528,535,544,11296,11284,11280,15051796,10163545,50.0,0.83
1,1,1,FALSE,FALSE,FALSE,FALSE,FALSE,FALSE,528,535,544,11296,11284,11280,15051796,10163545,50.0,0.83
1,1,1,FALSE,FALSE,FALSE,FALSE,FALSE,FALSE,528,535,544,11296,11284,11280,15051796,10163545,50.0,0.83
1,1,1,FALSE,FALSE,FALSE,FALSE,FALSE,FALSE,528,535,544,11296,11284,11280,15051796,10163545,50.0,0.83
1,1,1,FALSE,FALSE,FALSE,FALSE,FALSE,FALSE,528,535,544,11296,11284,11280,15051796,10163545,50.0,0.83
1,1,1,FALSE,FALSE,FALSE,FALSE,FALSE,FALSE,528,535,544,11296,11284,11280,15051796,10163545,50.0,0.83
1,1,1,FALSE,FALSE,FALSE,FALSE,FALSE,FALSE,528,535,544,11298,11287,11283,15051772,10163470,50.0,0.83
1,1,1,FALSE,FALSE,FALSE,FALSE,FALSE,FALSE,528,535,544,11298,11287,11283,15051772,10163470,50.0,0.83
1,1,1,FALSE,FALSE,FALSE,FALSE,FALSE,FALSE,528,535,544,11298,11287,11283,15051772,10163470,50.0,0.83
1,1,1,FALSE,FALSE,FALSE,FALSE,FALSE,FALSE,526,533,541,11342,11332,11329,15051353,10162139,50.0,0.83
1,1,1,FALSE,FALSE,FALSE,FALSE,FALSE,FALSE,526,533,541,11342,11332,11329,15051353,10162139,50.0,0.83
1,1,1,FALSE,FALSE,FALSE,FALSE,FALSE,FALSE,524,531,539,11384,11377,11374,15050953,10160869,50.0,0.83
1,1,1,FALSE,FALSE,FALSE,FALSE,FALSE,FALSE,524,531,539,11384,11377,11374,15050953,10160869,50.0,0.83
1,1,1,FALSE,FALSE,FALSE,FALSE,FALSE,FALSE,526,533,541,11342,11332,11329,15051353,10162139,50.0,0.83
1,1,1,FALSE,FALSE,FALSE,FALSE,FALSE,FALSE,526,533,541,11342,11332,11329,15051353,10162139,50.0,0.83
1,1,1,FALSE,FALSE,FALSE,FALSE,FALSE,FALSE,528,535,544,11298,11287,11283,15051772,10163470,50.0,0.83
1,1,1,FALSE,FALSE,FALSE,FALSE,FALSE,FALSE,528,535,544,11298,11287,11283,15051772,10163470,50.0,0.83
1,1,1,FALSE,FALSE,FALSE,FALSE,FALSE,FALSE,528,535,544,11298,11287,11283,15051772,10163470,50.0,0.83
1,1,1,FALSE,FALSE,FALSE,FALSE,FALSE,FALSE,528,535,544,11298,11287,11283,15051772,10163470,50.0,0.83
1,1,1,FALSE,FALSE,FALSE,FALSE,FALSE,FALSE,528,535,544,11298,11287,11283,15051772,10163470,50.0,0.83
1,1,1,FALSE,FALSE,FALSE,FALSE,FALSE,FALSE,528,535,544,11298,11287,11283,15051772,10163470,50.0,0.83
1,1,1,FALSE,FALSE,FALSE,FALSE,FALSE,FALSE,528,535,544,11298,11287,11283,15051772,10163470,50.0,0.83
1,1,1,FALSE,FALSE,FALSE,FALSE,FALSE,FALSE,528,535,544,11298,11287,11283,15051772,10163470,50.0,0.83
1,1,1,FALSE,FALSE,FALSE,FALSE,FALSE,FALSE,528,535,544,11298,11287,11283,15051772,10163470,50.0,0.83
1,1,1,FALSE,FALSE,FALSE,FALSE,FALSE,FALSE,528,535,544,11298,11287,11283,15051772,10163470,50.0,0.83
1,1,1,FALSE,FALSE,FALSE,FALSE,FALSE,FALSE,528,535,544,11296,11284,11280,15051796,10163545,50.0,0.83
1,1,1,FALSE,FALSE,FALSE,FALSE,FALSE,FALSE,528,535,544,11296,11284,11280,15051796,10163545,50.0,0.83
1,1,1,FALSE,FALSE,FALSE,FALSE,FALSE,FALSE,528,535,544,11296,11284,11280,15051796,10163545,50.0,0.83
1,1,1,FALSE,FALSE,FALSE,FALSE,FALSE,FALSE,528,535,544,11296,11284,11280,15051796,10163545,50.0,0.83
1,1,1,FALSE,FALSE,FALSE,FALSE,FALSE,FALSE,528,535,544,11296,11284,11280,15051796,10163545,50.0,0.83
1,1,1,FALSE,FALSE,FALSE,FALSE,FALSE,FALSE,528,535,544,11296,11284,11280,15051796,10163545,50.0,0.83
1,1,1,FALSE,FALSE,FALSE,FALSE,FALSE,FALSE,528,535,544,11296,11284,11280,15051796,10163545,50.0,0.83
1,1,1,FALSE,FALSE,FALSE,FALSE,FALSE,FALSE,528,535,544,11296,11284,11280,15051796,10163545,50.0,0.83
1,1,1,FALSE,FALSE,FALSE,FALSE,FALSE,FALSE,528,535,544,11296,11284,11280,15051796,10163545,50.0,0.83
1,1,1,FALSE,FALSE,FALSE,FALSE,FALSE,FALSE,528,535,544,11296,11284,11280,15051796,10163545,50.0,0.83
1,1,1,FALSE,FALSE,FALSE,FALSE,FALSE,FALSE,528,535,544,11296,11284,11280,15051796,10163545,50.0,0.83
1,1,1,FALSE,FALSE,FALSE,FALSE,FALSE,FALSE,528,535,544,11296,11284,11280,15051796,10163545,50.0,0.83
1,1,1,FALSE,FALSE,FALSE,FALSE,FALSE,FALSE,528,535,544,11296,11284,11280,15051796,10163545,50.0,0.83
1,1,1,FALSE,FALSE,FALSE,FALSE,FALSE,FALSE,528,535,544,11296,11284,11280,15051796,10163545,50.0,0.83
1,1,1,FALSE,FALSE,FALSE,FALSE,FALSE,FALSE,528,535,544,11296,11284,11280,15051796,10163545,50.0,0.83
1,1,1,FALSE,FALSE,FALSE,FALSE,FALSE,FALSE,528,535,544,11296,11284,11280,15051796,10163545,50.0,0.83
1,1,1,FALSE,FALSE,FALSE,FALSE,FALSE,FALSE,528,535,544,11296,11284,11280,15051796,10163545,50.0,0.83
1,1,1,FALSE,FALSE,FALSE,FALSE,FALSE,FALSE,528,535,544,11296,11284,11280,15051796,10163545,50.0,0.83
1,1,1,FALSE,FALSE,FALSE,FALSE,FALSE,FALSE,528,535,544,11296,11284,11280,15051796,10163545,50.0,0.83
1,1,1,FALSE,FALSE,FALSE,FALSE,FALSE,FALSE,528,535,544,11296,11284,11280,15051796,10163545,50.0,0.83
1,1,1,FALSE,FALSE,FALSE,FALSE,FALSE,FALSE,528,535,544,11296,11284,11280,15051796,10163545,50.0,0.83
1,1,1,FALSE,FALSE,FALSE,FALSE,FALSE,FALSE,528,535,544,11296,11284,11280,15051796,10163545,50.0,0.83
1,1,1,FALSE,FALSE,FALSE,FALSE,FALSE,FALSE,528,535,544,11296,11284,11280,15051796,10163545,50.0,0.83
1,1,1,FALSE,FALSE,FALSE,FALSE,FALSE,FALSE,528,535,544,11296,11284,11280,15051796,10163545,50.0,0.83
1,1,1,FALSE,FALSE,FALSE,FALSE,FALSE,FALSE,528,535,544,11296,11284,11280,15051796,10163545,50.0,0.83
1,1,1,FALSE,FALSE,FALSE,FALSE,FALSE,FALSE,528,535,544,11296,11284,11280,15051796,10163545,50.0,0.83
1,1,1,FALSE,FALSE,FALSE,FALSE,FALSE,FALSE,528,535,544,11296,11284,11280,15051796,10163545,50.0,0.83
1,1,1,FALSE,FALSE,FALSE,FALSE,FALSE,FALSE,528,535,544,11296,11284,11280,15051796,10163545,50.0,0.83
1,1,1,FALSE,FALSE,FALSE,FALSE,FALSE,FALSE,528,535,544,11296,11284,11280,15051796,10163545,50.0,0.83
1,1,1,FALSE,FALSE,FALSE,FALSE,FALSE,FALSE,528,535,544,11296,11284,11280,15051796,10163545,50.0,0.83
1,1,1,FALSE,FALSE,FALSE,FALSE,FALSE,FALSE,528,535,544,11296,11284,11280,15051796,10163545,50.0,0.83
1,1,1,FALSE,FALSE,FALSE,FALSE,FALSE,FALSE,528,535,544,11296,11284,11280,15051796,10163545,50.0,0.83
1,1,1,FALSE,FALSE,FALSE,FALSE,FALSE,FALSE,528,535,544,11296,11284,11280,15051796,10163545,50.0,0.83
1,1,1,FALSE,FALSE,FALSE,FALSE,FALSE,FALSE,528,535,544,11296,11284,11280,15051796,10163545,50.0,0.83
1,1,1,FALSE,FALSE,FALSE,FALSE,FALSE,FALSE,528,535,544,11296,11284,11280,15051796,10163545,50.0,0.83
1,1,1,FALSE,FALSE,FALSE,FALSE,FALSE,FALSE,528,535,544,11296,11284,11280,15051796,10163545,50.0,0.83
1,1,1,FALSE,FALSE,FALSE,FALSE,FALSE,FALSE,528,535,544,11296,11284,11280,15051796,10163545,50.0,0.83
1,1,1,FALSE,FALSE,FALSE,FALSE,FALSE,FALSE,528,535,544,11296,11284,11280,15051796,10163545,50.0,0.83
1,1,1,FALSE,FALSE,FALSE,FALSE,FALSE,FALSE,528,535,544,11296,11284,11280,15051796,10163545,50.0,0.83
1,1,1,FALSE,FALSE,FALSE,FALSE,FALSE,FALSE,528,535,544,11296,11284,11280,15051796,10163545,50.0,0.83
1,1,1,FALSE,FALSE,FALSE,FALSE,FALSE,FALSE,528,535,544,11296,11284,11280,15051796,10163545,50.0,0.83
1,1,1,FALSE,FALSE,FALSE,FALSE,FALSE,FALSE,528,535,544,11296,11284,11280,15051796,10163545,50.0,0.83
1,1,1,FALSE,FALSE,FALSE,FALSE,FALSE,FALSE,528,535,544,11296,11284,11280,15051796,10163545,50.0,0.83
1,1,1,FALSE,FALSE,FALSE,FALSE,FALSE,FALSE,528,535,544,11296,11284,11280,15051796,10163545,50.0,0.83
1,1,1,FALSE,FALSE,FALSE,FALSE,FALSE,FALSE,528,535,544,11296,11284,11280,15051796,10163545,50.0,0.83
1,1,1,FALSE,FALSE,FALSE,FALSE,FALSE,FALSE,528,535,544,11296,11284,11280,15051796,10163545,50.0,0.83
1,1,1,FALSE,FALSE,FALSE,FALSE,FALSE,FALSE,528,535,544,11296,11284,11280,15051796,10163545,50.0,0.83
1,1,1,FALSE,FALSE,FALSE,FALSE,FALSE,FALSE,528,535,544,11296,11284,11280,15051796,10163545,50.0,0.83
1,1,1,FALSE,FALSE,FALSE,FALSE,FALSE,FALSE,528,535,544,11296,11284,11280,15051796,10163545,50.0,0.83
1,1,1,FALSE,FALSE,FALSE,FALSE,FALSE,FALSE,528,535,544,11296,11284,11280,15051796,10163545,50.0,0.83
1,1,1,FALSE,FALSE,FALSE,FALSE,FALSE,FALSE,528,535,544,11296,11284,11280,15051796,10163545,50.0,0.83
1,1,1,FALSE,FALSE,FALSE,FALSE,FALSE,FALSE,528,535,544,11296,11284,11280,15051796,10163545,50.0,0.83
1,1,1,FALSE,FALSE,FALSE,FALSE,FALSE,FALSE,528,535,544,11296,11284,11280,15051796,10163545,50.0,0.83
1,1,1,FALSE,FALSE,FALSE,FALSE,FALSE,FALSE,528,535,544,11296,11284,11280,15051796,10163545,50.0,0.83
1,1,1,FALSE,FALSE,FALSE,FALSE,FALSE,FALSE,528,535,544,11296,11284,11280,15051796,10163545,50.0,0.83
1,1,1,FALSE,FALSE,FALSE,FALSE,FALSE,FALSE,528,535,544,11296,11284,11280,15051796,10163545,50.0,0.83
1,1,1,FALSE,FALSE,FALSE,FALSE,FALSE,FALSE,528,535,544,11296,11284,11280,15051796,10163545,50.0,0.83
1,1,1,FALSE,FALSE,FALSE,FALSE,FALSE,FALSE,528,535,544,11296,11284,11280,15051796,10163545,50.0,0.83
1,1,1,FALSE,FALSE,FALSE,FALSE,FALSE,FALSE,528,535,544,11296,11284,11280,15051796,10163545,50.0,0.83
1,1,1,FALSE,FALSE,FALSE,FALSE,FALSE,FALSE,528,535,544,11296,11284,11280,15051796,10163545,50.0,0.83
1,1,1,FALSE,FALSE,FALSE,FALSE,FALSE,FALSE,528,535,544,11296,11284,11280,15051796,10163545,50.0,0.83
1,1,1,FALSE,FALSE,FALSE,FALSE,FALSE,FALSE,528,535,544,11296,11284,11280,15051796,10163545,50.0,0.83
1,1,1,FALSE,FALSE,FALSE,FALSE,FALSE,FALSE,528,535,544,11296,11284,11280,15051796,10163545,50.0,0.83
1,1,1,FALSE,FALSE,FALSE,FALSE,FALSE,FALSE,528,535,544,11296,11284,11280,15051796,10163545,50.0,0.83
1,1,1,FALSE,FALSE,FALSE,FALSE,FALSE,FALSE,528,535,544,11296,11284,11280,15051796,10163545,50.0,0.83
1,1,1,FALSE,FALSE,FALSE,FALSE,FALSE,FALSE,528,535,544,11296,11284,11280,15051796,10163545,50.0,0.83
1,1,1,FALSE,FALSE,FALSE,FALSE,FALSE,FALSE,528,535,544,11296,11284,11280,15051796,10163545,50.0,0.83
1,1,1,FALSE,FALSE,FALSE,FALSE,FALSE,FALSE,528,535,544,11296,11284,11280,15051796,10163545,50.0,0.83
1,1,1,FALSE,FALSE,FALSE,FALSE,FALSE,FALSE,528,535,544,11296,11284,11280,15051796,10163545,50.0,0.83
1,1,1,FALSE,FALSE,FALSE,FALSE,FALSE,FALSE,528,535,544,11296,11284,11280,15051796,10163545,50.0,0.83
1,1,1,FALSE,FALSE,FALSE,FALSE,FALSE,FALSE,528,535,544,11296,11284,11280,15051796,10163545,50.0,0.83
1,1,1,FALSE,FALSE,FALSE,FALSE,FALSE,FALSE,528,535,544,11296,11284,11280,15051796,10163545,50.0,0.83
1,1,1,FALSE,FALSE,FALSE,FALSE,FALSE,FALSE,528,535,544,11296,11284,11280,15051796,10163545,50.0,0.83
1,1,1,FALSE,FALSE,FALSE,FALSE,FALSE,FALSE,528,535,544,11296,11284,11280,15051796,10163545,50.0,0.83
1,1,1,FALSE,FALSE,FALSE,FALSE,FALSE,FALSE,528,535,544,11296,11284,11280,15051796,10163545,50.0,0.83
1,1,1,FALSE,FALSE,FALSE,FALSE,FALSE,FALSE,528,535,544,11296,11284,11280,15051796,10163545,50.0,0.83
1,1,1,FALSE,FALSE,FALSE,FALSE,FALSE,FALSE,528,535,544,11296,11284,11280,15051796,10163545,50.0,0.83
1,1,1,FALSE,FALSE,FALSE,FALSE,FALSE,FALSE,528,535,544,11296,11284,11280,15051796,10163545,50.0,0.83
1,1,1,FALSE,FALSE,FALSE,FALSE,FALSE,FALSE,528,535,544,11296,11284,11280,15051796,10163545,50.0,0.83
1,1,1,FALSE,FALSE,FALSE,FALSE,FALSE,FALSE,528,535,544,11296,11284,11280,15051796,10163545,50.0,0.83
1,1,1,FALSE,FALSE,FALSE,FALSE,FALSE,FALSE,528,535,544,11296,11284,11280,15051796,10163545,50.0,0.83
1,1,1,FALSE,FALSE,FALSE,FALSE,FALSE,FALSE,528,535,544,11296,11284,11280,15051796,10163545,50.0,0.83
1,1,1,FALSE,FALSE,FALSE,FALSE,FALSE,FALSE,528,535,544,11296,11284,11280,15051796,10163545,50.0,0.83
1,1,1,FALSE,FALSE,FALSE,FALSE,FALSE,FALSE,528,535,544,11296,11284,11280,15051796,10163545,50.0,0.83
1,1,1,FALSE,FALSE,FALSE,FALSE,FALSE,FALSE,528,535,544,11296,11284,11280,15051796,10163545,50.0,0.83
1,1,1,FALSE,FALSE,FALSE,FALSE,FALSE,FALSE,528,535,544,11296,11284,11280,15051796,10163545,50.0,0.83
1,1,1,FALSE,FALSE,FALSE,FALSE,FALSE,FALSE,528,535,544,11296,11284,11280,15051796,10163545,50.0,0.83
1,1,1,FALSE,FALSE,FALSE,FALSE,FALSE,FALSE,528,535,544,11296,11284,11280,15051796,10163545,50.0,0.83
1,1,1,FALSE,FALSE,FALSE,FALSE,FALSE,FALSE,528,535,544,11296,11284,11280,15051796,10163545,50.0,0.83
1,1,1,FALSE,FALSE,FALSE,FALSE,FALSE,FALSE,528,535,544,11296,11284,11280,15051796,10163545,50.0,0.83
1,1,1,FALSE,FALSE,FALSE,FALSE,FALSE,FALSE,528,535,544,11296,11284,11280,15051796,10163545,50.0,0.83
1,1,1,FALSE,FALSE,FALSE,FALSE,FALSE,FALSE,528,535,544,11296,11284,11280,15051796,10163545,50.0,0.83
1,1,1,FALSE,FALSE,FALSE,FALSE,FALSE,FALSE,528,535,544,11296,11284,11280,15051796,10163545,50.0,0.83
1,1,1,FALSE,FALSE,FALSE,FALSE,FALSE,FALSE,528,535,544,11296,11284,11280,15051796,10163545,50.0,0.83
1,1,1,FALSE,FALSE,FALSE,FALSE,FALSE,FALSE,528,535,544,11296,11284,11280,15051796,10163545,50.0,0.83
1,1,1,FALSE,FALSE,FALSE,FALSE,FALSE,FALSE,528,535,544,11296,11284,11280,15051796,10163545,50.0,0.83
1,1,1,FALSE,FALSE,FALSE,FALSE,FALSE,FALSE,528,535,544,11296,11284,11280,15051796,10163545,50.0,0.83
1,1,1,FALSE,FALSE,FALSE,FALSE,FALSE,FALSE,528,535,544,11296,11284,11280,15051796,10163545,50.0,0.83
1,1,1,FALSE,FALSE,FALSE,FALSE,FALSE,FALSE,528,535,544,11296,11284,11280,15051796,10163545,50.0,0.83
1,1,1,FALSE,FALSE,FALSE,FALSE,FALSE,FALSE,528,535,544,11296,11284,11280,15051796,10163545,50.0,0.83
1,1,1,FALSE,FALSE,FALSE,FALSE,FALSE,FALSE,528,535,544,11296,11284,11280,15051796,10163545,50.0,0.83
1,1,1,FALSE,FALSE,FALSE,FALSE,FALSE,FALSE,528,535,544,11296,11284,11280,15051796,10163545,50.0,0.83
1,1,1,FALSE,FALSE,FALSE,FALSE,FALSE,FALSE,528,535,544,11296,11284,11280,15051796,10163545,50.0,0.83
1,1,1,FALSE,FALSE,FALSE,FALSE,FALSE,FALSE,528,535,544,11296,11284,11280,15051796,10163545,50.0,0.83
1,1,1,FALSE,FALSE,FALSE,FALSE,FALSE,FALSE,528,535,544,11296,11284,11280,15051796,10163545,50.0,0.83
1,1,1,FALSE,FALSE,FALSE,FALSE,FALSE,FALSE,528,535,544,11296,11284,11280,15051796,10163545,50.0,0.83
1,1,1,FALSE,FALSE,FALSE,FALSE,FALSE,FALSE,528,535,544,11296,11284,11280,15051796,10163545,50.0,0.83
1,1,1,FALSE,FALSE,FALSE,FALSE,FALSE,FALSE,528,535,544,11296,11284,11280,15051796,10163545,50.0,0.83
1,1,1,FALSE,FALSE,FALSE,FALSE,FALSE,FALSE,528,535,544,11296,11284,11280,15051796,10163545,50.0,0.83
1,1,1,FALSE,FALSE,FALSE,FALSE,FALSE,FALSE,528,535,544,11296,11284,11280,15051796,10163545,50.0,0.83
1,1,1,FALSE,FALSE,FALSE,FALSE,FALSE,FALSE,528,535,544,11296,11284,11280,15051796,10163545,50.0,0.83
1,1,1,FALSE,FALSE,FALSE,FALSE,FALSE,FALSE,528,535,544,11296,11284,11280,15051796,10163545,50.0,0.83
1,1,1,FALSE,FALSE,FALSE,FALSE,FALSE,FALSE,528,535,544,11296,11284,11280,15051796,10163545,50.0,0.83
1,1,1,FALSE,FALSE,FALSE,FALSE,FALSE,FALSE,528,535,544,11296,11284,11280,15051796,10163545,50.0,0.83
1,1,1,FALSE,FALSE,FALSE,FALSE,FALSE,FALSE,528,535,544,11296,11284,11280,15051796,10163545,50.0,0.83
1,1,1,FALSE,FALSE,FALSE,FALSE,FALSE,FALSE,528,535,544,11296,11284,11280,15051796,10163545,50.0,0.83
1,1,1,FALSE,FALSE,FALSE,FALSE,FALSE,FALSE,528,535,544,11296,11284,11280,15051796,10163545,50.0,0.83
1,1,1,FALSE,FALSE,FALSE,FALSE,FALSE,FALSE,528,535,544,11296,11284,11280,15051796,10163545,50.0,0.83
1,1,1,FALSE,FALSE,FALSE,FALSE,FALSE,FALSE,528,535,544,11296,11284,11280,15051796,10163545,50.0,0.83
1,1,1,FALSE,FALSE,FALSE,FALSE,FALSE,FALSE,528,535,544,11296,11284,11280,15051796,10163545,50.0,0.83
1,1,1,FALSE,FALSE,FALSE,FALSE,FALSE,FALSE,528,535,544,11296,11284,11280,15051796,10163545,50.0,0.83
1,1,1,FALSE,FALSE,FALSE,FALSE,FALSE,FALSE,528,535,544,11296,11284,11280,15051796,10163545,50.0,0.83
1,1,1,FALSE,FALSE,FALSE,FALSE,FALSE,FALSE,528,535,544,11296,11284,11280,15051796,10163545,50.0,0.83
1,1,1,FALSE,FALSE,FALSE,FALSE,FALSE,FALSE,528,535,544,11296,11284,11280,15051796,10163545,50.0,0.83
1,1,1,FALSE,FALSE,FALSE,FALSE,FALSE,FALSE,528,535,544,11296,11284,11280,15051796,10163545,50.0,0.83
1,1,1,FALSE,FALSE,FALSE,FALSE,FALSE,FALSE,528,535,544,11296,11284,11280,15051796,10163545,50.0,0.83
1,1,1,FALSE,FALSE,FALSE,FALSE,FALSE,FALSE,528,535,544,11296,11284,11280,15051796,10163545,50.0,0.83
1,1,1,FALSE,FALSE,FALSE,FALSE,FALSE,FALSE,528,535,544,11296,11284,11280,15051796,10163545,50.0,0.83
1,1,1,FALSE,FALSE,FALSE,FALSE,FALSE,FALSE,528,535,544,11296,11284,11280,15051796,10163545,50.0,0.83
1,1,1,FALSE,FALSE,FALSE,FALSE,FALSE,FALSE,528,535,544,11296,11284,11280,15051796,10163545,50.0,0.83
1,1,1,FALSE,FALSE,FALSE,FALSE,FALSE,FALSE,528,535,544,11296,11284,11280,15051796,10163545,50.0,0.83
1,1,1,FALSE,FALSE,FALSE,FALSE,FALSE,FALSE,528,535,544,11296,11284,11280,15051796,10163545,50.0,0.83
1,1,1,FALSE,FALSE,FALSE,FALSE,FALSE,FALSE,528,535,544,11296,11284,11280,15051796,10163545,50.0,0.83
1,1,1,FALSE,FALSE,FALSE,FALSE,FALSE,FALSE,528,535,544,11296,11284,11280,15051796,10163545,50.0,0.83
1,1,1,FALSE,FALSE,FALSE,FALSE,FALSE,FALSE,528,535,544,11296,11284,11280,15051796,10163545,50.0,0.83
1,1,1,FALSE,FALSE,FALSE,FALSE,FALSE,FALSE,528,535,544,11296,11284,11280,15051796,10163545,50.0,0.83
1,1,1,FALSE,FALSE,FALSE,FALSE,FALSE,FALSE,528,535,544,11296,11284,11280,15051796,10163545,50.0,0.83
1,1,1,FALSE,FALSE,FALSE,FALSE,FALSE,FALSE,528,535,544,11296,11284,11280,15051796,10163545,50.0,0.83
1,1,1,FALSE,FALSE,FALSE,FALSE,FALSE,FALSE,528,535,544,11296,11284,11280,15051796,10163545,50.0,0.83
1,1,1,FALSE,FALSE,FALSE,FALSE,FALSE,FALSE,528,535,544,11296,11284,11280,15051796,10163545,50.0,0.83
1,1,1,FALSE,FALSE,FALSE,FALSE,FALSE,FALSE,528,535,544,11296,11284,11280,15051796,10163545,50.0,0.83
1,1,1,FALSE,FALSE,FALSE,FALSE,FALSE,FALSE,528,535,544,11296,11284,11280,15051796,10163545,50.0,0.83
1,1,1,FALSE,FALSE,FALSE,FALSE,FALSE,FALSE,528,535,544,11296,11284,11280,15051796,10163545,50.0,0.83
1,1,1,FALSE,FALSE,FALSE,FALSE,FALSE,FALSE,528,535,544,11296,11284,11280,15051796,10163545,50.0,0.83
1,1,1,FALSE,FALSE,FALSE,FALSE,FALSE,FALSE,528,535,544,11296,11284,11280,15051796,10163545,50.0,0.83
1,1,1,FALSE,FALSE,FALSE,FALSE,FALSE,FALSE,528,535,544,11296,11284,11280,15051796,10163545,50.0,0.83
1,1,1,FALSE,FALSE,FALSE,FALSE,FALSE,FALSE,528,535,544,11296,11284,11280,15051796,10163545,50.0,0.83
1,1,1,FALSE,FALSE,FALSE,FALSE,FALSE,FALSE,528,535,544,11296,11284,11280,15051796,10163545,50.0,0.83
1,1,1,FALSE,FALSE,FALSE,FALSE,FALSE,FALSE,528,535,544,11296,11284,11280,15051796,10163545,50.0,0.83
1,1,1,FALSE,FALSE,FALSE,FALSE,FALSE,FALSE,528,535,544,11296,11284,11280,15051796,10163545,50.0,0.83
1,1,1,FALSE,FALSE,FALSE,FALSE,FALSE,FALSE,528,535,544,11296,11284,11280,15051796,10163545,50.0,0.83
1,1,1,FALSE,FALSE,FALSE,FALSE,FALSE,FALSE,528,535,544,11296,11284,11280,15051796,10163545,50.0,0.83
1,1,1,FALSE,FALSE,FALSE,FALSE,FALSE,FALSE,528,535,544,11296,11284,11280,15051796,10163545,50.0,0.83
1,1,1,FALSE,FALSE,FALSE,FALSE,FALSE,FALSE,528,535,544,11296,11284,11280,15051796,10163545,50.0,0.83
1,1,1,FALSE,FALSE,FALSE,FALSE,FALSE,FALSE,528,535,544,11296,11284,11280,15051796,10163545,50.0,0.83
1,1,1,FALSE,FALSE,FALSE,FALSE,FALSE,FALSE,528,535,544,11296,11284,11280,15051796,10163545,50.0,0.83
1,1,1,FALSE,FALSE,FALSE,FALSE,FALSE,FALSE,528,535,544,11296,11284,11280,15051796,10163545,50.0,0.83
1,1,1,FALSE,FALSE,FALSE,FALSE,FALSE,FALSE,528,535,544,11296,11284,11280,15051796,10163545,50.0,0.83
1,1,1,FALSE,FALSE,FALSE,FALSE,FALSE,FALSE,528,535,544,11296,11284,11280,15051796,10163545,50.0,0.83
1,1,1,FALSE,FALSE,FALSE,FALSE,FALSE,FALSE,528,535,544,11296,11284,11280,15051796,10163545,50.0,0.83
1,1,1,FALSE,FALSE,FALSE,FALSE,FALSE,FALSE,528,535,544,11296,11284,11280,15051796,10163545,50.0,0.83
1,1,1,FALSE,FALSE,FALSE,FALSE,FALSE,FALSE,528,535,544,11296,11284,11280,15051796,10163545,50.0,0.83
1,1,1,FALSE,FALSE,FALSE,FALSE,FALSE,FALSE,528,535,544,11296,11284,11280,15051796,10163545,50.0,0.83
1,1,1,FALSE,FALSE,FALSE,FALSE,FALSE,FALSE,528,535,544,11296,11284,11280,15051796,10163545,50.0,0.83
1,1,1,FALSE,FALSE,FALSE,FALSE,FALSE,FALSE,528,535,544,11296,11284,11280,15051796,10163545,50.0,0.83
1,1,1,FALSE,FALSE,FALSE,FALSE,FALSE,FALSE,528,535,544,11296,11284,11280,15051796,10163545,50.0,0.83
1,1,1,FALSE,FALSE,FALSE,FALSE,FALSE,FALSE,528,535,544,11296,11284,11280,15051796,10163545,50.0,0.83
1,1,1,FALSE,FALSE,FALSE,FALSE,FALSE,FALSE,528,535,544,11296,11284,11280,15051796,10163545,50.0,0.83
1,1,1,FALSE,FALSE,FALSE,FALSE,FALSE,FALSE,528,535,544,11296,11284,11280,15051796,10163545,50.0,0.83
1,1,1,FALSE,FALSE,FALSE,FALSE,FALSE,FALSE,528,535,544,11296,11284,11280,15051796,10163545,50.0,0.83
1,1,1,FALSE,FALSE,FALSE,FALSE,FALSE,FALSE,528,535,544,11296,11284,11280,15051796,10163545,50.0,0.83
1,1,1,FALSE,FALSE,FALSE,FALSE,FALSE,FALSE,528,535,544,11296,11284,11280,15051796,10163545,50.0,0.83
1,1,1,FALSE,FALSE,FALSE,FALSE,FALSE,FALSE,528,535,544,11296,11284,11280,15051796,10163545,50.0,0.83
1,1,1,FALSE,FALSE,FALSE,FALSE,FALSE,FALSE,528,535,544,11296,11284,11280,15051796,10163545,50.0,0.83
1,1,1,FALSE,FALSE,FALSE,FALSE,FALSE,FALSE,528,535,544,11296,11284,11280,15051796,10163545,50.0,0.83
1,1,1,FALSE,FALSE,FALSE,FALSE,FALSE,FALSE,528,535,544,11296,11284,11280,15051796,10163545,50.0,0.83
1,1,1,FALSE,FALSE,FALSE,FALSE,FALSE,FALSE,528,535,544,11296,11284,11280,15051796,10163545,50.0,0.83
1,1,1,FALSE,FALSE,FALSE,FALSE,FALSE,FALSE,528,535,544,11296,11284,11280,15051796,10163545,50.0,0.83
1,1,1,FALSE,FALSE,FALSE,FALSE,FALSE,FALSE,528,535,544,11296,11284,11280,15051796,10163545,50.0,0.83
1,1,1,FALSE,FALSE,FALSE,FALSE,FALSE,FALSE,528,535,544,11296,11284,11280,15051796,10163545,50.0,0.83
1,1,1,FALSE,FALSE,FALSE,FALSE,FALSE,FALSE,528,535,544,11296,11284,11280,15051796,10163545,50.0,0.83
1,1,1,FALSE,FALSE,FALSE,FALSE,FALSE,FALSE,528,535,544,11296,11284,11280,15051796,10163545,50.0,0.83
1,1,1,FALSE,FALSE,FALSE,FALSE,FALSE,FALSE,528,535,544,11296,11284,11280,15051796,10163545,50.0,0.83
1,1,1,FALSE,FALSE,FALSE,FALSE,FALSE,FALSE,528,535,544,11296,11284,11280,15051796,10163545,50.0,0.83
1,1,1,FALSE,FALSE,FALSE,FALSE,FALSE,FALSE,528,535,544,11296,11284,11280,15051796,10163545,50.0,0.83
1,1,1,FALSE,FALSE,FALSE,FALSE,FALSE,FALSE,528,535,544,11296,11284,11280,15051796,10163545,50.0,0.83
1,1,1,FALSE,FALSE,FALSE,FALSE,FALSE,FALSE,528,535,544,11296,11284,11280,15051796,10163545,50.0,0.83
1,1,1,FALSE,FALSE,FALSE,FALSE,FALSE,FALSE,528,535,544,11296,11284,11280,15051796,10163545,50.0,0.83
1,1,1,FALSE,FALSE,FALSE,FALSE,FALSE,FALSE,528,535,544,11296,11284,11280,15051796,10163545,50.0,0.83
1,1,1,FALSE,FALSE,FALSE,FALSE,FALSE,FALSE,528,535,544,11296,11284,11280,15051796,10163545,50.0,0.83
1,1,1,FALSE,FALSE,FALSE,FALSE,FALSE,FALSE,528,535,544,11296,11284,11280,15051796,10163545,50.0,0.83
1,1,1,FALSE,FALSE,FALSE,FALSE,FALSE,FALSE,528,535,544,11296,11284,11280,15051796,10163545,50.0,0.83
1,1,1,FALSE,FALSE,FALSE,FALSE,FALSE,FALSE,528,535,544,11296,11284,11280,15051796,10163545,50.0,0.83
1,1,1,FALSE,FALSE,FALSE,FALSE,FALSE,FALSE,528,535,544,11296,11284,11280,15051796,10163545,50.0,0.83
1,1,1,FALSE,FALSE,FALSE,FALSE,FALSE,FALSE,528,535,544,11296,11284,11280,15051796,10163545,50.0,0.83
1,1,1,FALSE,FALSE,FALSE,FALSE,FALSE,FALSE,528,535,544,11296,11284,11280,15051796,10163545,50.0,0.83
1,1,1,FALSE,FALSE,FALSE,FALSE,FALSE,FALSE,528,535,544,11296,11284,11280,15051796,10163545,50.0,0.83
1,1,1,FALSE,FALSE,FALSE,FALSE,FALSE,FALSE,528,535,544,11296,11284,11280,15051796,10163545,50.0,0.83
1,1,1,FALSE,FALSE,FALSE,FALSE,FALSE,FALSE,528,535,544,11296,11284,11280,15051796,10163545,50.0,0.83
1,1,1,FALSE,FALSE,FALSE,FALSE,FALSE,FALSE,528,535,544,11296,11284,11280,15051796,10163545,50.0,0.83
1,1,1,FALSE,FALSE,FALSE,FALSE,FALSE,FALSE,528,535,544,11296,11284,11280,15051796,10163545,50.0,0.83
1,1,1,FALSE,FALSE,FALSE,FALSE,FALSE,FALSE,528,535,544,11296,11284,11280,15051796,10163545,50.0,0.83
1,1,1,FALSE,FALSE,FALSE,FALSE,FALSE,FALSE,528,535,544,11296,11284,11280,15051796,10163545,50.0,0.83
1,1,1,FALSE,FALSE,FALSE,FALSE,FALSE,FALSE,528,535,544,11296,11284,11280,15051796,10163545,50.0,0.83
1,1,1,FALSE,FALSE,FALSE,FALSE,FALSE,FALSE,528,535,544,11296,11284,11280,15051796,10163545,50.0,0.83
1,1,1,FALSE,FALSE,FALSE,FALSE,FALSE,FALSE,528,535,544,11296,11284,11280,15051796,10163545,50.0,0.83
1,1,1,FALSE,FALSE,FALSE,FALSE,FALSE,FALSE,528,535,544,11296,11284,11280,15051796,10163545,50.0,0.83
1,1,1,FALSE,FALSE,FALSE,FALSE,FALSE,FALSE,528,535,544,11296,11284,11280,15051796,10163545,50.0,0.83
1,1,1,FALSE,FALSE,FALSE,FALSE,FALSE,FALSE,528,535,544,11296,11284,11280,15051796,10163545,50.0,0.83
1,1,1,FALSE,FALSE,FALSE,FALSE,FALSE,FALSE,528,535,544,11296,11284,11280,15051796,10163545,50.0,0.83
1,1,1,FALSE,FALSE,FALSE,FALSE,FALSE,FALSE,528,535,544,11296,11284,11280,15051796,10163545,50.0,0.83
1,1,1,FALSE,FALSE,FALSE,FALSE,FALSE,FALSE,528,535,544,11296,11284,11280,15051796,10163545,50.0,0.83
1,1,1,FALSE,FALSE,FALSE,FALSE,FALSE,FALSE,528,535,544,11296,11284,11280,15051796,10163545,50.0,0.83
1,1,1,FALSE,FALSE,FALSE,FALSE,FALSE,FALSE,528,535,544,11296,11284,11280,15051796,10163545,50.0,0.83
1,1,1,FALSE,FALSE,FALSE,FALSE,FALSE,FALSE,528,535,544,11296,11284,11280,15051796,10163545,50.0,0.83
1,1,1,FALSE,FALSE,FALSE,FALSE,FALSE,FALSE,528,535,544,11296,11284,11280,15051796,10163545,50.0,0.83
1,1,1,FALSE,FALSE,FALSE,FALSE,FALSE,FALSE,528,535,544,11296,11284,11280,15051796,10163545,50.0,0.83
1,1,1,FALSE,FALSE,FALSE,FALSE,FALSE,FALSE,528,535,544,11296,11284,11280,15051796,10163545,50.0,0.83
1,1,1,FALSE,FALSE,FALSE,FALSE,FALSE,FALSE,528,535,544,11296,11284,11280,15051796,10163545,50.0,0.83
1,1,1,FALSE,FALSE,FALSE,FALSE,FALSE,FALSE,528,535,544,11296,11284,11280,15051796,10163545,50.0,0.83
1,1,1,FALSE,FALSE,FALSE,FALSE,FALSE,FALSE,528,535,544,11296,11284,11280,15051796,10163545,50.0,0.83
1,1,1,FALSE,FALSE,FALSE,FALSE,FALSE,FALSE,528,535,544,11298,11287,11283,15051772,10163470,50.0,0.83
1,1,1,FALSE,FALSE,FALSE,FALSE,FALSE,FALSE,528,535,544,11298,11287,11283,15051772,10163470,50.0,0.83
1,1,1,FALSE,FALSE,FALSE,FALSE,FALSE,FALSE,528,535,544,11298,11287,11283,15051772,10163470,50.0,0.83
1,1,1,FALSE,FALSE,FALSE,FALSE,FALSE,FALSE,528,535,544,11298,11287,11283,15051772,10163470,50.0,0.83
1,1,1,FALSE,FALSE,FALSE,FALSE,FALSE,FALSE,526,533,541,11341,11332,11329,15051359,10162156,50.0,0.83
1,1,1,FALSE,FALSE,FALSE,FALSE,FALSE,FALSE,526,533,541,11341,11332,11329,15051359,10162156,50.0,0.83
1,1,1,FALSE,FALSE,FALSE,FALSE,FALSE,FALSE,526,533,541,11341,11332,11329,15051359,10162156,50.0,0.83
1,1,1,FALSE,FALSE,FALSE,FALSE,FALSE,FALSE,526,533,541,11341,11332,11329,15051359,10162156,50.0,0.83
1,1,1,FALSE,FALSE,FALSE,FALSE,FALSE,FALSE,524,531,539,11383,11375,11373,15050967,10160913,50.0,0.83
1,1,1,FALSE,FALSE,FALSE,FALSE,FALSE,FALSE,526,533,541,11340,11330,11327,15051372,10162199,50.0,0.83
1,1,1,FALSE,FALSE,FALSE,FALSE,FALSE,FALSE,526,533,541,11340,11330,11327,15051372,10162199,50.0,0.83
1,1,1,FALSE,FALSE,FALSE,FALSE,FALSE,FALSE,526,533,541,11340,11330,11327,15051372,10162199,50.0,0.83
1,1,1,FALSE,FALSE,FALSE,FALSE,FALSE,FALSE,526,533,541,11340,11330,11327,15051372,10162199,50.0,0.83
1,1,1,FALSE,FALSE,FALSE,FALSE,FALSE,FALSE,528,535,544,11298,11287,11283,15051772,10163470,50.0,0.83
1,1,1,FALSE,FALSE,FALSE,FALSE,FALSE,FALSE,528,535,544,11298,11287,11283,15051772,10163470,50.0,0.83
1,1,1,FALSE,FALSE,FALSE,FALSE,FALSE,FALSE,528,535,544,11298,11287,11283,15051772,10163470,50.0,0.83
1,1,1,FALSE,FALSE,FALSE,FALSE,FALSE,FALSE,528,535,544,11298,11287,11283,15051772,10163470,50.0,0.83
1,1,1,FALSE,FALSE,FALSE,FALSE,FALSE,FALSE,528,535,544,11298,11287,11283,15051772,10163470,50.0,0.83
1,1,1,FALSE,FALSE,FALSE,FALSE,FALSE,FALSE,528,535,544,11298,11287,11283,15051772,10163470,50.0,0.83
1,1,1,FALSE,FALSE,FALSE,FALSE,FALSE,FALSE,528,535,544,11298,11287,11283,15051772,10163470,50.0,0.83
1,1,1,FALSE,FALSE,FALSE,FALSE,FALSE,FALSE,528,535,544,11296,11284,11280,15051796,10163545,50.0,0.83
1,1,1,FALSE,FALSE,FALSE,FALSE,FALSE,FALSE,528,535,544,11296,11284,11280,15051796,10163545,50.0,0.83
1,1,1,FALSE,FALSE,FALSE,FALSE,FALSE,FALSE,528,535,544,11296,11284,11280,15051796,10163545,50.0,0.83
1,1,1,FALSE,FALSE,FALSE,FALSE,FALSE,FALSE,528,535,544,11296,11284,11280,15051796,10163545,50.0,0.83
1,1,1,FALSE,FALSE,FALSE,FALSE,FALSE,FALSE,528,535,544,11296,11284,11280,15051796,10163545,50.0,0.83
1,1,1,FALSE,FALSE,FALSE,FALSE,FALSE,FALSE,528,535,544,11296,11284,11280,15051796,10163545,50.0,0.83
1,1,1,FALSE,FALSE,FALSE,FALSE,FALSE,FALSE,528,535,544,11296,11284,11280,15051796,10163545,50.0,0.83
1,1,1,FALSE,FALSE,FALSE,FALSE,FALSE,FALSE,528,535,544,11296,11284,11280,15051796,10163545,50.0,0.83
1,1,1,FALSE,FALSE,FALSE,FALSE,FALSE,FALSE,528,535,544,11296,11284,11280,15051796,10163545,50.0,0.83
1,1,1,FALSE,FALSE,FALSE,FALSE,FALSE,FALSE,528,535,544,11296,11284,11280,15051796,10163545,50.0,0.83
1,1,1,FALSE,FALSE,FALSE,FALSE,FALSE,FALSE,528,535,544,11296,11284,11280,15051796,10163545,50.0,0.83
1,1,1,FALSE,FALSE,FALSE,FALSE,FALSE,FALSE,528,535,544,11296,11284,11280,15051796,10163545,50.0,0.83
1,1,1,FALSE,FALSE,FALSE,FALSE,FALSE,FALSE,528,535,544,11296,11284,11280,15051796,10163545,50.0,0.83
1,1,1,FALSE,FALSE,FALSE,FALSE,FALSE,FALSE,528,535,544,11296,11284,11280,15051796,10163545,50.0,0.83
1,1,1,FALSE,FALSE,FALSE,FALSE,FALSE,FALSE,528,535,544,11296,11284,11280,15051796,10163545,50.0,0.83
1,1,1,FALSE,FALSE,FALSE,FALSE,FALSE,FALSE,528,535,544,11296,11284,11280,15051796,10163545,50.0,0.83
1,1,1,FALSE,FALSE,FALSE,FALSE,FALSE,FALSE,528,535,544,11296,11284,11280,15051796,10163545,50.0,0.83
1,1,1,FALSE,FALSE,FALSE,FALSE,FALSE,FALSE,528,535,544,11296,11284,11280,15051796,10163545,50.0,0.83
1,1,1,FALSE,FALSE,FALSE,FALSE,FALSE,FALSE,528,535,544,11296,11284,11280,15051796,10163545,50.0,0.83
1,1,1,FALSE,FALSE,FALSE,FALSE,FALSE,FALSE,528,535,544,11296,11284,11280,15051796,10163545,50.0,0.83
1,1,1,FALSE,FALSE,FALSE,FALSE,FALSE,FALSE,528,535,544,11296,11284,11280,15051796,10163545,50.0,0.83
1,1,1,FALSE,FALSE,FALSE,FALSE,FALSE,FALSE,528,535,544,11296,11284,11280,15051796,10163545,50.0,0.83
1,1,1,FALSE,FALSE,FALSE,FALSE,FALSE,FALSE,528,535,544,11296,11284,11280,15051796,10163545,50.0,0.83
1,1,1,FALSE,FALSE,FALSE,FALSE,FALSE,FALSE,528,535,544,11296,11284,11280,15051796,10163545,50.0,0.83
1,1,1,FALSE,FALSE,FALSE,FALSE,FALSE,FALSE,528,535,544,11296,11284,11280,15051796,10163545,50.0,0.83
1,1,1,FALSE,FALSE,FALSE,FALSE,FALSE,FALSE,528,535,544,11296,11284,11280,15051796,10163545,50.0,0.83
1,1,1,FALSE,FALSE,FALSE,FALSE,FALSE,FALSE,528,535,544,11296,11284,11280,15051796,10163545,50.0,0.83
1,1,1,FALSE,FALSE,FALSE,FALSE,FALSE,FALSE,528,535,544,11296,11284,11280,15051796,10163545,50.0,0.83
1,1,1,FALSE,FALSE,FALSE,FALSE,FALSE,FALSE,528,535,544,11296,11284,11280,15051796,10163545,50.0,0.83
1,1,1,FALSE,FALSE,FALSE,FALSE,FALSE,FALSE,528,535,544,11296,11284,11280,15051796,10163545,50.0,0.83
1,1,1,FALSE,FALSE,FALSE,FALSE,FALSE,FALSE,528,535,544,11296,11284,11280,15051796,10163545,50.0,0.83
1,1,1,FALSE,FALSE,FALSE,FALSE,FALSE,FALSE,528,535,544,11296,11284,11280,15051796,10163545,50.0,0.83
1,1,1,FALSE,FALSE,FALSE,FALSE,FALSE,FALSE,528,535,544,11296,11284,11280,15051796,10163545,50.0,0.83
1,1,1,FALSE,FALSE,FALSE,FALSE,FALSE,FALSE,528,535,544,11296,11284,11280,15051796,10163545,50.0,0.83
1,1,1,FALSE,FALSE,FALSE,FALSE,FALSE,FALSE,528,535,544,11296,11284,11280,15051796,10163545,50.0,0.83
1,1,1,FALSE,FALSE,FALSE,FALSE,FALSE,FALSE,528,535,544,11296,11284,11280,15051796,10163545,50.0,0.83
1,1,1,FALSE,FALSE,FALSE,FALSE,FALSE,FALSE,528,535,544,11296,11284,11280,15051796,10163545,50.0,0.83
1,1,1,FALSE,FALSE,FALSE,FALSE,FALSE,FALSE,528,535,544,11296,11284,11280,15051796,10163545,50.0,0.83
1,1,1,FALSE,FALSE,FALSE,FALSE,FALSE,FALSE,528,535,544,11296,11284,11280,15051796,10163545,50.0,0.83
1,1,1,FALSE,FALSE,FALSE,FALSE,FALSE,FALSE,528,535,544,11296,11284,11280,15051796,10163545,50.0,0.83
1,1,1,FALSE,FALSE,FALSE,FALSE,FALSE,FALSE,528,535,544,11296,11284,11280,15051796,10163545,50.0,0.83
1,1,1,FALSE,FALSE,FALSE,FALSE,FALSE,FALSE,528,535,544,11296,11284,11280,15051796,10163545,50.0,0.83
1,1,1,FALSE,FALSE,FALSE,FALSE,FALSE,FALSE,528,535,544,11296,11284,11280,15051796,10163545,50.0,0.83
1,1,1,FALSE,FALSE,FALSE,FALSE,FALSE,FALSE,528,535,544,11296,11284,11280,15051796,10163545,50.0,0.83
1,1,1,FALSE,FALSE,FALSE,FALSE,FALSE,FALSE,528,535,544,11296,11284,11280,15051796,10163545,50.0,0.83
1,1,1,FALSE,FALSE,FALSE,FALSE,FALSE,FALSE,528,535,544,11296,11284,11280,15051796,10163545,50.0,0.83
1,1,1,FALSE,FALSE,FALSE,FALSE,FALSE,FALSE,528,535,544,11296,11284,11280,15051796,10163545,50.0,0.83
1,1,1,FALSE,FALSE,FALSE,FALSE,FALSE,FALSE,528,535,544,11296,11284,11280,15051796,10163545,50.0,0.83
1,1,1,FALSE,FALSE,FALSE,FALSE,FALSE,FALSE,528,535,544,11296,11284,11280,15051796,10163545,50.0,0.83
1,1,1,FALSE,FALSE,FALSE,FALSE,FALSE,FALSE,528,535,544,11296,11284,11280,15051796,10163545,50.0,0.83
1,1,1,FALSE,FALSE,FALSE,FALSE,FALSE,FALSE,528,535,544,11296,11284,11280,15051796,10163545,50.0,0.83
1,1,1,FALSE,FALSE,FALSE,FALSE,FALSE,FALSE,528,535,544,11296,11284,11280,15051796,10163545,50.0,0.83
1,1,1,FALSE,FALSE,FALSE,FALSE,FALSE,FALSE,528,535,544,11296,11284,11280,15051796,10163545,50.0,0.83
1,1,1,FALSE,FALSE,FALSE,FALSE,FALSE,FALSE,528,535,544,11296,11284,11280,15051796,10163545,50.0,0.83
1,1,1,FALSE,FALSE,FALSE,FALSE,FALSE,FALSE,528,535,544,11296,11284,11280,15051796,10163545,50.0,0.83
1,1,1,FALSE,FALSE,FALSE,FALSE,FALSE,FALSE,528,535,544,11296,11284,11280,15051796,10163545,50.0,0.83
1,1,1,FALSE,FALSE,FALSE,FALSE,FALSE,FALSE,528,535,544,11296,11284,11280,15051796,10163545,50.0,0.83
1,1,1,FALSE,FALSE,FALSE,FALSE,FALSE,FALSE,528,535,544,11296,11284,11280,15051796,10163545,50.0,0.83
1,1,1,FALSE,FALSE,FALSE,FALSE,FALSE,FALSE,528,535,544,11296,11284,11280,15051796,10163545,50.0,0.83
1,1,1,FALSE,FALSE,FALSE,FALSE,FALSE,FALSE,528,535,544,11296,11284,11280,15051796,10163545,50.0,0.83
1,1,1,FALSE,FALSE,FALSE,FALSE,FALSE,FALSE,528,535,544,11298,11287,11283,15051772,10163470,50.0,0.83
1,1,1,FALSE,FALSE,FALSE,FALSE,FALSE,FALSE,528,535,544,11298,11287,11283,15051772,10163470,50.0,0.83
1,1,1,FALSE,TRUE,FALSE,FALSE,FALSE,FALSE,528,535,544,11298,11287,11283,15051772,10163470,50.0,0.83
0,1,1,FALSE,TRUE,FALSE,FALSE,FALSE,FALSE,528,535,544,11298,11286,11282,15051777,10163486,50.0,0.83
0,1,1,FALSE,TRUE,FALSE,FALSE,FALSE,FALSE,0,0,0,11340,11330,11327,0,0,50.0,0.83
0,1,1,FALSE,TRUE,FALSE,FALSE,FALSE,FALSE,0,0,0,11340,11330,11327,0,0,50.0,0.83
0,1,1,FALSE,TRUE,FALSE,FALSE,FALSE,FALSE,0,0,0,11340,11330,11327,0,0,50.0,0.83
0,1,1,FALSE,TRUE,FALSE,FALSE,FALSE,FALSE,0,0,0,11340,11330,11327,0,0,50.0,0.83
0,1,1,FALSE,TRUE,FALSE,FALSE,FALSE,FALSE,0,0,0,11381,11374,11371,0,0,50.0,0.83
0,1,1,FALSE,FALSE,FALSE,FALSE,FALSE,FALSE,0,0,0,11381,11374,11371,0,0,50.0,0.83
1,1,1,FALSE,FALSE,FALSE,FALSE,FALSE,FALSE,526,533,541,11340,11330,11327,15051372,10162199,50.0,0.83
1,1,1,FALSE,FALSE,FALSE,FALSE,FALSE,FALSE,526,533,541,11340,11330,11327,15051372,10162199,50.0,0.83
1,1,1,FALSE,FALSE,FALSE,FALSE,FALSE,FALSE,526,533,541,11340,11330,11327,15051372,10162199,50.0,0.83
1,1,1,FALSE,FALSE,FALSE,FALSE,FALSE,FALSE,526,533,541,11340,11330,11327,15051372,10162199,50.0,0.83
1,1,1,FALSE,FALSE,FALSE,FALSE,FALSE,FALSE,528,535,544,11298,11286,11282,15051777,10163486,50.0,0.83
1,1,1,FALSE,FALSE,FALSE,FALSE,FALSE,FALSE,528,535,544,11298,11286,11282,15051777,10163486,50.0,0.83
1,1,1,FALSE,FALSE,FALSE,FALSE,FALSE,FALSE,528,535,544,11298,11286,11282,15051777,10163486,50.0,0.83
1,1,1,FALSE,FALSE,FALSE,FALSE,FALSE,FALSE,528,535,544,11298,11286,11282,15051777,10163486,50.0,0.83
1,1,1,FALSE,FALSE,FALSE,FALSE,FALSE,FALSE,528,535,544,11298,11286,11282,15051777,10163486,50.0,0.83
1,1,1,FALSE,FALSE,FALSE,FALSE,FALSE,FALSE,528,535,544,11298,11286,11282,15051777,10163486,50.0,0.83
1,1,1,FALSE,FALSE,FALSE,FALSE,FALSE,FALSE,528,535,544,11298,11286,11282,15051777,10163486,50.0,0.83
1,1,1,FALSE,FALSE,FALSE,FALSE,FALSE,FALSE,528,535,544,11298,11286,11282,15051777,10163486,50.0,0.83
1,1,1,FALSE,FALSE,FALSE,FALSE,FALSE,FALSE,528,535,544,11298,11286,11282,15051777,10163486,50.0,0.83
1,1,1,FALSE,FALSE,FALSE,FALSE,FALSE,FALSE,528,535,544,11296,11284,11280,15051796,10163545,50.0,0.83
1,1,1,FALSE,FALSE,FALSE,FALSE,FALSE,FALSE,528,535,544,11296,11284,11280,15051796,10163545,50.0,0.83
1,1,1,FALSE,FALSE,FALSE,FALSE,FALSE,FALSE,528,535,544,11296,11284,11280,15051796,10163545,50.0,0.83
1,1,1,FALSE,FALSE,FALSE,FALSE,FALSE,FALSE,528,535,544,11296,11284,11280,15051796,10163545,50.0,0.83
1,1,1,FALSE,FALSE,FALSE,FALSE,FALSE,FALSE,528,535,544,11296,11284,11280,15051796,10163545,50.0,0.83
1,1,1,FALSE,FALSE,FALSE,FALSE,FALSE,FALSE,528,535,544,11296,11284,11280,15051796,10163545,50.0,0.83
1,1,1,FALSE,FALSE,FALSE,FALSE,FALSE,FALSE,528,535,544,11296,11284,11280,15051796,10163545,50.0,0.83
1,1,1,FALSE,FALSE,FALSE,FALSE,FALSE,FALSE,528,535,544,11296,11284,11280,15051796,10163545,50.0,0.83
1,1,1,FALSE,FALSE,FALSE,FALSE,FALSE,FALSE,528,535,544,11296,11284,11280,15051796,10163545,50.0,0.83
1,1,1,FALSE,FALSE,FALSE,FALSE,FALSE,FALSE,528,535,544,11296,11284,11280,15051796,10163545,50.0,0.83
1,1,1,FALSE,FALSE,FALSE,FALSE,FALSE,FALSE,528,535,544,11296,11284,11280,15051796,10163545,50.0,0.83
1,1,1,FALSE,FALSE,FALSE,FALSE,FALSE,FALSE,528,535,544,11296,11284,11280,15051796,10163545,50.0,0.83
1,1,1,FALSE,FALSE,FALSE,FALSE,FALSE,FALSE,528,535,544,11296,11284,11280,15051796,10163545,50.0,0.83
1,1,1,FALSE,FALSE,FALSE,FALSE,FALSE,FALSE,528,535,544,11296,11284,11280,15051796,10163545,50.0,0.83
1,1,1,FALSE,FALSE,FALSE,FALSE,FALSE,FALSE,528,535,544,11296,11284,11280,15051796,10163545,50.0,0.83
1,1,1,FALSE,FALSE,FALSE,FALSE,FALSE,FALSE,528,535,544,11296,11284,11280,15051796,10163545,50.0,0.83
1,1,1,FALSE,FALSE,FALSE,FALSE,FALSE,FALSE,528,535,544,11296,11284,11280,15051796,10163545,50.0,0.83
1,1,1,FALSE,FALSE,FALSE,FALSE,FALSE,FALSE,528,535,544,11296,11284,11280,15051796,10163545,50.0,0.83
1,1,1,FALSE,FALSE,FALSE,FALSE,FALSE,FALSE,528,535,544,11296,11284,11280,15051796,10163545,50.0,0.83
1,1,1,FALSE,FALSE,FALSE,FALSE,FALSE,FALSE,528,535,544,11296,11284,11280,15051796,10163545,50.0,0.83
1,1,1,FALSE,FALSE,FALSE,FALSE,FALSE,FALSE,528,535,544,11296,11284,11280,15051796,10163545,50.0,0.83
1,1,1,FALSE,FALSE,FALSE,FALSE,FALSE,FALSE,528,535,544,11296,11284,11280,15051796,10163545,50.0,0.83
1,1,1,FALSE,FALSE,FALSE,FALSE,FALSE,FALSE,528,535,544,11296,11284,11280,15051796,10163545,50.0,0.83
1,1,1,FALSE,FALSE,FALSE,FALSE,FALSE,FALSE,528,535,544,11296,11284,11280,15051796,10163545,50.0,0.83
1,1,1,FALSE,FALSE,FALSE,FALSE,FALSE,FALSE,528,535,544,11296,11284,11280,15051796,10163545,50.0,0.83
1,1,1,FALSE,FALSE,FALSE,FALSE,FALSE,FALSE,528,535,544,11296,11284,11280,15051796,10163545,50.0,0.83
1,1,1,FALSE,FALSE,FALSE,FALSE,FALSE,FALSE,528,535,544,11296,11284,11280,15051796,10163545,50.0,0.83
1,1,1,FALSE,FALSE,FALSE,FALSE,FALSE,FALSE,528,535,544,11296,11284,11280,15051796,10163545,50.0,0.83
1,1,1,FALSE,FALSE,FALSE,FALSE,FALSE,FALSE,528,535,544,11296,11284,11280,15051796,10163545,50.0,0.83
1,1,1,FALSE,FALSE,FALSE,FALSE,FALSE,FALSE,528,535,544,11296,11284,11280,15051796,10163545,50.0,0.83
1,1,1,FALSE,FALSE,FALSE,FALSE,FALSE,FALSE,528,535,544,11296,11284,11280,15051796,10163545,50.0,0.83
1,1,1,FALSE,FALSE,FALSE,FALSE,FALSE,FALSE,528,535,544,11296,11284,11280,15051796,10163545,50.0,0.83
1,1,1,FALSE,FALSE,FALSE,FALSE,FALSE,FALSE,528,535,544,11296,11284,11280,15051796,10163545,50.0,0.83
1,1,1,FALSE,FALSE,FALSE,FALSE,FALSE,FALSE,528,535,544,11296,11284,11280,15051796,10163545,50.0,0.83
1,1,1,FALSE,FALSE,FALSE,FALSE,FALSE,FALSE,528,535,544,11296,11284,11280,15051796,10163545,50.0,0.83
1,1,1,FALSE,FALSE,FALSE,FALSE,FALSE,FALSE,528,535,544,11296,11284,11280,15051796,10163545,50.0,0.83
1,1,1,FALSE,FALSE,FALSE,FALSE,FALSE,FALSE,528,535,544,11296,11284,11280,15051796,10163545,50.0,0.83
1,1,1,FALSE,FALSE,FALSE,FALSE,FALSE,FALSE,528,535,544,11296,11284,11280,15051796,10163545,50.0,0.83
1,1,1,FALSE,FALSE,FALSE,FALSE,FALSE,FALSE,528,535,544,11296,11284,11280,15051796,10163545,50.0,0.83
1,1,1,FALSE,FALSE,FALSE,FALSE,FALSE,FALSE,528,535,544,11296,11284,11280,15051796,10163545,50.0,0.83
1,1,1,FALSE,FALSE,FALSE,FALSE,FALSE,FALSE,528,535,544,11296,11284,11280,15051796,10163545,50.0,0.83
1,1,1,FALSE,FALSE,FALSE,FALSE,FALSE,FALSE,528,535,544,11296,11284,11280,15051796,10163545,50.0,0.83
1,1,1,FALSE,FALSE,FALSE,FALSE,FALSE,FALSE,528,535,544,11296,11284,11280,15051796,10163545,50.0,0.83
1,1,1,FALSE,FALSE,FALSE,FALSE,FALSE,FALSE,528,535,544,11296,11284,11280,15051796,10163545,50.0,0.83
1,1,1,FALSE,FALSE,FALSE,FALSE,FALSE,FALSE,528,535,544,11296,11284,11280,15051796,10163545,50.0,0.83
1,1,1,FALSE,FALSE,FALSE,FALSE,FALSE,FALSE,528,535,544,11296,11284,11280,15051796,10163545,50.0,0.83
1,1,1,FALSE,FALSE,FALSE,FALSE,FALSE,FALSE,528,535,544,11296,11284,11280,15051796,10163545,50.0,0.83
1,1,1,FALSE,FALSE,FALSE,FALSE,FALSE,FALSE,528,535,544,11296,11284,11280,15051796,10163545,50.0,0.83
1,1,1,FALSE,FALSE,FALSE,FALSE,FALSE,FALSE,528,535,544,11296,11284,11280,15051796,10163545,50.0,0.83
1,1,1,FALSE,FALSE,FALSE,FALSE,FALSE,FALSE,528,535,544,11296,11284,11280,15051796,10163545,50.0,0.83
1,1,1,FALSE,FALSE,FALSE,FALSE,FALSE,FALSE,528,535,544,11296,11284,11280,15051796,10163545,50.0,0.83
1,1,1,FALSE,FALSE,FALSE,FALSE,FALSE,FALSE,528,535,544,11296,11284,11280,15051796,10163545,50.0,0.83
1,1,1,FALSE,FALSE,FALSE,FALSE,FALSE,FALSE,528,535,544,11296,11284,11280,15051796,10163545,50.0,0.83
1,1,1,FALSE,FALSE,FALSE,FALSE,FALSE,FALSE,528,535,544,11296,11284,11280,15051796,10163545,50.0,0.83
1,1,1,FALSE,FALSE,FALSE,FALSE,FALSE,FALSE,528,535,544,11296,11284,11280,15051796,10163545,50.0,0.83
1,1,1,FALSE,FALSE,FALSE,FALSE,FALSE,FALSE,528,535,544,11296,11284,11280,15051796,10163545,50.0,0.83
1,1,1,FALSE,FALSE,FALSE,FALSE,FALSE,FALSE,528,535,544,11296,11284,11280,15051796,10163545,50.0,0.83
1,1,1,FALSE,FALSE,FALSE,FALSE,FALSE,FALSE,528,535,544,11296,11284,11280,15051796,10163545,50.0,0.83
1,1,1,FALSE,FALSE,FALSE,FALSE,FALSE,FALSE,528,535,544,11296,11284,11280,15051796,10163545,50.0,0.83
1,1,1,FALSE,FALSE,FALSE,FALSE,FALSE,FALSE,528,535,544,11296,11284,11280,15051796,10163545,50.0,0.83
1,1,1,FALSE,FALSE,FALSE,FALSE,FALSE,FALSE,528,535,544,11296,11284,11280,15051796,10163545,50.0,0.83
1,1,1,FALSE,FALSE,FALSE,FALSE,FALSE,FALSE,528,535,544,11296,11284,11280,15051796,10163545,50.0,0.83
1,1,1,FALSE,FALSE,FALSE,FALSE,FALSE,FALSE,528,535,544,11296,11284,11280,15051796,10163545,50.0,0.83
1,1,1,FALSE,FALSE,FALSE,FALSE,FALSE,FALSE,528,535,544,11296,11284,11280,15051796,10163545,50.0,0.83
1,1,1,FALSE,FALSE,FALSE,FALSE,FALSE,FALSE,528,535,544,11296,11284,11280,15051796,10163545,50.0,0.83
1,1,1,FALSE,FALSE,FALSE,FALSE,FALSE,FALSE,528,535,544,11296,11284,11280,15051796,10163545,50.0,0.83
1,1,1,FALSE,FALSE,FALSE,FALSE,FALSE,FALSE,528,535,544,11296,11284,11280,15051796,10163545,50.0,0.83
1,1,1,FALSE,FALSE,FALSE,FALSE,FALSE,FALSE,528,535,544,11296,11284,11280,15051796,10163545,50.0,0.83
1,1,1,FALSE,FALSE,FALSE,FALSE,FALSE,FALSE,528,535,544,11296,11284,11280,15051796,10163545,50.0,0.83
1,1,1,FALSE,FALSE,FALSE,FALSE,FALSE,FALSE,528,535,544,11296,11284,11280,15051796,10163545,50.0,0.83
1,1,1,FALSE,FALSE,FALSE,FALSE,FALSE,FALSE,528,535,544,11296,11284,11280,15051796,10163545,50.0,0.83
1,1,1,FALSE,FALSE,FALSE,FALSE,FALSE,FALSE,528,535,544,11296,11284,11280,15051796,10163545,50.0,0.83
1,1,1,FALSE,FALSE,FALSE,FALSE,FALSE,FALSE,528,535,544,11296,11284,11280,15051796,10163545,50.0,0.83
1,1,1,FALSE,FALSE,FALSE,FALSE,FALSE,FALSE,528,535,544,11296,11284,11280,15051796,10163545,50.0,0.83
1,1,1,FALSE,FALSE,FALSE,FALSE,FALSE,FALSE,528,535,544,11296,11284,11280,15051796,10163545,50.0,0.83
1,1,1,FALSE,FALSE,FALSE,FALSE,FALSE,FALSE,528,535,544,11296,11284,11280,15051796,10163545,50.0,0.83
1,1,1,FALSE,FALSE,FALSE,FALSE,FALSE,FALSE,528,535,544,11296,11284,11280,15051796,10163545,50.0,0.83
1,1,1,FALSE,FALSE,FALSE,FALSE,FALSE,FALSE,528,535,544,11296,11284,11280,15051796,10163545,50.0,0.83
1,1,1,FALSE,FALSE,FALSE,FALSE,FALSE,FALSE,528,535,544,11296,11284,11280,15051796,10163545,50.0,0.83
1,1,1,FALSE,FALSE,FALSE,FALSE,FALSE,FALSE,524,531,539,11382,11374,11372,15050977,10160943,50.0,0.83
1,1,1,FALSE,FALSE,FALSE,FALSE,FALSE,FALSE,524,531,539,11382,11374,11372,15050977,10160943,50.0,0.83
1,1,1,FALSE,FALSE,FALSE,FALSE,FALSE,FALSE,524,531,539,11382,11374,11372,15050977,10160943,50.0,0.83
1,1,1,FALSE,FALSE,FALSE,FALSE,FALSE,FALSE,524,531,539,11382,11374,11372,15050977,10160943,50.0,0.83
1,1,1,FALSE,FALSE,FALSE,FALSE,FALSE,FALSE,524,531,539,11382,11374,11372,15050977,10160943,50.0,0.83
1,1,1,FALSE,FALSE,FALSE,FALSE,FALSE,FALSE,524,531,539,11382,11374,11372,15050977,10160943,50.0,0.83
1,1,1,FALSE,FALSE,FALSE,FALSE,FALSE,FALSE,524,531,539,11382,11374,11372,15050977,10160943,50.0,0.83
1,1,1,FALSE,FALSE,FALSE,FALSE,FALSE,FALSE,524,531,539,11382,11374,11372,15050977,10160943,50.0,0.83
1,1,1,FALSE,FALSE,FALSE,FALSE,FALSE,FALSE,524,531,539,11382,11374,11372,15050977,10160943,50.0,0.83
1,1,1,FALSE,FALSE,FALSE,FALSE,FALSE,FALSE,524,531,539,11382,11374,11372,15050977,10160943,50.0,0.83
1,1,1,FALSE,FALSE,FALSE,FALSE,FALSE,FALSE,524,531,539,11382,11374,11372,15050977,10160943,50.0,0.83
1,1,1,FALSE,FALSE,FALSE,FALSE,FALSE,FALSE,524,531,539,11382,11374,11372,15050977,10160943,50.0,0.83
1,1,1,FALSE,FALSE,FALSE,FALSE,FALSE,FALSE,524,531,539,11382,11374,11372,15050977,10160943,50.0,0.83
1,1,1,FALSE,FALSE,FALSE,FALSE,FALSE,FALSE,524,531,539,11382,11374,11372,15050977,10160943,50.0,0.83
1,1,1,FALSE,FALSE,FALSE,FALSE,FALSE,FALSE,524,531,539,11382,11374,11372,15050977,10160943,50.0,0.83
1,1,1,FALSE,FALSE,FALSE,FALSE,FALSE,FALSE,524,531,539,11382,11374,11372,15050977,10160943,50.0,0.83
1,1,1,FALSE,FALSE,FALSE,FALSE,FALSE,FALSE,524,531,539,11382,11374,11372,15050977,10160943,50.0,0.83
1,1,1,FALSE,FALSE,FALSE,FALSE,FALSE,FALSE,524,531,539,11382,11374,11372,15050977,10160943,50.0,0.83
1,1,1,FALSE,FALSE,FALSE,FALSE,FALSE,FALSE,524,531,539,11382,11374,11372,15050977,10160943,50.0,0.83
1,1,1,FALSE,FALSE,FALSE,FALSE,FALSE,FALSE,524,531,539,11382,11374,11372,15050977,10160943,50.0,0.83
1,1,1,FALSE,FALSE,FALSE,FALSE,FALSE,FALSE,528,535,544,11296,11284,11280,15051796,10163545,50.0,0.83
1,1,1,FALSE,FALSE,FALSE,FALSE,FALSE,FALSE,528,535,544,11296,11284,11280,15051796,10163545,50.0,0.83
1,1,1,FALSE,FALSE,FALSE,FALSE,FALSE,FALSE,528,535,544,11296,11284,11280,15051796,10163545,50.0,0.83
1,1,1,FALSE,FALSE,FALSE,FALSE,FALSE,FALSE,528,535,544,11296,11284,11280,15051796,10163545,50.0,0.83
1,1,1,FALSE,FALSE,FALSE,FALSE,FALSE,FALSE,528,535,544,11296,11284,11280,15051796,10163545,50.0,0.83
1,1,1,FALSE,FALSE,FALSE,FALSE,FALSE,FALSE,528,535,544,11296,11284,11280,15051796,10163545,50.0,0.83
1,1,1,FALSE,FALSE,FALSE,FALSE,FALSE,FALSE,528,535,544,11296,11284,11280,15051796,10163545,50.0,0.83
1,1,1,FALSE,FALSE,FALSE,FALSE,FALSE,FALSE,528,535,544,11296,11284,11280,15051796,10163545,50.0,0.83
1,1,1,FALSE,FALSE,FALSE,FALSE,FALSE,FALSE,528,535,544,11296,11284,11280,15051796,10163545,50.0,0.83
1,1,1,FALSE,FALSE,FALSE,FALSE,FALSE,FALSE,528,535,544,11296,11284,11280,15051796,10163545,50.0,0.83
1,1,1,FALSE,FALSE,FALSE,FALSE,FALSE,FALSE,528,535,544,11296,11284,11280,15051796,10163545,50.0,0.83
1,1,1,FALSE,FALSE,FALSE,FALSE,FALSE,FALSE,528,535,544,11296,11284,11280,15051796,10163545,50.0,0.83
1,1,1,FALSE,FALSE,FALSE,FALSE,FALSE,FALSE,528,535,544,11296,11284,11280,15051796,10163545,50.0,0.83
1,1,1,FALSE,FALSE,FALSE,FALSE,FALSE,FALSE,528,535,544,11296,11284,11280,15051796,10163545,50.0,0.83
1,1,1,FALSE,FALSE,FALSE,FALSE,FALSE,FALSE,528,535,544,11296,11284,11280,15051796,10163545,50.0,0.83
1,1,1,FALSE,FALSE,FALSE,FALSE,FALSE,FALSE,528,535,544,11296,11284,11280,15051796,10163545,50.0,0.83
1,1,1,FALSE,FALSE,FALSE,FALSE,FALSE,FALSE,528,535,544,11296,11284,11280,15051796,10163545,50.0,0.83
1,1,1,FALSE,FALSE,FALSE,FALSE,FALSE,FALSE,528,535,544,11296,11284,11280,15051796,10163545,50.0,0.83
1,1,1,FALSE,FALSE,FALSE,FALSE,FALSE,FALSE,528,535,544,11296,11284,11280,15051796,10163545,50.0,0.83
1,1,1,FALSE,FALSE,FALSE,FALSE,FALSE,FALSE,528,535,544,11296,11284,11280,15051796,10163545,50.0,0.83
1,1,1,FALSE,FALSE,FALSE,FALSE,FALSE,FALSE,528,535,544,11296,11284,11280,15051796,10163545,50.0,0.83
1,1,1,FALSE,FALSE,FALSE,FALSE,FALSE,FALSE,528,535,544,11296,11284,11280,15051796,10163545,50.0,0.83
1,1,1,FALSE,FALSE,FALSE,FALSE,FALSE,FALSE,528,535,544,11296,11284,11280,15051796,10163545,50.0,0.83
1,1,1,FALSE,FALSE,FALSE,FALSE,FALSE,FALSE,528,535,544,11296,11284,11280,15051796,10163545,50.0,0.83
1,1,1,FALSE,FALSE,FALSE,FALSE,FALSE,FALSE,528,535,544,11296,11284,11280,15051796,10163545,50.0,0.83
1,1,1,FALSE,FALSE,FALSE,FALSE,FALSE,FALSE,528,535,544,11296,11284,11280,15051796,10163545,50.0,0.83
1,1,1,FALSE,FALSE,FALSE,FALSE,FALSE,FALSE,528,535,544,11296,11284,11280,15051796,10163545,50.0,0.83
1,1,1,FALSE,FALSE,FALSE,FALSE,FALSE,FALSE,528,535,544,11296,11284,11280,15051796,10163545,50.0,0.83
1,1,1,FALSE,FALSE,FALSE,FALSE,FALSE,FALSE,528,535,544,11296,11284,11280,15051796,10163545,50.0,0.83
1,1,1,FALSE,FALSE,FALSE,FALSE,FALSE,FALSE,528,535,544,11296,11284,11280,15051796,10163545,50.0,0.83
1,1,1,FALSE,FALSE,FALSE,FALSE,FALSE,FALSE,528,535,544,11296,11284,11280,15051796,10163545,50.0,0.83
1,1,1,FALSE,FALSE,FALSE,FALSE,FALSE,FALSE,528,535,544,11296,11284,11280,15051796,10163545,50.0,0.83
1,1,1,FALSE,FALSE,FALSE,FALSE,FALSE,FALSE,528,535,544,11296,11284,11280,15051796,10163545,50.0,0.83
1,1,1,FALSE,FALSE,FALSE,FALSE,FALSE,FALSE,528,535,544,11296,11284,11280,15051796,10163545,50.0,0.83
1,1,1,FALSE,FALSE,FALSE,FALSE,FALSE,FALSE,528,535,544,11296,11284,11280,15051796,10163545,50.0,0.83
1,1,1,FALSE,FALSE,FALSE,FALSE,FALSE,FALSE,528,535,544,11296,11284,11280,15051796,10163545,50.0,0.83
1,1,1,FALSE,FALSE,FALSE,FALSE,FALSE,FALSE,528,535,544,11296,11284,11280,15051796,10163545,50.0,0.83
1,1,1,FALSE,FALSE,FALSE,FALSE,FALSE,FALSE,528,535,544,11296,11284,11280,15051796,10163545,50.0,0.83
1,1,1,FALSE,FALSE,FALSE,FALSE,FALSE,FALSE,528,535,544,11296,11284,11280,15051796,10163545,50.0,0.83
1,1,1,FALSE,FALSE,FALSE,FALSE,FALSE,FALSE,528,535,544,11296,11284,11280,15051796,10163545,50.0,0.83
1,1,1,FALSE,FALSE,FALSE,FALSE,FALSE,FALSE,528,535,544,11296,11284,11280,15051796,10163545,50.0,0.83
1,1,1,FALSE,FALSE,FALSE,FALSE,FALSE,FALSE,528,535,544,11296,11284,11280,15051796,10163545,50.0,0.83
1,1,1,FALSE,FALSE,FALSE,FALSE,FALSE,FALSE,528,535,544,11296,11284,11280,15051796,10163545,50.0,0.83
1,1,1,FALSE,FALSE,FALSE,FALSE,FALSE,FALSE,528,535,544,11296,11284,11280,15051796,10163545,50.0,0.83
1,1,1,FALSE,FALSE,FALSE,FALSE,FALSE,FALSE,528,535,544,11296,11284,11280,15051796,10163545,50.0,0.83
1,1,1,FALSE,FALSE,FALSE,FALSE,FALSE,FALSE,528,535,544,11296,11284,11280,15051796,10163545,50.0,0.83
1,1,1,FALSE,FALSE,FALSE,FALSE,FALSE,FALSE,528,535,544,11296,11284,11280,15051796,10163545,50.0,0.83
1,1,1,FALSE,FALSE,FALSE,FALSE,FALSE,FALSE,528,535,544,11296,11284,11280,15051796,10163545,50.0,0.83
1,1,1,FALSE,FALSE,FALSE,FALSE,FALSE,FALSE,528,535,544,11296,11284,11280,15051796,10163545,50.0,0.83
1,1,1,FALSE,FALSE,FALSE,FALSE,FALSE,FALSE,528,535,544,11296,11284,11280,15051796,10163545,50.0,0.83
1,1,1,FALSE,FALSE,FALSE,FALSE,FALSE,FALSE,528,535,544,11296,11284,11280,15051796,10163545,50.0,0.83
1,1,1,FALSE,FALSE,FALSE,FALSE,FALSE,FALSE,528,535,544,11296,11284,11280,15051796,10163545,50.0,0.83
1,1,1,FALSE,FALSE,FALSE,FALSE,FALSE,FALSE,528,535,544,11296,11284,11280,15051796,10163545,50.0,0.83
1,1,1,FALSE,FALSE,FALSE,FALSE,FALSE,FALSE,528,535,544,11296,11284,11280,15051796,10163545,50.0,0.83
1,1,1,FALSE,FALSE,FALSE,FALSE,FALSE,FALSE,528,535,544,11296,11284,11280,15051796,10163545,50.0,0.83
1,1,1,FALSE,FALSE,FALSE,FALSE,FALSE,FALSE,528,535,544,11296,11284,11280,15051796,10163545,50.0,0.83
1,1,1,FALSE,FALSE,FALSE,FALSE,FALSE,FALSE,528,535,544,11296,11284,11280,15051796,10163545,50.0,0.83
1,1,1,FALSE,FALSE,FALSE,FALSE,FALSE,FALSE,528,535,544,11296,11284,11280,15051796,10163545,50.0,0.83
1,1,1,FALSE,FALSE,FALSE,FALSE,FALSE,FALSE,528,535,544,11296,11284,11280,15051796,10163545,50.0,0.83
1,1,1,FALSE,FALSE,FALSE,FALSE,FALSE,FALSE,528,535,544,11296,11284,11280,15051796,10163545,50.0,0.83
1,1,1,FALSE,FALSE,FALSE,FALSE,FALSE,FALSE,528,535,544,11296,11284,11280,15051796,10163545,50.0,0.83
1,1,1,FALSE,FALSE,FALSE,FALSE,FALSE,FALSE,528,535,544,11296,11284,11280,15051796,10163545,50.0,0.83
1,1,1,FALSE,FALSE,FALSE,FALSE,FALSE,FALSE,528,535,544,11296,11284,11280,15051796,10163545,50.0,0.83
1,1,1,FALSE,FALSE,FALSE,FALSE,FALSE,FALSE,528,535,544,11296,11284,11280,15051796,10163545,50.0,0.83
1,1,1,FALSE,FALSE,FALSE,FALSE,FALSE,FALSE,528,535,544,11296,11284,11280,15051796,10163545,50.0,0.83
1,1,1,FALSE,FALSE,FALSE,FALSE,FALSE,FALSE,528,535,544,11296,11284,11280,15051796,10163545,50.0,0.83
1,1,1,FALSE,FALSE,FALSE,FALSE,FALSE,FALSE,528,535,544,11296,11284,11280,15051796,10163545,50.0,0.83
1,1,1,FALSE,FALSE,FALSE,FALSE,FALSE,FALSE,528,535,544,11296,11284,11280,15051796,10163545,50.0,0.83
1,1,1,FALSE,FALSE,FALSE,FALSE,FALSE,FALSE,528,535,544,11296,11284,11280,15051796,10163545,50.0,0.83
