1,1,1,FALSE,FALSE,FALSE,FALSE,FALSE,FALSE,528,535,543,11303,11291,11287,15051730,10163337,50.0,0.83
1,1,1,FALSE,FALSE,FALSE,FALSE,FALSE,FALSE,528,535,543,11303,11291,11287,15051730,10163337,50.0,0.83
1,1,1,FALSE,FALSE,FALSE,FALSE,FALSE,FALSE,528,535,543,11303,11291,11287,15051730,10163337,50.0,0.83
1,1,1,FALSE,FALSE,FALSE,FALSE,FALSE,FALSE,528,535,543,11303,11291,11287,15051730,10163337,50.0,0.83
1,1,1,FALSE,FALSE,FALSE,FALSE,FALSE,FALSE,528,535,543,11303,11291,11287,15051730,10163337,50.0,0.83
1,1,1,FALSE,FALSE,FALSE,FALSE,FALSE,FALSE,528,535,543,11303,11291,11287,15051730,10163337,50.0,0.83
1,1,1,FALSE,FALSE,FALSE,FALSE,FALSE,FALSE,528,535,543,11303,11291,11287,15051730,10163337,50.0,0.83
1,1,1,FALSE,FALSE,FALSE,FALSE,FALSE,FALSE,528,535,543,11303,11291,11287,15051730,10163337,50.0,0.83
1,1,1,FALSE,FALSE,FALSE,FALSE,FALSE,FALSE,528,535,543,11303,11291,11287,15051730,10163337,50.0,0.83
1,1,1,FALSE,FALSE,FALSE,FALSE,FALSE,FALSE,528,535,543,11303,11291,11287,15051730,10163337,50.0,0.83
1,1,1,FALSE,FALSE,FALSE,FALSE,FALSE,FALSE,528,535,543,11303,11291,11287,15051730,10163337,50.0,0.83
1,1,1,FALSE,FALSE,FALSE,FALSE,FALSE,FALSE,528,535,543,11303,11291,11287,15051730,10163337,50.0,0.83
1,1,1,FALSE,FALSE,FALSE,FALSE,FALSE,FALSE,528,535,543,11303,11291,11287,15051730,10163337,50.0,0.83
1,1,1,FALSE,FALSE,FALSE,FALSE,FALSE,FALSE,528,535,543,11303,11291,11287,15051730,10163337,50.0,0.83
1,1,1,FALSE,FALSE,FALSE,FALSE,FALSE,FALSE,528,535,543,11303,11291,11287,15051730,10163337,50.0,0.83
1,1,1,FALSE,FALSE,FALSE,FALSE,FALSE,FALSE,528,535,543,11303,11291,11287,15051730,10163337,50.0,0.83
1,1,1,FALSE,FALSE,FALSE,FALSE,FALSE,FALSE,528,535,543,11303,11291,11287,15051730,10163337,50.0,0.83
1,1,1,FALSE,FALSE,FALSE,FALSE,FALSE,FALSE,528,535,543,11303,11291,11287,15051730,10163337,50.0,0.83
1,1,1,FALSE,FALSE,FALSE,FALSE,FALSE,FALSE,528,535,543,11303,11291,11287,15051730,10163337,50.0,0.83
1,1,1,FALSE,FALSE,FALSE,FALSE,FALSE,FALSE,528,535,543,11303,11291,11287,15051730,10163337,50.0,0.83
1,1,1,FALSE,FALSE,FALSE,FALSE,FALSE,FALSE,528,535,543,11303,11291,11287,15051730,10163337,50.0,0.83
1,1,1,FALSE,FALSE,FALSE,FALSE,FALSE,FALSE,528,535,543,11303,11291,11287,15051730,10163337,50.0,0.83
1,1,1,FALSE,FALSE,FALSE,FALSE,FALSE,FALSE,528,535,543,11303,11291,11287,15051730,10163337,50.0,0.83
1,1,1,FALSE,FALSE,FALSE,FALSE,FALSE,FALSE,528,535,543,11303,11291,11287,15051730,10163337,50.0,0.83
1,1,1,FALSE,FALSE,FALSE,FALSE,FALSE,FALSE,528,535,543,11303,11291,11287,15051730,10163337,50.0,0.83
1,1,1,FALSE,FALSE,FALSE,FALSE,FALSE,FALSE,528,535,543,11303,11291,11287,15051730,10163337,50.0,0.83
1,1,1,FALSE,FALSE,FALSE,FALSE,FALSE,FALSE,528,535,543,11303,11291,11287,15051730,10163337,50.0,0.83
1,1,1,FALSE,FALSE,FALSE,FALSE,FALSE,FALSE,528,535,543,11303,11291,11287,15051730,10163337,50.0,0.83
1,1,1,FALSE,FALSE,FALSE,FALSE,FALSE,FALSE,528,535,543,11303,11291,11287,15051730,10163337,50.0,0.83
1,1,1,FALSE,FALSE,FALSE,FALSE,FALSE,FALSE,528,535,543,11303,11291,11287,15051730,10163337,50.0,0.83
1,1,1,FALSE,FALSE,FALSE,FALSE,FALSE,FALSE,528,535,543,11303,11291,11287,15051730,10163337,50.0,0.83
1,1,1,FALSE,FALSE,FALSE,FALSE,FALSE,FALSE,528,535,543,11303,11291,11287,15051730,10163337,50.0,0.83
1,1,1,FALSE,FALSE,FALSE,FALSE,FALSE,FALSE,528,535,543,11303,11291,11287,15051730,10163337,50.0,0.83
1,1,1,FALSE,FALSE,FALSE,FALSE,FALSE,FALSE,528,535,543,11303,11291,11287,15051730,10163337,50.0,0.83
1,1,1,FALSE,FALSE,FALSE,FALSE,FALSE,FALSE,528,535,543,11303,11291,11287,15051730,10163337,50.0,0.83
1,1,1,FALSE,FALSE,FALSE,FALSE,FALSE,FALSE,528,535,543,11303,11291,11287,15051730,10163337,50.0,0.83
1,1,1,FALSE,FALSE,FALSE,FALSE,FALSE,FALSE,528,535,543,11303,11291,11287,15051730,10163337,50.0,0.83
1,1,1,FALSE,FALSE,FALSE,FALSE,FALSE,FALSE,528,535,543,11303,11291,11287,15051730,10163337,50.0,0.83
1,1,1,FALSE,FALSE,FALSE,FALSE,FALSE,FALSE,528,535,543,11303,11291,11287,15051730,10163337,50.0,0.83
1,1,1,FALSE,FALSE,FALSE,FALSE,FALSE,FALSE,528,535,543,11303,11291,11287,15051730,10163337,50.0,0.83
1,1,1,FALSE,FALSE,FALSE,FALSE,FALSE,FALSE,528,535,543,11303,11291,11287,15051730,10163337,50.0,0.83
1,1,1,FALSE,FALSE,FALSE,FALSE,FALSE,FALSE,528,535,543,11303,11291,11287,15051730,10163337,50.0,0.83
1,1,1,FALSE,FALSE,FALSE,FALSE,FALSE,FALSE,528,535,543,11303,11291,11287,15051730,10163337,50.0,0.83
1,1,1,FALSE,FALSE,FALSE,FALSE,FALSE,FALSE,528,535,543,11303,11291,11287,15051730,10163337,50.0,0.83
1,1,1,FALSE,FALSE,FALSE,FALSE,FALSE,FALSE,528,535,543,11303,11291,11287,15051730,10163337,50.0,0.83
1,1,1,FALSE,FALSE,FALSE,FALSE,FALSE,FALSE,528,535,543,11303,11291,11287,15051730,10163337,50.0,0.83
1,1,1,FALSE,FALSE,FALSE,FALSE,FALSE,FALSE,528,535,543,11303,11291,11287,15051730,10163337,50.0,0.83
1,1,1,FALSE,FALSE,FALSE,FALSE,FALSE,FALSE,528,535,543,11303,11291,11287,15051730,10163337,50.0,0.83
1,1,1,FALSE,FALSE,FALSE,FALSE,FALSE,FALSE,528,535,543,11303,11291,11287,15051730,10163337,50.0,0.83
1,1,1,FALSE,FALSE,FALSE,FALSE,FALSE,FALSE,528,535,543,11303,11291,11287,15051730,10163337,50.0,0.83
1,1,1,FALSE,FALSE,FALSE,FALSE,FALSE,FALSE,528,535,543,11303,11291,11287,15051730,10163337,50.0,0.83
1,1,1,FALSE,FALSE,FALSE,FALSE,FALSE,FALSE,528,535,543,11303,11291,11287,15051730,10163337,50.0,0.83
1,1,1,FALSE,FALSE,FALSE,FALSE,FALSE,FALSE,528,535,543,11303,11291,11287,15051730,10163337,50.0,0.83
1,1,1,FALSE,FALSE,FALSE,FALSE,FALSE,FALSE,528,535,543,11303,11291,11287,15051730,10163337,50.0,0.83
1,1,1,FALSE,FALSE,FALSE,FALSE,FALSE,FALSE,528,535,543,11303,11291,11287,15051730,10163337,50.0,0.83
1,1,1,FALSE,FALSE,FALSE,FALSE,FALSE,FALSE,528,535,543,11303,11291,11287,15051730,10163337,50.0,0.83
1,1,1,FALSE,FALSE,FALSE,FALSE,FALSE,FALSE,528,535,543,11303,11291,11287,15051730,10163337,50.0,0.83
1,1,1,FALSE,FALSE,FALSE,FALSE,FALSE,FALSE,528,535,543,11303,11291,11287,15051730,10163337,50.0,0.83
1,1,1,FALSE,FALSE,FALSE,FALSE,FALSE,FALSE,528,535,543,11303,11291,11287,15051730,10163337,50.0,0.83
1,1,1,FALSE,FALSE,FALSE,FALSE,FALSE,FALSE,528,535,543,11303,11291,11287,15051730,10163337,50.0,0.83
1,1,1,FALSE,FALSE,FALSE,FALSE,FALSE,FALSE,528,535,543,11303,11291,11287,15051730,10163337,50.0,0.83
1,1,1,FALSE,FALSE,FALSE,FALSE,FALSE,FALSE,528,535,543,11303,11291,11287,15051730,10163337,50.0,0.83
1,1,1,FALSE,FALSE,FALSE,FALSE,FALSE,FALSE,528,535,543,11303,11291,11287,15051730,10163337,50.0,0.83
1,1,1,FALSE,FALSE,FALSE,FALSE,FALSE,FALSE,528,535,543,11303,11291,11287,15051730,10163337,50.0,0.83
1,1,1,FALSE,FALSE,FALSE,FALSE,FALSE,FALSE,528,535,543,11303,11291,11287,15051730,10163337,50.0,0.83
1,1,1,FALSE,FALSE,FALSE,FALSE,FALSE,FALSE,528,535,543,11303,11291,11287,15051730,10163337,50.0,0.83
1,1,1,FALSE,FALSE,FALSE,FALSE,FALSE,FALSE,528,535,543,11303,11291,11287,15051730,10163337,50.0,0.83
1,1,1,FALSE,FALSE,FALSE,FALSE,FALSE,FALSE,528,535,543,11303,11291,11287,15051730,10163337,50.0,0.83
1,1,1,FALSE,FALSE,FALSE,FALSE,FALSE,FALSE,528,535,543,11303,11291,11287,15051730,10163337,50.0,0.83
1,1,1,FALSE,FALSE,FALSE,FALSE,FALSE,FALSE,528,535,543,11303,11291,11287,15051730,10163337,50.0,0.83
1,1,1,FALSE,FALSE,FALSE,FALSE,FALSE,FALSE,528,535,543,11303,11291,11287,15051730,10163337,50.0,0.83
1,1,1,FALSE,FALSE,FALSE,FALSE,FALSE,FALSE,528,535,543,11303,11291,11287,15051730,10163337,50.0,0.83
1,1,1,FALSE,FALSE,FALSE,FALSE,FALSE,FALSE,524,531,539,11386,11378,11376,15050940,10160827,50.0,0.83
1,1,1,FALSE,FALSE,FALSE,FALSE,FALSE,FALSE,524,531,539,11386,11378,11376,15050940,10160827,50.0,0.83
1,1,1,FALSE,FALSE,FALSE,FALSE,FALSE,FALSE,524,531,539,11386,11378,11376,15050940,10160827,50.0,0.83
1,1,1,FALSE,FALSE,FALSE,FALSE,FALSE,FALSE,524,531,539,11386,11378,11376,15050940,10160827,50.0,0.83
1,1,1,FALSE,FALSE,FALSE,FALSE,FALSE,FALSE,524,531,539,11386,11378,11376,15050940,10160827,50.0,0.83
1,1,1,FALSE,FALSE,FALSE,FALSE,FALSE,FALSE,524,531,539,11386,11378,11376,15050940,10160827,50.0,0.83
1,1,1,FALSE,FALSE,FALSE,FALSE,FALSE,FALSE,524,531,539,11386,11378,11376,15050940,10160827,50.0,0.83
1,1,1,FALSE,FALSE,FALSE,FALSE,FALSE,FALSE,524,531,539,11386,11378,11376,15050940,10160827,50.0,0.83
1,1,1,FALSE,FALSE,FALSE,FALSE,FALSE,FALSE,524,531,539,11386,11378,11376,15050940,10160827,50.0,0.83
1,1,1,FALSE,FALSE,FALSE,FALSE,FALSE,FALSE,524,531,539,11386,11378,11376,15050940,10160827,50.0,0.83
1,1,1,FALSE,FALSE,FALSE,FALSE,FALSE,FALSE,524,531,539,11386,11378,11376,15050940,10160827,50.0,0.83
1,1,1,FALSE,FALSE,FALSE,FALSE,FALSE,FALSE,524,531,539,11386,11378,11376,15050940,10160827,50.0,0.83
1,1,1,FALSE,FALSE,FALSE,FALSE,FALSE,FALSE,524,531,539,11386,11378,11376,15050940,10160827,50.0,0.83
1,1,1,FALSE,FALSE,FALSE,FALSE,FALSE,FALSE,524,531,539,11386,11378,11376,15050940,10160827,50.0,0.83
1,1,1,FALSE,FALSE,FALSE,FALSE,FALSE,FALSE,524,531,539,11386,11378,11376,15050940,10160827,50.0,0.83
1,1,1,FALSE,FALSE,FALSE,FALSE,FALSE,FALSE,524,531,539,11386,11378,11376,15050940,10160827,50.0,0.83
1,1,1,FALSE,FALSE,FALSE,FALSE,FALSE,FALSE,524,531,539,11386,11378,11376,15050940,10160827,50.0,0.83
1,1,1,FALSE,FALSE,FALSE,FALSE,FALSE,FALSE,524,531,539,11386,11378,11376,15050940,10160827,50.0,0.83
1,1,1,FALSE,FALSE,FALSE,FALSE,FALSE,FALSE,524,531,539,11386,11378,11376,15050940,10160827,50.0,0.83
1,1,1,FALSE,FALSE,FALSE,FALSE,FALSE,FALSE,524,531,539,11386,11378,11376,15050940,10160827,50.0,0.83
1,1,1,FALSE,FALSE,FALSE,FALSE,FALSE,FALSE,528,535,543,11303,11291,11287,15051730,10163337,50.0,0.83
1,1,1,FALSE,FALSE,FALSE,FALSE,FALSE,FALSE,528,535,543,11303,11291,11287,15051730,10163337,50.0,0.83
1,1,1,FALSE,FALSE,FALSE,FALSE,FALSE,FALSE,528,535,543,11303,11291,11287,15051730,10163337,50.0,0.83
1,1,1,FALSE,FALSE,FALSE,FALSE,FALSE,FALSE,528,535,543,11303,11291,11287,15051730,10163337,50.0,0.83
1,1,1,FALSE,FALSE,FALSE,FALSE,FALSE,FALSE,528,535,543,11303,11291,11287,15051730,10163337,50.0,0.83
1,1,1,FALSE,FALSE,FALSE,FALSE,FALSE,FALSE,528,535,543,11303,11291,11287,15051730,10163337,50.0,0.83
1,1,1,FALSE,FALSE,FALSE,FALSE,FALSE,FALSE,528,535,543,11303,11291,11287,15051730,10163337,50.0,0.83
1,1,1,FALSE,FALSE,FALSE,FALSE,FALSE,FALSE,528,535,543,11303,11291,11287,15051730,10163337,50.0,0.83
1,1,1,FALSE,FALSE,FALSE,FALSE,FALSE,FALSE,528,535,543,11303,11291,11287,15051730,10163337,50.0,0.83
1,1,1,FALSE,FALSE,FALSE,FALSE,FALSE,FALSE,528,535,543,11303,11291,11287,15051730,10163337,50.0,0.83
1,1,1,FALSE,FALSE,FALSE,FALSE,FALSE,FALSE,528,535,543,11303,11291,11287,15051730,10163337,50.0,0.83
1,1,1,FALSE,FALSE,FALSE,FALSE,FALSE,FALSE,528,535,543,11303,11291,11287,15051730,10163337,50.0,0.83
1,1,1,FALSE,FALSE,FALSE,FALSE,FALSE,FALSE,528,535,543,11303,11291,11287,15051730,10163337,50.0,0.83
1,1,1,FALSE,FALSE,FALSE,FALSE,FALSE,FALSE,528,535,543,11303,11291,11287,15051730,10163337,50.0,0.83
1,1,1,FALSE,FALSE,FALSE,FALSE,FALSE,FALSE,528,535,543,11303,11291,11287,15051730,10163337,50.0,0.83
1,1,1,FALSE,FALSE,FALSE,FALSE,FALSE,FALSE,528,535,543,11303,11291,11287,15051730,10163337,50.0,0.83
1,1,1,FALSE,FALSE,FALSE,FALSE,FALSE,FALSE,528,535,543,11303,11291,11287,15051730,10163337,50.0,0.83
1,1,1,FALSE,FALSE,FALSE,FALSE,FALSE,FALSE,528,535,543,11303,11291,11287,15051730,10163337,50.0,0.83
1,1,1,FALSE,FALSE,FALSE,FALSE,FALSE,FALSE,528,535,543,11303,11291,11287,15051730,10163337,50.0,0.83
1,1,1,FALSE,FALSE,FALSE,FALSE,FALSE,FALSE,528,535,543,11303,11291,11287,15051730,10163337,50.0,0.83
1,1,1,FALSE,FALSE,FALSE,FALSE,FALSE,FALSE,528,535,543,11303,11291,11287,15051730,10163337,50.0,0.83
1,1,1,FALSE,FALSE,FALSE,FALSE,FALSE,FALSE,528,535,543,11303,11291,11287,15051730,10163337,50.0,0.83
1,1,1,FALSE,FALSE,FALSE,FALSE,FALSE,FALSE,528,535,543,11303,11291,11287,15051730,10163337,50.0,0.83
1,1,1,FALSE,FALSE,FALSE,FALSE,FALSE,FALSE,528,535,543,11303,11291,11287,15051730,10163337,50.0,0.83
1,1,1,FALSE,FALSE,FALSE,FALSE,FALSE,FALSE,528,535,543,11303,11291,11287,15051730,10163337,50.0,0.83
1,1,1,FALSE,FALSE,FALSE,FALSE,FALSE,FALSE,528,535,543,11303,11291,11287,15051730,10163337,50.0,0.83
1,1,1,FALSE,FALSE,FALSE,FALSE,FALSE,FALSE,528,535,543,11303,11291,11287,15051730,10163337,50.0,0.83
1,1,1,FALSE,FALSE,FALSE,FALSE,FALSE,FALSE,528,535,543,11303,11291,11287,15051730,10163337,50.0,0.83
1,1,1,FALSE,FALSE,FALSE,FALSE,FALSE,FALSE,528,535,543,11303,11291,11287,15051730,10163337,50.0,0.83
1,1,1,FALSE,FALSE,FALSE,FALSE,FALSE,FALSE,528,535,543,11303,11291,11287,15051730,10163337,50.0,0.83
1,1,1,FALSE,FALSE,FALSE,FALSE,FALSE,FALSE,528,535,543,11303,11291,11287,15051730,10163337,50.0,0.83
1,1,1,FALSE,FALSE,FALSE,FALSE,FALSE,FALSE,528,535,543,11303,11291,11287,15051730,10163337,50.0,0.83
1,1,1,FALSE,FALSE,FALSE,FALSE,FALSE,FALSE,528,535,543,11303,11291,11287,15051730,10163337,50.0,0.83
1,1,1,FALSE,FALSE,FALSE,FALSE,FALSE,FALSE,528,535,543,11303,11291,11287,15051730,10163337,50.0,0.83
1,1,1,FALSE,FALSE,FALSE,FALSE,FALSE,FALSE,528,535,543,11303,11291,11287,15051730,10163337,50.0,0.83
1,1,1,FALSE,FALSE,FALSE,FALSE,FALSE,FALSE,528,535,543,11303,11291,11287,15051730,10163337,50.0,0.83
1,1,1,FALSE,FALSE,FALSE,FALSE,FALSE,FALSE,528,535,543,11303,11291,11287,15051730,10163337,50.0,0.83
1,1,1,FALSE,FALSE,FALSE,FALSE,FALSE,FALSE,528,535,543,11303,11291,11287,15051730,10163337,50.0,0.83
1,1,1,FALSE,FALSE,FALSE,FALSE,FALSE,FALSE,528,535,543,11303,11291,11287,15051730,10163337,50.0,0.83
1,1,1,FALSE,FALSE,FALSE,FALSE,FALSE,FALSE,528,535,543,11303,11291,11287,15051730,10163337,50.0,0.83
1,1,1,FALSE,FALSE,FALSE,FALSE,FALSE,FALSE,528,535,543,11303,11291,11287,15051730,10163337,50.0,0.83
1,1,1,FALSE,FALSE,FALSE,FALSE,FALSE,FALSE,528,535,543,11303,11291,11287,15051730,10163337,50.0,0.83
1,1,1,FALSE,FALSE,FALSE,FALSE,FALSE,FALSE,528,535,543,11303,11291,11287,15051730,10163337,50.0,0.83
1,1,1,FALSE,FALSE,FALSE,FALSE,FALSE,FALSE,528,535,543,11303,11291,11287,15051730,10163337,50.0,0.83
1,1,1,FALSE,FALSE,FALSE,FALSE,FALSE,FALSE,528,535,543,11303,11291,11287,15051730,10163337,50.0,0.83
1,1,1,FALSE,FALSE,FALSE,FALSE,FALSE,FALSE,528,535,543,11303,11291,11287,15051730,10163337,50.0,0.83
1,1,1,FALSE,FALSE,FALSE,FALSE,FALSE,FALSE,528,535,543,11303,11291,11287,15051730,10163337,50.0,0.83
1,1,1,FALSE,FALSE,FALSE,FALSE,FALSE,FALSE,528,535,543,11303,11291,11287,15051730,10163337,50.0,0.83
1,1,1,FALSE,FALSE,FALSE,FALSE,FALSE,FALSE,528,535,543,11303,11291,11287,15051730,10163337,50.0,0.83
1,1,1,FALSE,FALSE,FALSE,FALSE,FALSE,FALSE,528,535,543,11303,11291,11287,15051730,10163337,50.0,0.83
1,1,1,FALSE,FALSE,FALSE,FALSE,FALSE,FALSE,528,535,543,11303,11291,11287,15051730,10163337,50.0,0.83
1,1,1,FALSE,FALSE,FALSE,FALSE,FALSE,FALSE,528,535,543,11303,11291,11287,15051730,10163337,50.0,0.83
1,1,1,FALSE,FALSE,FALSE,FALSE,FALSE,FALSE,528,535,543,11303,11291,11287,15051730,10163337,50.0,0.83
1,1,1,FALSE,FALSE,FALSE,FALSE,FALSE,FALSE,528,535,543,11303,11291,11287,15051730,10163337,50.0,0.83
1,1,1,FALSE,FALSE,FALSE,FALSE,FALSE,FALSE,528,535,543,11303,11291,11287,15051730,10163337,50.0,0.83
1,1,1,FALSE,FALSE,FALSE,FALSE,FALSE,FALSE,528,535,543,11303,11291,11287,15051730,10163337,50.0,0.83
1,1,1,FALSE,FALSE,FALSE,FALSE,FALSE,FALSE,528,535,543,11303,11291,11287,15051730,10163337,50.0,0.83
1,1,1,FALSE,FALSE,FALSE,FALSE,FALSE,FALSE,528,535,543,11303,11291,11287,15051730,10163337,50.0,0.83
1,1,1,FALSE,FALSE,FALSE,FALSE,FALSE,FALSE,528,535,543,11303,11291,11287,15051730,10163337,50.0,0.83
1,1,1,FALSE,FALSE,FALSE,FALSE,FALSE,FALSE,528,535,543,11303,11291,11287,15051730,10163337,50.0,0.83
1,1,1,FALSE,FALSE,FALSE,FALSE,FALSE,FALSE,528,535,543,11303,11291,11287,15051730,10163337,50.0,0.83
1,1,1,FALSE,FALSE,FALSE,FALSE,FALSE,FALSE,528,535,543,11303,11291,11287,15051730,10163337,50.0,0.83
1,1,1,FALSE,FALSE,FALSE,FALSE,FALSE,FALSE,528,535,543,11303,11291,11287,15051730,10163337,50.0,0.83
1,1,1,FALSE,FALSE,FALSE,FALSE,FALSE,FALSE,528,535,543,11303,11291,11287,15051730,10163337,50.0,0.83
1,1,1,FALSE,FALSE,FALSE,FALSE,FALSE,FALSE,528,535,543,11303,11291,11287,15051730,10163337,50.0,0.83
1,1,1,FALSE,FALSE,FALSE,FALSE,FALSE,FALSE,528,535,543,11303,11291,11287,15051730,10163337,50.0,0.83
1,1,1,FALSE,FALSE,FALSE,FALSE,FALSE,FALSE,528,535,543,11303,11291,11287,15051730,10163337,50.0,0.83
1,1,1,FALSE,FALSE,FALSE,FALSE,FALSE,FALSE,528,535,543,11303,11291,11287,15051730,10163337,50.0,0.83
1,1,1,FALSE,FALSE,FALSE,FALSE,FALSE,FALSE,528,535,543,11303,11291,11287,15051730,10163337,50.0,0.83
1,1,1,FALSE,FALSE,FALSE,FALSE,FALSE,FALSE,528,535,543,11303,11291,11287,15051730,10163337,50.0,0.83
1,1,1,FALSE,FALSE,FALSE,FALSE,FALSE,FALSE,528,535,543,11303,11291,11287,15051730,10163337,50.0,0.83
1,1,1,FALSE,FALSE,FALSE,FALSE,FALSE,FALSE,528,535,543,11303,11291,11287,15051730,10163337,50.0,0.83
1,1,1,FALSE,FALSE,FALSE,FALSE,FALSE,FALSE,528,535,543,11303,11291,11287,15051730,10163337,50.0,0.83
1,1,1,FALSE,FALSE,FALSE,FALSE,FALSE,FALSE,528,535,543,11303,11291,11287,15051730,10163337,50.0,0.83
1,1,1,FALSE,FALSE,FALSE,FALSE,FALSE,FALSE,528,535,543,11303,11291,11287,15051730,10163337,50.0,0.83
1,1,1,FALSE,FALSE,FALSE,FALSE,FALSE,FALSE,528,535,543,11303,11291,11287,15051730,10163337,50.0,0.83
1,1,1,FALSE,FALSE,FALSE,FALSE,FALSE,FALSE,528,535,543,11303,11291,11287,15051730,10163337,50.0,0.83
1,1,1,FALSE,FALSE,FALSE,FALSE,FALSE,FALSE,528,535,543,11303,11291,11287,15051730,10163337,50.0,0.83
1,1,1,FALSE,FALSE,FALSE,FALSE,FALSE,FALSE,528,535,543,11303,11291,11287,15051730,10163337,50.0,0.83
1,1,1,FALSE,FALSE,FALSE,FALSE,FALSE,FALSE,528,535,543,11303,11291,11287,15051730,10163337,50.0,0.83
1,1,1,FALSE,FALSE,FALSE,FALSE,FALSE,FALSE,528,535,543,11303,11291,11287,15051730,10163337,50.0,0.83
1,1,1,FALSE,FALSE,FALSE,FALSE,FALSE,FALSE,528,535,543,11303,11291,11287,15051730,10163337,50.0,0.83
1,1,1,FALSE,FALSE,FALSE,FALSE,FALSE,FALSE,528,535,543,11303,11291,11287,15051730,10163337,50.0,0.83
1,1,1,FALSE,FALSE,FALSE,FALSE,FALSE,FALSE,528,535,543,11303,11291,11287,15051730,10163337,50.0,0.83
1,1,1,FALSE,FALSE,FALSE,FALSE,FALSE,FALSE,528,535,543,11303,11291,11287,15051730,10163337,50.0,0.83
1,1,1,FALSE,FALSE,FALSE,FALSE,FALSE,FALSE,528,535,543,11303,11291,11287,15051730,10163337,50.0,0.83
1,1,1,FALSE,FALSE,FALSE,FALSE,FALSE,FALSE,528,535,543,11303,11291,11287,15051730,10163337,50.0,0.83
1,1,1,FALSE,FALSE,FALSE,FALSE,FALSE,FALSE,528,535,543,11303,11291,11287,15051730,10163337,50.0,0.83
1,1,1,FALSE,FALSE,FALSE,FALSE,FALSE,FALSE,528,535,543,11303,11291,11287,15051730,10163337,50.0,0.83
1,1,1,FALSE,FALSE,FALSE,FALSE,FALSE,FALSE,528,535,543,11303,11291,11287,15051730,10163337,50.0,0.83
1,1,1,FALSE,FALSE,FALSE,FALSE,FALSE,FALSE,528,535,543,11303,11291,11287,15051730,10163337,50.0,0.83
1,1,1,FALSE,FALSE,FALSE,FALSE,FALSE,FALSE,528,535,543,11303,11291,11287,15051730,10163337,50.0,0.83
1,1,1,FALSE,FALSE,FALSE,FALSE,FALSE,FALSE,528,535,543,11303,11291,11287,15051730,10163337,50.0,0.83
1,1,1,FALSE,FALSE,FALSE,FALSE,FALSE,FALSE,528,535,543,11303,11291,11287,15051730,10163337,50.0,0.83
1,1,1,FALSE,FALSE,FALSE,FALSE,FALSE,FALSE,528,535,543,11303,11291,11287,15051730,10163337,50.0,0.83
1,1,1,FALSE,FALSE,FALSE,FALSE,FALSE,FALSE,528,535,543,11303,11291,11287,15051730,10163337,50.0,0.83
1,1,1,FALSE,FALSE,FALSE,FALSE,FALSE,FALSE,528,535,543,11303,11291,11287,15051730,10163337,50.0,0.83
1,1,1,FALSE,FALSE,FALSE,FALSE,FALSE,FALSE,528,535,543,11303,11291,11287,15051730,10163337,50.0,0.83
1,1,1,FALSE,FALSE,FALSE,FALSE,FALSE,FALSE,528,535,543,11303,11291,11287,15051730,10163337,50.0,0.83
1,1,1,FALSE,FALSE,FALSE,FALSE,FALSE,FALSE,528,535,543,11303,11291,11287,15051730,10163337,50.0,0.83
1,1,1,FALSE,FALSE,FALSE,FALSE,FALSE,FALSE,528,535,543,11303,11291,11287,15051730,10163337,50.0,0.83
1,1,1,FALSE,FALSE,FALSE,FALSE,FALSE,FALSE,528,535,543,11303,11291,11287,15051730,10163337,50.0,0.83
1,1,1,FALSE,FALSE,FALSE,FALSE,FALSE,FALSE,528,535,543,11303,11291,11287,15051730,10163337,50.0,0.83
1,1,1,FALSE,FALSE,FALSE,FALSE,FALSE,FALSE,528,535,543,11303,11291,11287,15051730,10163337,50.0,0.83
1,1,1,FALSE,FALSE,FALSE,FALSE,FALSE,FALSE,528,535,543,11303,11291,11287,15051730,10163337,50.0,0.83
1,1,1,FALSE,FALSE,FALSE,FALSE,FALSE,FALSE,528,535,543,11303,11291,11287,15051730,10163337,50.0,0.83
1,1,1,FALSE,FALSE,FALSE,FALSE,FALSE,FALSE,528,535,543,11303,11291,11287,15051730,10163337,50.0,0.83
1,1,1,FALSE,FALSE,FALSE,FALSE,FALSE,FALSE,528,535,543,11303,11291,11287,15051730,10163337,50.0,0.83
1,1,1,FALSE,FALSE,FALSE,FALSE,FALSE,FALSE,528,535,543,11303,11291,11287,15051730,10163337,50.0,0.83
1,1,1,FALSE,FALSE,FALSE,FALSE,FALSE,FALSE,528,535,543,11303,11291,11287,15051730,10163337,50.0,0.83
1,1,1,FALSE,FALSE,FALSE,FALSE,FALSE,FALSE,528,535,543,11303,11291,11287,15051730,10163337,50.0,0.83
1,1,1,FALSE,FALSE,FALSE,FALSE,FALSE,FALSE,528,535,543,11303,11291,11287,15051730,10163337,50.0,0.83
1,1,1,FALSE,FALSE,FALSE,FALSE,FALSE,FALSE,528,535,543,11303,11291,11287,15051730,10163337,50.0,0.83
1,1,1,FALSE,FALSE,FALSE,FALSE,FALSE,FALSE,528,535,543,11303,11291,11287,15051730,10163337,50.0,0.83
1,1,1,FALSE,FALSE,FALSE,FALSE,FALSE,FALSE,528,535,543,11303,11291,11287,15051730,10163337,50.0,0.83
1,1,1,FALSE,FALSE,FALSE,FALSE,FALSE,FALSE,528,535,543,11303,11291,11287,15051730,10163337,50.0,0.83
1,1,1,FALSE,FALSE,FALSE,FALSE,FALSE,FALSE,528,535,543,11303,11291,11287,15051730,10163337,50.0,0.83
1,1,1,FALSE,FALSE,FALSE,FALSE,FALSE,FALSE,528,535,543,11303,11291,11287,15051730,10163337,50.0,0.83
1,1,1,FALSE,FALSE,FALSE,FALSE,FALSE,FALSE,528,535,543,11302,11290,11286,15051740,10163366,50.0,0.83
1,1,1,FALSE,FALSE,FALSE,FALSE,FALSE,FALSE,528,535,543,11302,11290,11286,15051740,10163366,50.0,0.83
1,1,1,FALSE,FALSE,FALSE,FALSE,FALSE,FALSE,528,535,543,11302,11290,11286,15051740,10163366,50.0,0.83
1,1,1,FALSE,FALSE,FALSE,FALSE,FALSE,FALSE,528,535,543,11302,11290,11286,15051740,10163366,50.0,0.83
1,1,1,FALSE,FALSE,FALSE,FALSE,FALSE,FALSE,528,535,543,11302,11290,11286,15051740,10163366,50.0,0.83
1,1,1,FALSE,FALSE,FALSE,FALSE,FALSE,FALSE,526,533,541,11343,11334,11331,15051340,10162097,50.0,0.83
1,1,1,FALSE,FALSE,FALSE,FALSE,FALSE,FALSE,526,533,541,11343,11334,11331,15051340,10162097,50.0,0.83
1,1,1,FALSE,FALSE,FALSE,FALSE,FALSE,FALSE,526,533,541,11343,11334,11331,15051340,10162097,50.0,0.83
1,1,1,FALSE,FALSE,FALSE,FALSE,FALSE,FALSE,528,535,543,11302,11290,11286,15051740,10163366,50.0,0.83
1,1,1,FALSE,FALSE,FALSE,FALSE,FALSE,FALSE,528,535,543,11302,11290,11286,15051740,10163366,50.0,0.83
1,1,1,FALSE,FALSE,FALSE,FALSE,FALSE,FALSE,528,535,543,11302,11290,11286,15051740,10163366,50.0,0.83
1,1,1,FALSE,FALSE,FALSE,FALSE,FALSE,FALSE,528,535,543,11302,11290,11286,15051740,10163366,50.0,0.83
1,1,1,FALSE,FALSE,FALSE,FALSE,FALSE,FALSE,528,535,543,11302,11290,11286,15051740,10163366,50.0,0.83
1,1,1,FALSE,FALSE,FALSE,FALSE,FALSE,FALSE,528,535,543,11302,11290,11286,15051740,10163366,50.0,0.83
1,1,1,FALSE,FALSE,FALSE,FALSE,FALSE,FALSE,526,533,541,11343,11334,11331,15051340,10162097,50.0,0.83
1,1,1,FALSE,FALSE,FALSE,FALSE,FALSE,FALSE,526,533,541,11343,11334,11331,15051340,10162097,50.0,0.83
1,1,1,FALSE,FALSE,FALSE,FALSE,FALSE,FALSE,526,533,541,11343,11334,11331,15051340,10162097,50.0,0.83
1,1,1,FALSE,FALSE,FALSE,FALSE,FALSE,FALSE,528,535,543,11302,11290,11286,15051740,10163366,50.0,0.83
1,1,1,FALSE,FALSE,FALSE,FALSE,FALSE,FALSE,528,535,543,11302,11290,11286,15051740,10163366,50.0,0.83
1,1,1,FALSE,FALSE,FALSE,FALSE,FALSE,FALSE,528,535,543,11302,11290,11286,15051740,10163366,50.0,0.83
1,1,1,FALSE,FALSE,FALSE,FALSE,FALSE,FALSE,528,535,543,11302,11290,11286,15051740,10163366,50.0,0.83
1,1,1,FALSE,FALSE,FALSE,FALSE,FALSE,FALSE,528,535,543,11302,11290,11286,15051740,10163366,50.0,0.83
1,1,1,FALSE,FALSE,FALSE,FALSE,FALSE,FALSE,528,535,543,11302,11290,11286,15051740,10163366,50.0,0.83
1,1,1,FALSE,FALSE,FALSE,FALSE,FALSE,FALSE,528,535,543,11302,11290,11286,15051740,10163366,50.0,0.83
1,1,1,FALSE,FALSE,FALSE,FALSE,FALSE,FALSE,528,535,543,11302,11290,11286,15051740,10163366,50.0,0.83
1,1,1,FALSE,FALSE,FALSE,FALSE,FALSE,FALSE,528,535,543,11302,11290,11286,15051740,10163366,50.0,0.83
1,1,1,FALSE,FALSE,FALSE,FALSE,FALSE,FALSE,528,535,543,11302,11290,11286,15051740,10163366,50.0,0.83
1,1,1,FALSE,FALSE,FALSE,FALSE,FALSE,FALSE,528,535,543,11303,11291,11287,15051730,10163337,50.0,0.83
1,1,1,FALSE,FALSE,FALSE,FALSE,FALSE,FALSE,528,535,543,11303,11291,11287,15051730,10163337,50.0,0.83
1,1,1,FALSE,FALSE,FALSE,FALSE,FALSE,FALSE,528,535,543,11303,11291,11287,15051730,10163337,50.0,0.83
1,1,1,FALSE,FALSE,FALSE,FALSE,FALSE,FALSE,528,535,543,11303,11291,11287,15051730,10163337,50.0,0.83
1,1,1,FALSE,FALSE,FALSE,FALSE,FALSE,FALSE,528,535,543,11303,11291,11287,15051730,10163337,50.0,0.83
1,1,1,FALSE,FALSE,FALSE,FALSE,FALSE,FALSE,528,535,543,11303,11291,11287,15051730,10163337,50.0,0.83
1,1,1,FALSE,FALSE,FALSE,FALSE,FALSE,FALSE,528,535,543,11303,11291,11287,15051730,10163337,50.0,0.83
1,1,1,FALSE,FALSE,FALSE,FALSE,FALSE,FALSE,528,535,543,11303,11291,11287,15051730,10163337,50.0,0.83
1,1,1,FALSE,FALSE,FALSE,FALSE,FALSE,FALSE,528,535,543,11303,11291,11287,15051730,10163337,50.0,0.83
1,1,1,FALSE,FALSE,FALSE,FALSE,FALSE,FALSE,528,535,543,11303,11291,11287,15051730,10163337,50.0,0.83
1,1,1,FALSE,FALSE,FALSE,FALSE,FALSE,FALSE,528,535,543,11303,11291,11287,15051730,10163337,50.0,0.83
1,1,1,FALSE,FALSE,FALSE,FALSE,FALSE,FALSE,528,535,543,11303,11291,11287,15051730,10163337,50.0,0.83
1,1,1,FALSE,FALSE,FALSE,FALSE,FALSE,FALSE,528,535,543,11303,11291,11287,15051730,10163337,50.0,0.83
1,1,1,FALSE,FALSE,FALSE,FALSE,FALSE,FALSE,528,535,543,11303,11291,11287,15051730,10163337,50.0,0.83
1,1,1,FALSE,FALSE,FALSE,FALSE,FALSE,FALSE,528,535,543,11303,11291,11287,15051730,10163337,50.0,0.83
1,1,1,FALSE,FALSE,FALSE,FALSE,FALSE,FALSE,528,535,543,11303,11291,11287,15051730,10163337,50.0,0.83
1,1,1,FALSE,FALSE,FALSE,FALSE,FALSE,FALSE,528,535,543,11303,11291,11287,15051730,10163337,50.0,0.83
1,1,1,FALSE,FALSE,FALSE,FALSE,FALSE,FALSE,528,535,543,11303,11291,11287,15051730,10163337,50.0,0.83
1,1,1,FALSE,FALSE,FALSE,FALSE,FALSE,FALSE,528,535,543,11303,11291,11287,15051730,10163337,50.0,0.83
1,1,1,FALSE,FALSE,FALSE,FALSE,FALSE,FALSE,528,535,543,11303,11291,11287,15051730,10163337,50.0,0.83
1,1,1,FALSE,FALSE,FALSE,FALSE,FALSE,FALSE,528,535,543,11303,11291,11287,15051730,10163337,50.0,0.83
1,1,1,FALSE,FALSE,FALSE,FALSE,FALSE,FALSE,528,535,543,11303,11291,11287,15051730,10163337,50.0,0.83
1,1,1,FALSE,FALSE,FALSE,FALSE,FALSE,FALSE,528,535,543,11303,11291,11287,15051730,10163337,50.0,0.83
1,1,1,FALSE,FALSE,FALSE,FALSE,FALSE,FALSE,528,535,543,11303,11291,11287,15051730,10163337,50.0,0.83
1,1,1,FALSE,FALSE,FALSE,FALSE,FALSE,FALSE,528,535,543,11303,11291,11287,15051730,10163337,50.0,0.83
1,1,1,FALSE,FALSE,FALSE,FALSE,FALSE,FALSE,528,535,543,11303,11291,11287,15051730,10163337,50.0,0.83
1,1,1,FALSE,FALSE,FALSE,FALSE,FALSE,FALSE,528,535,543,11303,11291,11287,15051730,10163337,50.0,0.83
1,1,1,FALSE,FALSE,FALSE,FALSE,FALSE,FALSE,528,535,543,11303,11291,11287,15051730,10163337,50.0,0.83
1,1,1,FALSE,FALSE,FALSE,FALSE,FALSE,FALSE,528,535,543,11303,11291,11287,15051730,10163337,50.0,0.83
1,1,1,FALSE,FALSE,FALSE,FALSE,FALSE,FALSE,528,535,543,11303,11291,11287,15051730,10163337,50.0,0.83
1,1,1,FALSE,FALSE,FALSE,FALSE,FALSE,FALSE,528,535,543,11303,11291,11287,15051730,10163337,50.0,0.83
1,1,1,FALSE,FALSE,FALSE,FALSE,FALSE,FALSE,528,535,543,11303,11291,11287,15051730,10163337,50.0,0.83
1,1,1,FALSE,FALSE,FALSE,FALSE,FALSE,FALSE,528,535,543,11303,11291,11287,15051730,10163337,50.0,0.83
1,1,1,FALSE,FALSE,FALSE,FALSE,FALSE,FALSE,528,535,543,11303,11291,11287,15051730,10163337,50.0,0.83
1,1,1,FALSE,FALSE,FALSE,FALSE,FALSE,FALSE,528,535,543,11303,11291,11287,15051730,10163337,50.0,0.83
1,1,1,FALSE,FALSE,FALSE,FALSE,FALSE,FALSE,528,535,543,11303,11291,11287,15051730,10163337,50.0,0.83
1,1,1,FALSE,FALSE,FALSE,FALSE,FALSE,FALSE,528,535,543,11303,11291,11287,15051730,10163337,50.0,0.83
1,1,1,FALSE,FALSE,FALSE,FALSE,FALSE,FALSE,528,535,543,11303,11291,11287,15051730,10163337,50.0,0.83
1,1,1,FALSE,FALSE,FALSE,FALSE,FALSE,FALSE,528,535,543,11302,11290,11286,15051740,10163366,50.0,0.83
1,1,1,FALSE,FALSE,FALSE,FALSE,FALSE,FALSE,528,535,543,11302,11290,11286,15051740,10163366,50.0,0.83
1,1,1,FALSE,FALSE,FALSE,FALSE,FALSE,FALSE,528,535,543,11302,11290,11286,15051740,10163366,50.0,0.83
1,1,1,FALSE,FALSE,FALSE,FALSE,FALSE,FALSE,528,535,543,11302,11290,11286,15051740,10163366,50.0,0.83
1,1,1,FALSE,FALSE,FALSE,FALSE,FALSE,FALSE,526,533,541,11344,11335,11332,15051331,10162068,50.0,0.83
1,1,1,FALSE,FALSE,FALSE,FALSE,FALSE,FALSE,526,533,541,11344,11335,11332,15051331,10162068,50.0,0.83
1,1,1,FALSE,FALSE,FALSE,FALSE,FALSE,FALSE,526,533,541,11344,11335,11332,15051331,10162068,50.0,0.83
1,1,1,FALSE,FALSE,FALSE,FALSE,FALSE,FALSE,528,535,543,11302,11290,11286,15051740,10163366,50.0,0.83
1,1,1,FALSE,FALSE,FALSE,FALSE,FALSE,FALSE,528,535,543,11302,11290,11286,15051740,10163366,50.0,0.83
1,1,1,FALSE,FALSE,FALSE,FALSE,FALSE,FALSE,528,535,543,11302,11290,11286,15051740,10163366,50.0,0.83
1,1,1,FALSE,FALSE,FALSE,FALSE,FALSE,FALSE,528,535,543,11302,11290,11286,15051740,10163366,50.0,0.83
1,1,1,FALSE,TRUE,FALSE,FALSE,FALSE,FALSE,528,535,543,11302,11290,11286,15051740,10163366,50.0,0.83
0,1,1,FALSE,TRUE,FALSE,FALSE,FALSE,FALSE,528,535,543,11302,11290,11286,15051740,10163366,50.0,0.83
0,1,1,FALSE,TRUE,FALSE,FALSE,FALSE,FALSE,0,0,0,11343,11334,11331,0,0,50.0,0.83
0,1,1,FALSE,TRUE,FALSE,FALSE,FALSE,FALSE,0,0,0,11343,11334,11331,0,0,50.0,0.83
0,1,1,FALSE,FALSE,FALSE,FALSE,FALSE,FALSE,0,0,0,11343,11334,11331,0,0,50.0,0.83
1,1,1,FALSE,FALSE,FALSE,FALSE,FALSE,FALSE,528,535,543,11302,11290,11286,15051740,10163366,50.0,0.83
1,1,1,FALSE,FALSE,FALSE,FALSE,FALSE,FALSE,528,535,543,11302,11290,11286,15051740,10163366,50.0,0.83
1,1,1,FALSE,FALSE,FALSE,FALSE,FALSE,FALSE,528,535,543,11302,11290,11286,15051740,10163366,50.0,0.83
1,1,1,FALSE,FALSE,FALSE,FALSE,FALSE,FALSE,528,535,543,11302,11290,11286,15051740,10163366,50.0,0.83
1,1,1,FALSE,FALSE,FALSE,FALSE,FALSE,FALSE,528,535,543,11302,11290,11286,15051740,10163366,50.0,0.83
1,1,1,FALSE,FALSE,FALSE,FALSE,FALSE,FALSE,528,535,543,11302,11290,11286,15051740,10163366,50.0,0.83
1,1,1,FALSE,FALSE,FALSE,FALSE,FALSE,FALSE,528,535,543,11302,11290,11286,15051740,10163366,50.0,0.83
1,1,1,FALSE,FALSE,FALSE,FALSE,FALSE,FALSE,528,535,543,11302,11290,11286,15051740,10163366,50.0,0.83
1,1,1,FALSE,FALSE,FALSE,FALSE,FALSE,FALSE,528,535,543,11302,11290,11286,15051740,10163366,50.0,0.83
1,1,1,FALSE,FALSE,FALSE,FALSE,FALSE,FALSE,528,535,543,11303,11291,11287,15051730,10163337,50.0,0.83
1,1,1,FALSE,FALSE,FALSE,FALSE,FALSE,FALSE,528,535,543,11303,11291,11287,15051730,10163337,50.0,0.83
1,1,1,FALSE,FALSE,FALSE,FALSE,FALSE,FALSE,528,535,543,11303,11291,11287,15051730,10163337,50.0,0.83
1,1,1,FALSE,FALSE,FALSE,FALSE,FALSE,FALSE,528,535,543,11303,11291,11287,15051730,10163337,50.0,0.83
1,1,1,FALSE,FALSE,FALSE,FALSE,FALSE,FALSE,528,535,543,11303,11291,11287,15051730,10163337,50.0,0.83
1,1,1,FALSE,FALSE,FALSE,FALSE,FALSE,FALSE,528,535,543,11303,11291,11287,15051730,10163337,50.0,0.83
1,1,1,FALSE,FALSE,FALSE,FALSE,FALSE,FALSE,552,559,568,11299,11287,11283,15689732,10665121,50.0,0.83
1,1,1,FALSE,FALSE,FALSE,FALSE,FALSE,FALSE,552,559,568,11299,11287,11283,15689732,10665121,50.0,0.83
1,1,1,FALSE,FALSE,FALSE,FALSE,FALSE,FALSE,552,559,568,11299,11287,11283,15689732,10665121,50.0,0.83
1,1,1,FALSE,FALSE,FALSE,FALSE,FALSE,FALSE,552,559,568,11299,11287,11283,15689732,10665121,50.0,0.83
1,1,1,FALSE,FALSE,FALSE,FALSE,FALSE,FALSE,552,559,568,11299,11287,11283,15689732,10665121,50.0,0.83
1,1,1,FALSE,FALSE,FALSE,FALSE,FALSE,FALSE,552,559,568,11299,11287,11283,15689732,10665121,50.0,0.83
1,1,1,FALSE,FALSE,FALSE,FALSE,FALSE,FALSE,552,559,568,11299,11287,11283,15689732,10665121,50.0,0.83
1,1,1,FALSE,FALSE,FALSE,FALSE,FALSE,FALSE,552,559,568,11299,11287,11283,15689732,10665121,50.0,0.83
1,1,1,FALSE,FALSE,FALSE,FALSE,FALSE,FALSE,552,559,568,11299,11287,11283,15689732,10665121,50.0,0.83
1,1,1,FALSE,FALSE,FALSE,FALSE,FALSE,FALSE,552,559,568,11299,11287,11283,15689732,10665121,50.0,0.83
1,1,1,FALSE,FALSE,FALSE,FALSE,FALSE,FALSE,552,559,568,11299,11287,11283,15689732,10665121,50.0,0.83
1,1,1,FALSE,FALSE,FALSE,FALSE,FALSE,FALSE,552,559,568,11299,11287,11283,15689732,10665121,50.0,0.83
1,1,1,FALSE,FALSE,FALSE,FALSE,FALSE,FALSE,552,559,568,11299,11287,11283,15689732,10665121,50.0,0.83
1,1,1,FALSE,FALSE,FALSE,FALSE,FALSE,FALSE,552,559,568,11299,11287,11283,15689732,10665121,50.0,0.83
1,1,1,FALSE,FALSE,FALSE,FALSE,FALSE,FALSE,552,559,568,11299,11287,11283,15689732,10665121,50.0,0.83
1,1,1,FALSE,FALSE,FALSE,FALSE,FALSE,FALSE,552,559,568,11299,11287,11283,15689732,10665121,50.0,0.83
1,1,1,FALSE,FALSE,FALSE,FALSE,FALSE,FALSE,552,559,568,11299,11287,11283,15689732,10665121,50.0,0.83
1,1,1,FALSE,FALSE,FALSE,FALSE,FALSE,FALSE,552,559,568,11299,11287,11283,15689732,10665121,50.0,0.83
1,1,1,FALSE,FALSE,FALSE,FALSE,FALSE,FALSE,552,559,568,11299,11287,11283,15689732,10665121,50.0,0.83
1,1,1,FALSE,FALSE,FALSE,FALSE,FALSE,FALSE,552,559,568,11299,11287,11283,15689732,10665121,50.0,0.83
1,1,1,FALSE,FALSE,FALSE,FALSE,FALSE,FALSE,552,559,568,11299,11287,11283,15689732,10665121,50.0,0.83
1,1,1,FALSE,FALSE,FALSE,FALSE,FALSE,FALSE,552,559,568,11299,11287,11283,15689732,10665121,50.0,0.83
1,1,1,FALSE,FALSE,FALSE,FALSE,FALSE,FALSE,552,559,568,11299,11287,11283,15689732,10665121,50.0,0.83
1,1,1,FALSE,FALSE,FALSE,FALSE,FALSE,FALSE,552,559,568,11299,11287,11283,15689732,10665121,50.0,0.83
1,1,1,FALSE,FALSE,FALSE,FALSE,FALSE,FALSE,552,559,568,11299,11287,11283,15689732,10665121,50.0,0.83
1,1,1,FALSE,FALSE,FALSE,FALSE,FALSE,FALSE,552,559,568,11299,11287,11283,15689732,10665121,50.0,0.83
1,1,1,FALSE,FALSE,FALSE,FALSE,FALSE,FALSE,552,559,568,11299,11287,11283,15689732,10665121,50.0,0.83
1,1,1,FALSE,FALSE,FALSE,FALSE,FALSE,FALSE,552,559,568,11299,11287,11283,15689732,10665121,50.0,0.83
1,1,1,FALSE,FALSE,FALSE,FALSE,FALSE,FALSE,552,559,568,11299,11287,11283,15689732,10665121,50.0,0.83
1,1,1,FALSE,FALSE,FALSE,FALSE,FALSE,FALSE,552,559,568,11299,11287,11283,15689732,10665121,50.0,0.83
1,1,1,FALSE,FALSE,FALSE,FALSE,FALSE,FALSE,552,559,568,11299,11287,11283,15689732,10665121,50.0,0.83
1,1,1,FALSE,FALSE,FALSE,FALSE,FALSE,FALSE,552,559,568,11299,11287,11283,15689732,10665121,50.0,0.83
1,1,1,FALSE,FALSE,FALSE,FALSE,FALSE,FALSE,552,559,568,11299,11287,11283,15689732,10665121,50.0,0.83
1,1,1,FALSE,FALSE,FALSE,FALSE,FALSE,FALSE,552,559,568,11299,11287,11283,15689732,10665121,50.0,0.83
1,1,1,FALSE,FALSE,FALSE,FALSE,FALSE,FALSE,552,559,568,11299,11287,11283,15689732,10665121,50.0,0.83
1,1,1,FALSE,FALSE,FALSE,FALSE,FALSE,FALSE,552,559,568,11299,11287,11283,15689732,10665121,50.0,0.83
1,1,1,FALSE,FALSE,FALSE,FALSE,FALSE,FALSE,552,559,568,11299,11287,11283,15689732,10665121,50.0,0.83
1,1,1,FALSE,FALSE,FALSE,FALSE,FALSE,FALSE,552,559,568,11299,11287,11283,15689732,10665121,50.0,0.83
1,1,1,FALSE,FALSE,FALSE,FALSE,FALSE,FALSE,552,559,568,11299,11287,11283,15689732,10665121,50.0,0.83
1,1,1,FALSE,FALSE,FALSE,FALSE,FALSE,FALSE,552,559,568,11299,11287,11283,15689732,10665121,50.0,0.83
1,1,1,FALSE,FALSE,FALSE,FALSE,FALSE,FALSE,552,559,568,11299,11287,11283,15689732,10665121,50.0,0.83
1,1,1,FALSE,FALSE,FALSE,FALSE,FALSE,FALSE,552,559,568,11299,11287,11283,15689732,10665121,50.0,0.83
1,1,1,FALSE,FALSE,FALSE,FALSE,FALSE,FALSE,552,559,568,11299,11287,11283,15689732,10665121,50.0,0.83
1,1,1,FALSE,FALSE,FALSE,FALSE,FALSE,FALSE,552,559,568,11299,11287,11283,15689732,10665121,50.0,0.83
1,1,1,FALSE,FALSE,FALSE,FALSE,FALSE,FALSE,552,559,568,11299,11287,11283,15689732,10665121,50.0,0.83
1,1,1,FALSE,FALSE,FALSE,FALSE,FALSE,FALSE,552,559,568,11299,11287,11283,15689732,10665121,50.0,0.83
1,1,1,FALSE,FALSE,FALSE,FALSE,FALSE,FALSE,552,559,568,11299,11287,11283,15689732,10665121,50.0,0.83
1,1,1,FALSE,FALSE,FALSE,FALSE,FALSE,FALSE,552,559,568,11299,11287,11283,15689732,10665121,50.0,0.83
1,1,1,FALSE,FALSE,FALSE,FALSE,FALSE,FALSE,552,559,568,11299,11287,11283,15689732,10665121,50.0,0.83
1,1,1,FALSE,FALSE,FALSE,FALSE,FALSE,FALSE,552,559,568,11299,11287,11283,15689732,10665121,50.0,0.83
1,1,1,FALSE,FALSE,FALSE,FALSE,FALSE,FALSE,552,559,568,11299,11287,11283,15689732,10665121,50.0,0.83
1,1,1,FALSE,FALSE,FALSE,FALSE,FALSE,FALSE,552,559,568,11299,11287,11283,15689732,10665121,50.0,0.83
1,1,1,FALSE,FALSE,FALSE,FALSE,FALSE,FALSE,552,559,568,11299,11287,11283,15689732,10665121,50.0,0.83
1,1,1,FALSE,FALSE,FALSE,FALSE,FALSE,FALSE,552,559,568,11299,11287,11283,15689732,10665121,50.0,0.83
1,1,1,FALSE,FALSE,FALSE,FALSE,FALSE,FALSE,552,559,568,11299,11287,11283,15689732,10665121,50.0,0.83
1,1,1,FALSE,FALSE,FALSE,FALSE,FALSE,FALSE,552,559,568,11299,11287,11283,15689732,10665121,50.0,0.83
1,1,1,FALSE,FALSE,FALSE,FALSE,FALSE,FALSE,552,559,568,11299,11287,11283,15689732,10665121,50.0,0.83
1,1,1,FALSE,FALSE,FALSE,FALSE,FALSE,FALSE,552,559,568,11299,11287,11283,15689732,10665121,50.0,0.83
1,1,1,FALSE,FALSE,FALSE,FALSE,FALSE,FALSE,552,559,568,11299,11287,11283,15689732,10665121,50.0,0.83
1,1,1,FALSE,FALSE,FALSE,FALSE,FALSE,FALSE,552,559,568,11299,11287,11283,15689732,10665121,50.0,0.83
1,1,1,FALSE,FALSE,FALSE,FALSE,FALSE,FALSE,552,559,568,11299,11287,11283,15689732,10665121,50.0,0.83
1,1,1,FALSE,FALSE,FALSE,FALSE,FALSE,FALSE,552,559,568,11299,11287,11283,15689732,10665121,50.0,0.83
1,1,1,FALSE,FALSE,FALSE,FALSE,FALSE,FALSE,552,559,568,11299,11287,11283,15689732,10665121,50.0,0.83
1,1,1,FALSE,FALSE,FALSE,FALSE,FALSE,FALSE,552,559,568,11299,11287,11283,15689732,10665121,50.0,0.83
1,1,1,FALSE,FALSE,FALSE,FALSE,FALSE,FALSE,552,559,568,11299,11287,11283,15689732,10665121,50.0,0.83
1,1,1,FALSE,FALSE,FALSE,FALSE,FALSE,FALSE,552,559,568,11299,11287,11283,15689732,10665121,50.0,0.83
1,1,1,FALSE,FALSE,FALSE,FALSE,FALSE,FALSE,552,559,568,11299,11287,11283,15689732,10665121,50.0,0.83
1,1,1,FALSE,FALSE,FALSE,FALSE,FALSE,FALSE,552,559,568,11299,11287,11283,15689732,10665121,50.0,0.83
1,1,1,FALSE,FALSE,FALSE,FALSE,FALSE,FALSE,552,559,568,11299,11287,11283,15689732,10665121,50.0,0.83
1,1,1,FALSE,FALSE,FALSE,FALSE,FALSE,FALSE,552,559,568,11299,11287,11283,15689732,10665121,50.0,0.83
1,1,1,FALSE,FALSE,FALSE,FALSE,FALSE,FALSE,552,559,568,11299,11287,11283,15689732,10665121,50.0,0.83
1,1,1,FALSE,FALSE,FALSE,FALSE,FALSE,FALSE,552,559,568,11299,11287,11283,15689732,10665121,50.0,0.83
1,1,1,FALSE,FALSE,FALSE,FALSE,FALSE,FALSE,552,559,568,11299,11287,11283,15689732,10665121,50.0,0.83
1,1,1,FALSE,FALSE,FALSE,FALSE,FALSE,FALSE,552,559,568,11299,11287,11283,15689732,10665121,50.0,0.83
1,1,1,FALSE,FALSE,FALSE,FALSE,FALSE,FALSE,552,559,568,11299,11287,11283,15689732,10665121,50.0,0.83
1,1,1,FALSE,FALSE,FALSE,FALSE,FALSE,FALSE,552,559,568,11299,11287,11283,15689732,10665121,50.0,0.83
1,1,1,FALSE,FALSE,FALSE,FALSE,FALSE,FALSE,552,559,568,11299,11287,11283,15689732,10665121,50.0,0.83
1,1,1,FALSE,FALSE,FALSE,FALSE,FALSE,FALSE,552,559,568,11299,11287,11283,15689732,10665121,50.0,0.83
1,1,1,FALSE,FALSE,FALSE,FALSE,FALSE,FALSE,552,559,568,11299,11287,11283,15689732,10665121,50.0,0.83
1,1,1,FALSE,FALSE,FALSE,FALSE,FALSE,FALSE,552,559,568,11299,11287,11283,15689732,10665121,50.0,0.83
1,1,1,FALSE,FALSE,FALSE,FALSE,FALSE,FALSE,552,559,568,11299,11287,11283,15689732,10665121,50.0,0.83
1,1,1,FALSE,FALSE,FALSE,FALSE,FALSE,FALSE,552,559,568,11299,11287,11283,15689732,10665121,50.0,0.83
1,1,1,FALSE,FALSE,FALSE,FALSE,FALSE,FALSE,552,559,568,11299,11287,11283,15689732,10665121,50.0,0.83
1,1,1,FALSE,FALSE,FALSE,FALSE,FALSE,FALSE,552,559,568,11299,11287,11283,15689732,10665121,50.0,0.83
1,1,1,FALSE,FALSE,FALSE,FALSE,FALSE,FALSE,552,559,568,11299,11287,11283,15689732,10665121,50.0,0.83
1,1,1,FALSE,FALSE,FALSE,FALSE,FALSE,FALSE,552,559,568,11299,11287,11283,15689732,10665121,50.0,0.83
1,1,1,FALSE,FALSE,FALSE,FALSE,FALSE,FALSE,552,559,568,11299,11287,11283,15689732,10665121,50.0,0.83
1,1,1,FALSE,FALSE,FALSE,FALSE,FALSE,FALSE,552,559,568,11299,11287,11283,15689732,10665121,50.0,0.83
1,1,1,FALSE,FALSE,FALSE,FALSE,FALSE,FALSE,552,559,568,11299,11287,11283,15689732,10665121,50.0,0.83
1,1,1,FALSE,FALSE,FALSE,FALSE,FALSE,FALSE,552,559,568,11299,11287,11283,15689732,10665121,50.0,0.83
1,1,1,FALSE,FALSE,FALSE,FALSE,FALSE,FALSE,552,559,568,11299,11287,11283,15689732,10665121,50.0,0.83
1,1,1,FALSE,FALSE,FALSE,FALSE,FALSE,FALSE,552,559,568,11299,11287,11283,15689732,10665121,50.0,0.83
1,1,1,FALSE,FALSE,FALSE,FALSE,FALSE,FALSE,552,559,568,11299,11287,11283,15689732,10665121,50.0,0.83
1,1,1,FALSE,FALSE,FALSE,FALSE,FALSE,FALSE,552,559,568,11299,11287,11283,15689732,10665121,50.0,0.83
1,1,1,FALSE,FALSE,FALSE,FALSE,FALSE,FALSE,552,559,568,11299,11287,11283,15689732,10665121,50.0,0.83
1,1,1,FALSE,FALSE,FALSE,FALSE,FALSE,FALSE,552,559,568,11299,11287,11283,15689732,10665121,50.0,0.83
1,1,1,FALSE,FALSE,FALSE,FALSE,FALSE,FALSE,552,559,568,11299,11287,11283,15689732,10665121,50.0,0.83
1,1,1,FALSE,FALSE,FALSE,FALSE,FALSE,FALSE,552,559,568,11299,11287,11283,15689732,10665121,50.0,0.83
1,1,1,FALSE,FALSE,FALSE,FALSE,FALSE,FALSE,552,559,568,11299,11287,11283,15689732,10665121,50.0,0.83
1,1,1,FALSE,FALSE,FALSE,FALSE,FALSE,FALSE,552,559,568,11299,11287,11283,15689732,10665121,50.0,0.83
1,1,1,FALSE,FALSE,FALSE,FALSE,FALSE,FALSE,552,559,568,11299,11287,11283,15689732,10665121,50.0,0.83
1,1,1,FALSE,FALSE,FALSE,FALSE,FALSE,FALSE,552,559,568,11299,11287,11283,15689732,10665121,50.0,0.83
1,1,1,FALSE,FALSE,FALSE,FALSE,FALSE,FALSE,552,559,568,11299,11287,11283,15689732,10665121,50.0,0.83
1,1,1,FALSE,FALSE,FALSE,FALSE,FALSE,FALSE,552,559,568,11299,11287,11283,15689732,10665121,50.0,0.83
1,1,1,FALSE,FALSE,FALSE,FALSE,FALSE,FALSE,552,559,568,11296,11284,11280,15689762,10665217,50.0,0.83
1,1,1,FALSE,FALSE,FALSE,FALSE,FALSE,FALSE,552,559,568,11296,11284,11280,15689762,10665217,50.0,0.83
1,1,1,FALSE,FALSE,FALSE,FALSE,FALSE,FALSE,552,559,568,11296,11284,11280,15689762,10665217,50.0,0.83
1,1,1,FALSE,FALSE,FALSE,FALSE,FALSE,FALSE,552,559,568,11296,11284,11280,15689762,10665217,50.0,0.83
1,1,1,FALSE,FALSE,FALSE,FALSE,FALSE,FALSE,552,559,568,11296,11284,11280,15689762,10665217,50.0,0.83
1,1,1,FALSE,FALSE,FALSE,FALSE,FALSE,FALSE,552,559,568,11296,11284,11280,15689762,10665217,50.0,0.83
1,1,1,FALSE,FALSE,FALSE,FALSE,FALSE,FALSE,552,559,568,11296,11284,11280,15689762,10665217,50.0,0.83
1,1,1,FALSE,FALSE,FALSE,FALSE,FALSE,FALSE,552,559,568,11296,11284,11280,15689762,10665217,50.0,0.83
1,1,1,FALSE,FALSE,FALSE,FALSE,FALSE,FALSE,552,559,568,11296,11284,11280,15689762,10665217,50.0,0.83
1,1,1,FALSE,FALSE,FALSE,FALSE,FALSE,FALSE,552,559,568,11296,11284,11280,15689762,10665217,50.0,0.83
1,1,1,FALSE,FALSE,FALSE,FALSE,FALSE,FALSE,552,559,568,11296,11284,11280,15689762,10665217,50.0,0.83
1,1,1,FALSE,FALSE,FALSE,FALSE,FALSE,FALSE,552,559,568,11296,11284,11280,15689762,10665217,50.0,0.83
1,1,1,FALSE,FALSE,FALSE,FALSE,FALSE,FALSE,552,559,568,11296,11284,11280,15689762,10665217,50.0,0.83
1,1,1,FALSE,FALSE,FALSE,FALSE,FALSE,FALSE,552,559,568,11296,11284,11280,15689762,10665217,50.0,0.83
1,1,1,FALSE,FALSE,FALSE,FALSE,FALSE,FALSE,552,559,568,11296,11284,11280,15689762,10665217,50.0,0.83
1,1,1,FALSE,FALSE,FALSE,FALSE,FALSE,FALSE,552,559,568,11296,11284,11280,15689762,10665217,50.0,0.83
1,1,1,FALSE,FALSE,FALSE,FALSE,FALSE,FALSE,552,559,568,11296,11284,11280,15689762,10665217,50.0,0.83
1,1,1,FALSE,FALSE,FALSE,FALSE,FALSE,FALSE,552,559,568,11296,11284,11280,15689762,10665217,50.0,0.83
1,1,1,FALSE,FALSE,FALSE,FALSE,FALSE,FALSE,552,559,568,11296,11284,11280,15689762,10665217,50.0,0.83
1,1,1,FALSE,FALSE,FALSE,FALSE,FALSE,FALSE,552,559,568,11296,11284,11280,15689762,10665217,50.0,0.83
1,1,1,FALSE,FALSE,FALSE,FALSE,FALSE,FALSE,552,559,568,11296,11284,11280,15689762,10665217,50.0,0.83
1,1,1,FALSE,FALSE,FALSE,FALSE,FALSE,FALSE,552,559,568,11296,11284,11280,15689762,10665217,50.0,0.83
1,1,1,FALSE,FALSE,FALSE,FALSE,FALSE,FALSE,552,559,568,11296,11284,11280,15689762,10665217,50.0,0.83
1,1,1,FALSE,FALSE,FALSE,FALSE,FALSE,FALSE,552,559,568,11296,11284,11280,15689762,10665217,50.0,0.83
1,1,1,FALSE,FALSE,FALSE,FALSE,FALSE,FALSE,552,559,568,11296,11284,11280,15689762,10665217,50.0,0.83
1,1,1,FALSE,FALSE,FALSE,FALSE,FALSE,FALSE,552,559,568,11296,11284,11280,15689762,10665217,50.0,0.83
1,1,1,FALSE,FALSE,FALSE,FALSE,FALSE,FALSE,552,559,568,11296,11284,11280,15689762,10665217,50.0,0.83
1,1,1,FALSE,FALSE,FALSE,FALSE,FALSE,FALSE,552,559,568,11296,11284,11280,15689762,10665217,50.0,0.83
1,1,1,FALSE,FALSE,FALSE,FALSE,FALSE,FALSE,552,559,568,11296,11284,11280,15689762,10665217,50.0,0.83
1,1,1,FALSE,FALSE,FALSE,FALSE,FALSE,FALSE,552,559,568,11296,11284,11280,15689762,10665217,50.0,0.83
1,1,1,FALSE,FALSE,FALSE,FALSE,FALSE,FALSE,552,559,568,11296,11284,11280,15689762,10665217,50.0,0.83
1,1,1,FALSE,FALSE,FALSE,FALSE,FALSE,FALSE,552,559,568,11296,11284,11280,15689762,10665217,50.0,0.83
1,1,1,FALSE,FALSE,FALSE,FALSE,FALSE,FALSE,552,559,568,11296,11284,11280,15689762,10665217,50.0,0.83
1,1,1,FALSE,FALSE,FALSE,FALSE,FALSE,FALSE,552,559,568,11296,11284,11280,15689762,10665217,50.0,0.83
1,1,1,FALSE,FALSE,FALSE,FALSE,FALSE,FALSE,552,559,568,11296,11284,11280,15689762,10665217,50.0,0.83
1,1,1,FALSE,FALSE,FALSE,FALSE,FALSE,FALSE,552,559,568,11296,11284,11280,15689762,10665217,50.0,0.83
1,1,1,FALSE,FALSE,FALSE,FALSE,FALSE,FALSE,552,559,568,11296,11284,11280,15689762,10665217,50.0,0.83
1,1,1,FALSE,FALSE,FALSE,FALSE,FALSE,FALSE,552,559,568,11296,11284,11280,15689762,10665217,50.0,0.83
1,1,1,FALSE,FALSE,FALSE,FALSE,FALSE,FALSE,552,559,568,11296,11284,11280,15689762,10665217,50.0,0.83
1,1,1,FALSE,FALSE,FALSE,FALSE,FALSE,FALSE,552,559,568,11296,11284,11280,15689762,10665217,50.0,0.83
1,1,1,FALSE,FALSE,FALSE,FALSE,FALSE,FALSE,552,559,568,11296,11284,11280,15689762,10665217,50.0,0.83
1,1,1,FALSE,FALSE,FALSE,FALSE,FALSE,FALSE,552,559,568,11296,11284,11280,15689762,10665217,50.0,0.83
1,1,1,FALSE,FALSE,FALSE,FALSE,FALSE,FALSE,552,559,568,11296,11284,11280,15689762,10665217,50.0,0.83
1,1,1,FALSE,FALSE,FALSE,FALSE,FALSE,FALSE,552,559,568,11296,11284,11280,15689762,10665217,50.0,0.83
1,1,1,FALSE,FALSE,FALSE,FALSE,FALSE,FALSE,552,559,568,11296,11284,11280,15689762,10665217,50.0,0.83
1,1,1,FALSE,FALSE,FALSE,FALSE,FALSE,FALSE,552,559,568,11296,11284,11280,15689762,10665217,50.0,0.83
1,1,1,FALSE,FALSE,FALSE,FALSE,FALSE,FALSE,552,559,568,11296,11284,11280,15689762,10665217,50.0,0.83
1,1,1,FALSE,FALSE,FALSE,FALSE,FALSE,FALSE,552,559,568,11296,11284,11280,15689762,10665217,50.0,0.83
1,1,1,FALSE,FALSE,FALSE,FALSE,FALSE,FALSE,552,559,568,11296,11284,11280,15689762,10665217,50.0,0.83
1,1,1,FALSE,FALSE,FALSE,FALSE,FALSE,FALSE,552,559,568,11296,11284,11280,15689762,10665217,50.0,0.83
1,1,1,FALSE,FALSE,FALSE,FALSE,FALSE,FALSE,552,559,568,11296,11284,11280,15689762,10665217,50.0,0.83
1,1,1,FALSE,FALSE,FALSE,FALSE,FALSE,FALSE,552,559,568,11296,11284,11280,15689762,10665217,50.0,0.83
1,1,1,FALSE,FALSE,FALSE,FALSE,FALSE,FALSE,552,559,568,11296,11284,11280,15689762,10665217,50.0,0.83
1,1,1,FALSE,FALSE,FALSE,FALSE,FALSE,FALSE,552,559,568,11296,11284,11280,15689762,10665217,50.0,0.83
1,1,1,FALSE,FALSE,FALSE,FALSE,FALSE,FALSE,552,559,568,11296,11284,11280,15689762,10665217,50.0,0.83
1,1,1,FALSE,FALSE,FALSE,FALSE,FALSE,FALSE,552,559,568,11296,11284,11280,15689762,10665217,50.0,0.83
1,1,1,FALSE,FALSE,FALSE,FALSE,FALSE,FALSE,552,559,568,11296,11284,11280,15689762,10665217,50.0,0.83
1,1,1,FALSE,FALSE,FALSE,FALSE,FALSE,FALSE,552,559,568,11296,11284,11280,15689762,10665217,50.0,0.83
1,1,1,FALSE,FALSE,FALSE,FALSE,FALSE,FALSE,552,559,568,11296,11284,11280,15689762,10665217,50.0,0.83
1,1,1,FALSE,FALSE,FALSE,FALSE,FALSE,FALSE,552,559,568,11296,11284,11280,15689762,10665217,50.0,0.83
1,1,1,FALSE,FALSE,FALSE,FALSE,FALSE,FALSE,552,559,568,11296,11284,11280,15689762,10665217,50.0,0.83
1,1,1,FALSE,FALSE,FALSE,FALSE,FALSE,FALSE,552,559,568,11296,11284,11280,15689762,10665217,50.0,0.83
1,1,1,FALSE,FALSE,FALSE,FALSE,FALSE,FALSE,552,559,568,11296,11284,11280,15689762,10665217,50.0,0.83
1,1,1,FALSE,FALSE,FALSE,FALSE,FALSE,FALSE,552,559,568,11296,11284,11280,15689762,10665217,50.0,0.83
1,1,1,FALSE,FALSE,FALSE,FALSE,FALSE,FALSE,552,559,568,11296,11284,11280,15689762,10665217,50.0,0.83
1,1,1,FALSE,FALSE,FALSE,FALSE,FALSE,FALSE,552,559,568,11296,11284,11280,15689762,10665217,50.0,0.83
1,1,1,FALSE,FALSE,FALSE,FALSE,FALSE,FALSE,552,559,568,11296,11284,11280,15689762,10665217,50.0,0.83
1,1,1,FALSE,FALSE,FALSE,FALSE,FALSE,FALSE,552,559,568,11296,11284,11280,15689762,10665217,50.0,0.83
1,1,1,FALSE,FALSE,FALSE,FALSE,FALSE,FALSE,552,559,568,11296,11284,11280,15689762,10665217,50.0,0.83
1,1,1,FALSE,FALSE,FALSE,FALSE,FALSE,FALSE,552,559,568,11296,11284,11280,15689762,10665217,50.0,0.83
1,1,1,FALSE,FALSE,FALSE,FALSE,FALSE,FALSE,552,559,568,11296,11284,11280,15689762,10665217,50.0,0.83
1,1,1,FALSE,FALSE,FALSE,FALSE,FALSE,FALSE,552,559,568,11296,11284,11280,15689762,10665217,50.0,0.83
1,1,1,FALSE,FALSE,FALSE,FALSE,FALSE,FALSE,552,559,568,11296,11284,11280,15689762,10665217,50.0,0.83
1,1,1,FALSE,FALSE,FALSE,FALSE,FALSE,FALSE,552,559,568,11296,11284,11280,15689762,10665217,50.0,0.83
1,1,1,FALSE,FALSE,FALSE,FALSE,FALSE,FALSE,552,559,568,11296,11284,11280,15689762,10665217,50.0,0.83
1,1,1,FALSE,FALSE,FALSE,FALSE,FALSE,FALSE,552,559,568,11296,11284,11280,15689762,10665217,50.0,0.83
1,1,1,FALSE,FALSE,FALSE,FALSE,FALSE,FALSE,552,559,568,11296,11284,11280,15689762,10665217,50.0,0.83
1,1,1,FALSE,FALSE,FALSE,FALSE,FALSE,FALSE,552,559,568,11296,11284,11280,15689762,10665217,50.0,0.83
1,1,1,FALSE,FALSE,FALSE,FALSE,FALSE,FALSE,552,559,568,11296,11284,11280,15689762,10665217,50.0,0.83
1,1,1,FALSE,FALSE,FALSE,FALSE,FALSE,FALSE,552,559,568,11296,11284,11280,15689762,10665217,50.0,0.83
1,1,1,FALSE,FALSE,FALSE,FALSE,FALSE,FALSE,552,559,568,11296,11284,11280,15689762,10665217,50.0,0.83
1,1,1,FALSE,FALSE,FALSE,FALSE,FALSE,FALSE,552,559,568,11296,11284,11280,15689762,10665217,50.0,0.83
1,1,1,FALSE,FALSE,FALSE,FALSE,FALSE,FALSE,552,559,568,11296,11284,11280,15689762,10665217,50.0,0.83
1,1,1,FALSE,FALSE,FALSE,FALSE,FALSE,FALSE,552,559,568,11296,11284,11280,15689762,10665217,50.0,0.83
1,1,1,FALSE,FALSE,FALSE,FALSE,FALSE,FALSE,552,559,568,11296,11284,11280,15689762,10665217,50.0,0.83
1,1,1,FALSE,FALSE,FALSE,FALSE,FALSE,FALSE,552,559,568,11296,11284,11280,15689762,10665217,50.0,0.83
1,1,1,FALSE,FALSE,FALSE,FALSE,FALSE,FALSE,552,559,568,11296,11284,11280,15689762,10665217,50.0,0.83
1,1,1,FALSE,FALSE,FALSE,FALSE,FALSE,FALSE,552,559,568,11296,11284,11280,15689762,10665217,50.0,0.83
1,1,1,FALSE,FALSE,FALSE,FALSE,FALSE,FALSE,552,559,568,11296,11284,11280,15689762,10665217,50.0,0.83
1,1,1,FALSE,FALSE,FALSE,FALSE,FALSE,FALSE,552,559,568,11296,11284,11280,15689762,10665217,50.0,0.83
1,1,1,FALSE,FALSE,FALSE,FALSE,FALSE,FALSE,552,559,568,11296,11284,11280,15689762,10665217,50.0,0.83
1,1,1,FALSE,FALSE,FALSE,FALSE,FALSE,FALSE,552,559,568,11296,11284,11280,15689762,10665217,50.0,0.83
1,1,1,FALSE,FALSE,FALSE,FALSE,FALSE,FALSE,552,559,568,11296,11284,11280,15689762,10665217,50.0,0.83
1,1,1,FALSE,FALSE,FALSE,FALSE,FALSE,FALSE,552,559,568,11296,11284,11280,15689762,10665217,50.0,0.83
1,1,1,FALSE,FALSE,FALSE,FALSE,FALSE,FALSE,552,559,568,11296,11284,11280,15689762,10665217,50.0,0.83
1,1,1,FALSE,FALSE,FALSE,FALSE,FALSE,FALSE,552,559,568,11296,11284,11280,15689762,10665217,50.0,0.83
1,1,1,FALSE,FALSE,FALSE,FALSE,FALSE,FALSE,552,559,568,11296,11284,11280,15689762,10665217,50.0,0.83
1,1,1,FALSE,FALSE,FALSE,FALSE,FALSE,FALSE,552,559,568,11296,11284,11280,15689762,10665217,50.0,0.83
1,1,1,FALSE,FALSE,FALSE,FALSE,FALSE,FALSE,552,559,568,11296,11284,11280,15689762,10665217,50.0,0.83
1,1,1,FALSE,FALSE,FALSE,FALSE,FALSE,FALSE,552,559,568,11296,11284,11280,15689762,10665217,50.0,0.83
1,1,1,FALSE,FALSE,FALSE,FALSE,FALSE,FALSE,552,559,568,11296,11284,11280,15689762,10665217,50.0,0.83
1,1,1,FALSE,FALSE,FALSE,FALSE,FALSE,FALSE,552,559,568,11296,11284,11280,15689762,10665217,50.0,0.83
1,1,1,FALSE,FALSE,FALSE,FALSE,FALSE,FALSE,552,559,568,11296,11284,11280,15689762,10665217,50.0,0.83
1,1,1,FALSE,FALSE,FALSE,FALSE,FALSE,FALSE,552,559,568,11296,11284,11280,15689762,10665217,50.0,0.83
1,1,1,FALSE,FALSE,FALSE,FALSE,FALSE,FALSE,552,559,568,11296,11284,11280,15689762,10665217,50.0,0.83
1,1,1,FALSE,FALSE,FALSE,FALSE,FALSE,FALSE,552,559,568,11296,11284,11280,15689762,10665217,50.0,0.83
1,1,1,FALSE,FALSE,FALSE,FALSE,FALSE,FALSE,552,559,568,11296,11284,11280,15689762,10665217,50.0,0.83
1,1,1,FALSE,FALSE,FALSE,FALSE,FALSE,FALSE,552,559,568,11296,11284,11280,15689762,10665217,50.0,0.83
1,1,1,FALSE,FALSE,FALSE,FALSE,FALSE,FALSE,552,559,568,11296,11284,11280,15689762,10665217,50.0,0.83
1,1,1,FALSE,FALSE,FALSE,FALSE,FALSE,FALSE,552,559,568,11296,11284,11280,15689762,10665217,50.0,0.83
1,1,1,FALSE,FALSE,FALSE,FALSE,FALSE,FALSE,552,559,568,11296,11284,11280,15689762,10665217,50.0,0.83
1,1,1,FALSE,FALSE,FALSE,FALSE,FALSE,FALSE,552,559,568,11296,11284,11280,15689762,10665217,50.0,0.83
1,1,1,FALSE,FALSE,FALSE,FALSE,FALSE,FALSE,552,559,568,11296,11284,11280,15689762,10665217,50.0,0.83
1,1,1,FALSE,FALSE,FALSE,FALSE,FALSE,FALSE,552,559,568,11296,11284,11280,15689762,10665217,50.0,0.83
1,1,1,FALSE,FALSE,FALSE,FALSE,FALSE,FALSE,552,559,568,11296,11284,11280,15689762,10665217,50.0,0.83
1,1,1,FALSE,FALSE,FALSE,FALSE,FALSE,FALSE,552,559,568,11296,11284,11280,15689762,10665217,50.0,0.83
1,1,1,FALSE,FALSE,FALSE,FALSE,FALSE,FALSE,552,559,568,11296,11284,11280,15689762,10665217,50.0,0.83
1,1,1,FALSE,FALSE,FALSE,FALSE,FALSE,FALSE,552,559,568,11296,11284,11280,15689762,10665217,50.0,0.83
1,1,1,FALSE,FALSE,FALSE,FALSE,FALSE,FALSE,552,559,568,11296,11284,11280,15689762,10665217,50.0,0.83
1,1,1,FALSE,FALSE,FALSE,FALSE,FALSE,FALSE,552,559,568,11296,11284,11280,15689762,10665217,50.0,0.83
1,1,1,FALSE,FALSE,FALSE,FALSE,FALSE,FALSE,552,559,568,11296,11284,11280,15689762,10665217,50.0,0.83
1,1,1,FALSE,FALSE,FALSE,FALSE,FALSE,FALSE,552,559,568,11296,11284,11280,15689762,10665217,50.0,0.83
1,1,1,FALSE,FALSE,FALSE,FALSE,FALSE,FALSE,552,559,568,11296,11284,11280,15689762,10665217,50.0,0.83
1,1,1,FALSE,FALSE,FALSE,FALSE,FALSE,FALSE,552,559,568,11296,11284,11280,15689762,10665217,50.0,0.83
1,1,1,FALSE,FALSE,FALSE,FALSE,FALSE,FALSE,552,559,568,11296,11284,11280,15689762,10665217,50.0,0.83
1,1,1,FALSE,FALSE,FALSE,FALSE,FALSE,FALSE,552,559,568,11296,11284,11280,15689762,10665217,50.0,0.83
1,1,1,FALSE,FALSE,FALSE,FALSE,FALSE,FALSE,552,559,568,11296,11284,11280,15689762,10665217,50.0,0.83
1,1,1,FALSE,FALSE,FALSE,FALSE,FALSE,FALSE,552,559,568,11296,11284,11280,15689762,10665217,50.0,0.83
1,1,1,FALSE,FALSE,FALSE,FALSE,FALSE,FALSE,552,559,568,11296,11284,11280,15689762,10665217,50.0,0.83
1,1,1,FALSE,FALSE,FALSE,FALSE,FALSE,FALSE,552,559,568,11296,11284,11280,15689762,10665217,50.0,0.83
1,1,1,FALSE,FALSE,FALSE,FALSE,FALSE,FALSE,552,559,568,11298,11287,11283,15689737,10665135,50.0,0.83
1,1,1,FALSE,FALSE,FALSE,FALSE,FALSE,FALSE,552,559,568,11298,11287,11283,15689737,10665135,50.0,0.83
1,1,1,FALSE,FALSE,FALSE,FALSE,FALSE,FALSE,552,559,568,11298,11287,11283,15689737,10665135,50.0,0.83
1,1,1,FALSE,FALSE,FALSE,FALSE,FALSE,FALSE,552,559,568,11298,11287,11283,15689737,10665135,50.0,0.83
1,1,1,FALSE,FALSE,FALSE,FALSE,FALSE,FALSE,550,557,566,11341,11332,11329,15689285,10663700,50.0,0.83
1,1,1,FALSE,FALSE,FALSE,FALSE,FALSE,FALSE,550,557,566,11341,11332,11329,15689285,10663700,50.0,0.83
1,1,1,FALSE,FALSE,FALSE,FALSE,FALSE,FALSE,550,557,566,11341,11332,11329,15689285,10663700,50.0,0.83
1,1,1,FALSE,FALSE,FALSE,FALSE,FALSE,FALSE,552,559,568,11298,11287,11283,15689737,10665135,50.0,0.83
1,1,1,FALSE,FALSE,FALSE,FALSE,FALSE,FALSE,552,559,568,11298,11287,11283,15689737,10665135,50.0,0.83
1,1,1,FALSE,FALSE,FALSE,FALSE,FALSE,FALSE,552,559,568,11298,11287,11283,15689737,10665135,50.0,0.83
1,1,1,FALSE,FALSE,FALSE,FALSE,FALSE,FALSE,552,559,568,11298,11287,11283,15689737,10665135,50.0,0.83
1,1,1,FALSE,FALSE,FALSE,FALSE,FALSE,FALSE,550,557,566,11340,11330,11327,15689299,10663747,50.0,0.83
1,1,1,FALSE,FALSE,FALSE,FALSE,FALSE,FALSE,550,557,566,11340,11330,11327,15689299,10663747,50.0,0.83
1,1,1,FALSE,FALSE,FALSE,FALSE,FALSE,FALSE,550,557,566,11340,11330,11327,15689299,10663747,50.0,0.83
1,1,1,FALSE,FALSE,FALSE,FALSE,FALSE,FALSE,552,559,568,11298,11287,11283,15689737,10665135,50.0,0.83
1,1,1,FALSE,FALSE,FALSE,FALSE,FALSE,FALSE,552,559,568,11298,11287,11283,15689737,10665135,50.0,0.83
1,1,1,FALSE,FALSE,FALSE,FALSE,FALSE,FALSE,552,559,568,11298,11287,11283,15689737,10665135,50.0,0.83
1,1,1,FALSE,FALSE,FALSE,FALSE,FALSE,FALSE,552,559,568,11298,11287,11283,15689737,10665135,50.0,0.83
1,1,1,FALSE,FALSE,FALSE,FALSE,FALSE,FALSE,552,559,568,11298,11287,11283,15689737,10665135,50.0,0.83
1,1,1,FALSE,FALSE,FALSE,FALSE,FALSE,FALSE,552,559,568,11298,11287,11283,15689737,10665135,50.0,0.83
1,1,1,FALSE,FALSE,FALSE,FALSE,FALSE,FALSE,552,559,568,11298,11287,11283,15689737,10665135,50.0,0.83
1,1,1,FALSE,FALSE,FALSE,FALSE,FALSE,FALSE,552,559,568,11298,11287,11283,15689737,10665135,50.0,0.83
1,1,1,FALSE,FALSE,FALSE,FALSE,FALSE,FALSE,552,559,568,11298,11287,11283,15689737,10665135,50.0,0.83
1,1,1,FALSE,FALSE,FALSE,FALSE,FALSE,FALSE,552,559,568,11298,11287,11283,15689737,10665135,50.0,0.83
1,1,1,FALSE,FALSE,FALSE,FALSE,FALSE,FALSE,552,559,568,11296,11284,11280,15689762,10665217,50.0,0.83
1,1,1,FALSE,FALSE,FALSE,FALSE,FALSE,FALSE,552,559,568,11296,11284,11280,15689762,10665217,50.0,0.83
1,1,1,FALSE,FALSE,FALSE,FALSE,FALSE,FALSE,552,559,568,11296,11284,11280,15689762,10665217,50.0,0.83
1,1,1,FALSE,FALSE,FALSE,FALSE,FALSE,FALSE,552,559,568,11296,11284,11280,15689762,10665217,50.0,0.83
1,1,1,FALSE,FALSE,FALSE,FALSE,FALSE,FALSE,552,559,568,11296,11284,11280,15689762,10665217,50.0,0.83
1,1,1,FALSE,FALSE,FALSE,FALSE,FALSE,FALSE,552,559,568,11296,11284,11280,15689762,10665217,50.0,0.83
1,1,1,FALSE,FALSE,FALSE,FALSE,FALSE,FALSE,552,559,568,11296,11284,11280,15689762,10665217,50.0,0.83
1,1,1,FALSE,FALSE,FALSE,FALSE,FALSE,FALSE,552,559,568,11296,11284,11280,15689762,10665217,50.0,0.83
1,1,1,FALSE,FALSE,FALSE,FALSE,FALSE,FALSE,552,559,568,11296,11284,11280,15689762,10665217,50.0,0.83
1,1,1,FALSE,FALSE,FALSE,FALSE,FALSE,FALSE,552,559,568,11296,11284,11280,15689762,10665217,50.0,0.83
1,1,1,FALSE,FALSE,FALSE,FALSE,FALSE,FALSE,552,559,568,11296,11284,11280,15689762,10665217,50.0,0.83
1,1,1,FALSE,FALSE,FALSE,FALSE,FALSE,FALSE,552,559,568,11296,11284,11280,15689762,10665217,50.0,0.83
1,1,1,FALSE,FALSE,FALSE,FALSE,FALSE,FALSE,552,559,568,11296,11284,11280,15689762,10665217,50.0,0.83
1,1,1,FALSE,FALSE,FALSE,FALSE,FALSE,FALSE,552,559,568,11296,11284,11280,15689762,10665217,50.0,0.83
1,1,1,FALSE,FALSE,FALSE,FALSE,FALSE,FALSE,552,559,568,11296,11284,11280,15689762,10665217,50.0,0.83
1,1,1,FALSE,FALSE,FALSE,FALSE,FALSE,FALSE,552,559,568,11296,11284,11280,15689762,10665217,50.0,0.83
1,1,1,FALSE,FALSE,FALSE,FALSE,FALSE,FALSE,552,559,568,11296,11284,11280,15689762,10665217,50.0,0.83
1,1,1,FALSE,FALSE,FALSE,FALSE,FALSE,FALSE,552,559,568,11296,11284,11280,15689762,10665217,50.0,0.83
1,1,1,FALSE,FALSE,FALSE,FALSE,FALSE,FALSE,552,559,568,11296,11284,11280,15689762,10665217,50.0,0.83
1,1,1,FALSE,FALSE,FALSE,FALSE,FALSE,FALSE,552,559,568,11296,11284,11280,15689762,10665217,50.0,0.83
1,1,1,FALSE,FALSE,FALSE,FALSE,FALSE,FALSE,552,559,568,11296,11284,11280,15689762,10665217,50.0,0.83
1,1,1,FALSE,FALSE,FALSE,FALSE,FALSE,FALSE,552,559,568,11296,11284,11280,15689762,10665217,50.0,0.83
1,1,1,FALSE,FALSE,FALSE,FALSE,FALSE,FALSE,552,559,568,11296,11284,11280,15689762,10665217,50.0,0.83
1,1,1,FALSE,FALSE,FALSE,FALSE,FALSE,FALSE,552,559,568,11296,11284,11280,15689762,10665217,50.0,0.83
1,1,1,FALSE,FALSE,FALSE,FALSE,FALSE,FALSE,552,559,568,11296,11284,11280,15689762,10665217,50.0,0.83
1,1,1,FALSE,FALSE,FALSE,FALSE,FALSE,FALSE,552,559,568,11296,11284,11280,15689762,10665217,50.0,0.83
1,1,1,FALSE,FALSE,FALSE,FALSE,FALSE,FALSE,552,559,568,11296,11284,11280,15689762,10665217,50.0,0.83
1,1,1,FALSE,FALSE,FALSE,FALSE,FALSE,FALSE,552,559,568,11296,11284,11280,15689762,10665217,50.0,0.83
1,1,1,FALSE,FALSE,FALSE,FALSE,FALSE,FALSE,552,559,568,11296,11284,11280,15689762,10665217,50.0,0.83
1,1,1,FALSE,FALSE,FALSE,FALSE,FALSE,FALSE,552,559,568,11296,11284,11280,15689762,10665217,50.0,0.83
1,1,1,FALSE,FALSE,FALSE,FALSE,FALSE,FALSE,552,559,568,11296,11284,11280,15689762,10665217,50.0,0.83
1,1,1,FALSE,FALSE,FALSE,FALSE,FALSE,FALSE,552,559,568,11296,11284,11280,15689762,10665217,50.0,0.83
1,1,1,FALSE,FALSE,FALSE,FALSE,FALSE,FALSE,552,559,568,11296,11284,11280,15689762,10665217,50.0,0.83
1,1,1,FALSE,FALSE,FALSE,FALSE,FALSE,FALSE,552,559,568,11296,11284,11280,15689762,10665217,50.0,0.83
1,1,1,FALSE,FALSE,FALSE,FALSE,FALSE,FALSE,552,559,568,11296,11284,11280,15689762,10665217,50.0,0.83
1,1,1,FALSE,FALSE,FALSE,FALSE,FALSE,FALSE,552,559,568,11296,11284,11280,15689762,10665217,50.0,0.83
1,1,1,FALSE,FALSE,FALSE,FALSE,FALSE,FALSE,552,559,568,11296,11284,11280,15689762,10665217,50.0,0.83
1,1,1,FALSE,FALSE,FALSE,FALSE,FALSE,FALSE,552,559,568,11296,11284,11280,15689762,10665217,50.0,0.83
1,1,1,FALSE,FALSE,FALSE,FALSE,FALSE,FALSE,552,559,568,11296,11284,11280,15689762,10665217,50.0,0.83
1,1,1,FALSE,FALSE,FALSE,FALSE,FALSE,FALSE,552,559,568,11296,11284,11280,15689762,10665217,50.0,0.83
1,1,1,FALSE,FALSE,FALSE,FALSE,FALSE,FALSE,552,559,568,11296,11284,11280,15689762,10665217,50.0,0.83
1,1,1,FALSE,FALSE,FALSE,FALSE,FALSE,FALSE,552,559,568,11296,11284,11280,15689762,10665217,50.0,0.83
1,1,1,FALSE,FALSE,FALSE,FALSE,FALSE,FALSE,552,559,568,11296,11284,11280,15689762,10665217,50.0,0.83
1,1,1,FALSE,FALSE,FALSE,FALSE,FALSE,FALSE,552,559,568,11296,11284,11280,15689762,10665217,50.0,0.83
1,1,1,FALSE,FALSE,FALSE,FALSE,FALSE,FALSE,552,559,568,11296,11284,11280,15689762,10665217,50.0,0.83
1,1,1,FALSE,FALSE,FALSE,FALSE,FALSE,FALSE,552,559,568,11296,11284,11280,15689762,10665217,50.0,0.83
1,1,1,FALSE,FALSE,FALSE,FALSE,FALSE,FALSE,552,559,568,11298,11287,11283,15689737,10665135,50.0,0.83
1,1,1,FALSE,FALSE,FALSE,FALSE,FALSE,FALSE,552,559,568,11298,11287,11283,15689737,10665135,50.0,0.83
1,1,1,FALSE,FALSE,FALSE,FALSE,FALSE,FALSE,552,559,568,11298,11287,11283,15689737,10665135,50.0,0.83
1,1,1,FALSE,FALSE,FALSE,FALSE,FALSE,FALSE,552,559,568,11298,11287,11283,15689737,10665135,50.0,0.83
1,1,1,FALSE,FALSE,FALSE,FALSE,FALSE,FALSE,552,559,568,11298,11287,11283,15689737,10665135,50.0,0.83
1,1,1,FALSE,FALSE,FALSE,FALSE,FALSE,FALSE,550,557,566,11340,11330,11327,15689299,10663747,50.0,0.83
1,1,1,FALSE,FALSE,FALSE,FALSE,FALSE,FALSE,550,557,566,11340,11330,11327,15689299,10663747,50.0,0.83
1,1,1,FALSE,FALSE,FALSE,FALSE,FALSE,FALSE,550,557,566,11340,11330,11327,15689299,10663747,50.0,0.83
1,1,1,FALSE,FALSE,FALSE,FALSE,FALSE,FALSE,550,557,566,11340,11330,11327,15689299,10663747,50.0,0.83
1,1,1,FALSE,FALSE,FALSE,FALSE,FALSE,FALSE,552,559,568,11298,11287,11283,15689737,10665135,50.0,0.83
1,1,1,FALSE,FALSE,FALSE,FALSE,FALSE,FALSE,552,559,568,11298,11287,11283,15689737,10665135,50.0,0.83
1,1,1,FALSE,FALSE,FALSE,FALSE,FALSE,FALSE,552,559,568,11298,11287,11283,15689737,10665135,50.0,0.83
1,1,1,FALSE,FALSE,FALSE,FALSE,FALSE,FALSE,552,559,568,11298,11287,11283,15689737,10665135,50.0,0.83
1,1,1,FALSE,FALSE,FALSE,FALSE,FALSE,FALSE,550,557,566,11340,11330,11327,15689299,10663747,50.0,0.83
1,1,1,FALSE,FALSE,FALSE,FALSE,FALSE,FALSE,550,557,566,11340,11330,11327,15689299,10663747,50.0,0.83
1,1,1,FALSE,FALSE,FALSE,FALSE,FALSE,FALSE,550,557,566,11340,11330,11327,15689299,10663747,50.0,0.83
1,1,1,FALSE,FALSE,FALSE,FALSE,FALSE,FALSE,552,559,568,11298,11287,11283,15689737,10665135,50.0,0.83
1,1,1,FALSE,FALSE,FALSE,FALSE,FALSE,FALSE,552,559,568,11298,11287,11283,15689737,10665135,50.0,0.83
1,1,1,FALSE,FALSE,FALSE,FALSE,FALSE,FALSE,552,559,568,11298,11287,11283,15689737,10665135,50.0,0.83
1,1,1,FALSE,FALSE,FALSE,FALSE,FALSE,FALSE,552,559,568,11298,11287,11283,15689737,10665135,50.0,0.83
1,1,1,FALSE,FALSE,FALSE,FALSE,FALSE,FALSE,552,559,568,11298,11287,11283,15689737,10665135,50.0,0.83
1,1,1,FALSE,FALSE,FALSE,FALSE,FALSE,FALSE,552,559,568,11298,11287,11283,15689737,10665135,50.0,0.83
1,1,1,FALSE,FALSE,FALSE,FALSE,FALSE,FALSE,552,559,568,11298,11287,11283,15689737,10665135,50.0,0.83
1,1,1,FALSE,FALSE,FALSE,FALSE,FALSE,FALSE,552,559,568,11298,11287,11283,15689737,10665135,50.0,0.83
1,1,1,FALSE,FALSE,FALSE,FALSE,FALSE,FALSE,552,559,568,11298,11287,11283,15689737,10665135,50.0,0.83
1,1,1,FALSE,FALSE,FALSE,FALSE,FALSE,FALSE,552,559,568,11298,11287,11283,15689737,10665135,50.0,0.83
1,1,1,FALSE,FALSE,FALSE,FALSE,FALSE,FALSE,552,559,568,11296,11284,11280,15689762,10665217,50.0,0.83
1,1,1,FALSE,FALSE,FALSE,FALSE,FALSE,FALSE,552,559,568,11296,11284,11280,15689762,10665217,50.0,0.83
1,1,1,FALSE,FALSE,FALSE,FALSE,FALSE,FALSE,552,559,568,11296,11284,11280,15689762,10665217,50.0,0.83
1,1,1,FALSE,FALSE,FALSE,FALSE,FALSE,FALSE,552,559,568,11296,11284,11280,15689762,10665217,50.0,0.83
1,1,1,FALSE,FALSE,FALSE,FALSE,FALSE,FALSE,552,559,568,11296,11284,11280,15689762,10665217,50.0,0.83
1,1,1,FALSE,FALSE,FALSE,FALSE,FALSE,FALSE,552,559,568,11296,11284,11280,15689762,10665217,50.0,0.83
1,1,1,FALSE,FALSE,FALSE,FALSE,FALSE,FALSE,552,559,568,11296,11284,11280,15689762,10665217,50.0,0.83
1,1,1,FALSE,FALSE,FALSE,FALSE,FALSE,FALSE,552,559,568,11296,11284,11280,15689762,10665217,50.0,0.83
1,1,1,FALSE,FALSE,FALSE,FALSE,FALSE,FALSE,552,559,568,11296,11284,11280,15689762,10665217,50.0,0.83
1,1,1,FALSE,FALSE,FALSE,FALSE,FALSE,FALSE,552,559,568,11296,11284,11280,15689762,10665217,50.0,0.83
1,1,1,FALSE,FALSE,FALSE,FALSE,FALSE,FALSE,552,559,568,11296,11284,11280,15689762,10665217,50.0,0.83
1,1,1,FALSE,FALSE,FALSE,FALSE,FALSE,FALSE,552,559,568,11296,11284,11280,15689762,10665217,50.0,0.83
1,1,1,FALSE,FALSE,FALSE,FALSE,FALSE,FALSE,552,559,568,11296,11284,11280,15689762,10665217,50.0,0.83
1,1,1,FALSE,FALSE,FALSE,FALSE,FALSE,FALSE,552,559,568,11296,11284,11280,15689762,10665217,50.0,0.83
1,1,1,FALSE,FALSE,FALSE,FALSE,FALSE,FALSE,552,559,568,11296,11284,11280,15689762,10665217,50.0,0.83
1,1,1,FALSE,FALSE,FALSE,FALSE,FALSE,FALSE,552,559,568,11296,11284,11280,15689762,10665217,50.0,0.83
1,1,1,FALSE,FALSE,FALSE,FALSE,FALSE,FALSE,552,559,568,11296,11284,11280,15689762,10665217,50.0,0.83
1,1,1,FALSE,FALSE,FALSE,FALSE,FALSE,FALSE,552,559,568,11296,11284,11280,15689762,10665217,50.0,0.83
1,1,1,FALSE,FALSE,FALSE,FALSE,FALSE,FALSE,552,559,568,11296,11284,11280,15689762,10665217,50.0,0.83
1,1,1,FALSE,FALSE,FALSE,FALSE,FALSE,FALSE,552,559,568,11296,11284,11280,15689762,10665217,50.0,0.83
1,1,1,FALSE,FALSE,FALSE,FALSE,FALSE,FALSE,552,559,568,11296,11284,11280,15689762,10665217,50.0,0.83
1,1,1,FALSE,FALSE,FALSE,FALSE,FALSE,FALSE,552,559,568,11296,11284,11280,15689762,10665217,50.0,0.83
1,1,1,FALSE,FALSE,FALSE,FALSE,FALSE,FALSE,552,559,568,11296,11284,11280,15689762,10665217,50.0,0.83
1,1,1,FALSE,FALSE,FALSE,FALSE,FALSE,FALSE,552,559,568,11296,11284,11280,15689762,10665217,50.0,0.83
1,1,1,FALSE,FALSE,FALSE,FALSE,FALSE,FALSE,552,559,568,11296,11284,11280,15689762,10665217,50.0,0.83
1,1,1,FALSE,FALSE,FALSE,FALSE,FALSE,FALSE,552,559,568,11296,11284,11280,15689762,10665217,50.0,0.83
1,1,1,FALSE,FALSE,FALSE,FALSE,FALSE,FALSE,552,559,568,11296,11284,11280,15689762,10665217,50.0,0.83
1,1,1,FALSE,FALSE,FALSE,FALSE,FALSE,FALSE,552,559,568,11296,11284,11280,15689762,10665217,50.0,0.83
1,1,1,FALSE,FALSE,FALSE,FALSE,FALSE,FALSE,552,559,568,11296,11284,11280,15689762,10665217,50.0,0.83
1,1,1,FALSE,FALSE,FALSE,FALSE,FALSE,FALSE,552,559,568,11296,11284,11280,15689762,10665217,50.0,0.83
1,1,1,FALSE,FALSE,FALSE,FALSE,FALSE,FALSE,552,559,568,11296,11284,11280,15689762,10665217,50.0,0.83
1,1,1,FALSE,FALSE,FALSE,FALSE,FALSE,FALSE,552,559,568,11296,11284,11280,15689762,10665217,50.0,0.83
1,1,1,FALSE,FALSE,FALSE,FALSE,FALSE,FALSE,552,559,568,11296,11284,11280,15689762,10665217,50.0,0.83
1,1,1,FALSE,FALSE,FALSE,FALSE,FALSE,FALSE,552,559,568,11296,11284,11280,15689762,10665217,50.0,0.83
1,1,1,FALSE,FALSE,FALSE,FALSE,FALSE,FALSE,552,559,568,11296,11284,11280,15689762,10665217,50.0,0.83
1,1,1,FALSE,FALSE,FALSE,FALSE,FALSE,FALSE,552,559,568,11296,11284,11280,15689762,10665217,50.0,0.83
1,1,1,FALSE,FALSE,FALSE,FALSE,FALSE,FALSE,552,559,568,11296,11284,11280,15689762,10665217,50.0,0.83
1,1,1,FALSE,FALSE,FALSE,FALSE,FALSE,FALSE,552,559,568,11296,11284,11280,15689762,10665217,50.0,0.83
1,1,1,FALSE,FALSE,FALSE,FALSE,FALSE,FALSE,552,559,568,11296,11284,11280,15689762,10665217,50.0,0.83
1,1,1,FALSE,FALSE,FALSE,FALSE,FALSE,FALSE,552,559,568,11296,11284,11280,15689762,10665217,50.0,0.83
1,1,1,FALSE,FALSE,FALSE,FALSE,FALSE,FALSE,552,559,568,11296,11284,11280,15689762,10665217,50.0,0.83
1,1,1,FALSE,FALSE,FALSE,FALSE,FALSE,FALSE,552,559,568,11296,11284,11280,15689762,10665217,50.0,0.83
1,1,1,FALSE,FALSE,FALSE,FALSE,FALSE,FALSE,552,559,568,11296,11284,11280,15689762,10665217,50.0,0.83
1,1,1,FALSE,FALSE,FALSE,FALSE,FALSE,FALSE,552,559,568,11296,11284,11280,15689762,10665217,50.0,0.83
1,1,1,FALSE,FALSE,FALSE,FALSE,FALSE,FALSE,552,559,568,11296,11284,11280,15689762,10665217,50.0,0.83
1,1,1,FALSE,FALSE,FALSE,FALSE,FALSE,FALSE,552,559,568,11296,11284,11280,15689762,10665217,50.0,0.83
1,1,1,FALSE,FALSE,FALSE,FALSE,FALSE,FALSE,552,559,568,11296,11284,11280,15689762,10665217,50.0,0.83
1,1,1,FALSE,FALSE,FALSE,FALSE,FALSE,FALSE,552,559,568,11296,11284,11280,15689762,10665217,50.0,0.83
1,1,1,FALSE,FALSE,FALSE,FALSE,FALSE,FALSE,552,559,568,11296,11284,11280,15689762,10665217,50.0,0.83
1,1,1,FALSE,FALSE,FALSE,FALSE,FALSE,FALSE,552,559,568,11296,11284,11280,15689762,10665217,50.0,0.83
1,1,1,FALSE,FALSE,FALSE,FALSE,FALSE,FALSE,552,559,568,11296,11284,11280,15689762,10665217,50.0,0.83
1,1,1,FALSE,FALSE,FALSE,FALSE,FALSE,FALSE,552,559,568,11296,11284,11280,15689762,10665217,50.0,0.83
1,1,1,FALSE,FALSE,FALSE,FALSE,FALSE,FALSE,552,559,568,11296,11284,11280,15689762,10665217,50.0,0.83
1,1,1,FALSE,FALSE,FALSE,FALSE,FALSE,FALSE,552,559,568,11296,11284,11280,15689762,10665217,50.0,0.83
1,1,1,FALSE,FALSE,FALSE,FALSE,FALSE,FALSE,552,559,568,11298,11287,11283,15689737,10665135,50.0,0.83
1,1,1,FALSE,TRUE,FALSE,FALSE,FALSE,FALSE,552,559,568,11298,11287,11283,15689737,10665135,50.0,0.83
0,1,1,FALSE,TRUE,FALSE,FALSE,FALSE,FALSE,552,559,568,11298,11287,11283,15689737,10665135,50.0,0.83
0,1,1,FALSE,TRUE,FALSE,FALSE,FALSE,FALSE,0,0,0,11342,11332,11329,0,0,50.0,0.83
0,1,1,FALSE,TRUE,FALSE,FALSE,FALSE,FALSE,0,0,0,11342,11332,11329,0,0,50.0,0.83
0,1,1,FALSE,TRUE,FALSE,FALSE,FALSE,FALSE,0,0,0,11384,11377,11374,0,0,50.0,0.83
0,1,1,FALSE,TRUE,FALSE,FALSE,FALSE,FALSE,0,0,0,11384,11377,11374,0,0,50.0,0.83
0,1,1,FALSE,TRUE,FALSE,FALSE,FALSE,FALSE,0,0,0,11342,11332,11329,0,0,50.0,0.83
0,1,1,FALSE,FALSE,FALSE,FALSE,FALSE,FALSE,0,0,0,11342,11332,11329,0,0,50.0,0.83
1,1,1,FALSE,FALSE,FALSE,FALSE,FALSE,FALSE,552,559,568,11298,11287,11283,15689737,10665135,50.0,0.83
1,1,1,FALSE,FALSE,FALSE,FALSE,FALSE,FALSE,552,559,568,11298,11287,11283,15689737,10665135,50.0,0.83
1,1,1,FALSE,FALSE,FALSE,FALSE,FALSE,FALSE,552,559,568,11298,11287,11283,15689737,10665135,50.0,0.83
1,1,1,FALSE,FALSE,FALSE,FALSE,FALSE,FALSE,552,559,568,11298,11287,11283,15689737,10665135,50.0,0.83
1,1,1,FALSE,FALSE,FALSE,FALSE,FALSE,FALSE,552,559,568,11298,11287,11283,15689737,10665135,50.0,0.83
1,1,1,FALSE,FALSE,FALSE,FALSE,FALSE,FALSE,552,559,568,11298,11287,11283,15689737,10665135,50.0,0.83
1,1,1,FALSE,FALSE,FALSE,FALSE,FALSE,FALSE,552,559,568,11298,11287,11283,15689737,10665135,50.0,0.83
1,1,1,FALSE,FALSE,FALSE,FALSE,FALSE,FALSE,552,559,568,11298,11287,11283,15689737,10665135,50.0,0.83
1,1,1,FALSE,FALSE,FALSE,FALSE,FALSE,FALSE,552,559,568,11298,11287,11283,15689737,10665135,50.0,0.83
1,1,1,FALSE,FALSE,FALSE,FALSE,FALSE,FALSE,552,559,568,11298,11287,11283,15689737,10665135,50.0,0.83
1,1,1,FALSE,FALSE,FALSE,FALSE,FALSE,FALSE,552,559,568,11296,11284,11280,15689762,10665217,50.0,0.83
1,1,1,FALSE,FALSE,FALSE,FALSE,FALSE,FALSE,552,559,568,11296,11284,11280,15689762,10665217,50.0,0.83
1,1,1,FALSE,FALSE,FALSE,FALSE,FALSE,FALSE,552,559,568,11296,11284,11280,15689762,10665217,50.0,0.83
1,1,1,FALSE,FALSE,FALSE,FALSE,FALSE,FALSE,552,559,568,11296,11284,11280,15689762,10665217,50.0,0.83
1,1,1,FALSE,FALSE,FALSE,FALSE,FALSE,FALSE,552,559,568,11296,11284,11280,15689762,10665217,50.0,0.83
1,1,1,FALSE,FALSE,FALSE,FALSE,FALSE,FALSE,552,559,568,11296,11284,11280,15689762,10665217,50.0,0.83
1,1,1,FALSE,FALSE,FALSE,FALSE,FALSE,FALSE,552,559,568,11296,11284,11280,15689762,10665217,50.0,0.83
1,1,1,FALSE,FALSE,FALSE,FALSE,FALSE,FALSE,552,559,568,11296,11284,11280,15689762,10665217,50.0,0.83
1,1,1,FALSE,FALSE,FALSE,FALSE,FALSE,FALSE,552,559,568,11296,11284,11280,15689762,10665217,50.0,0.83
1,1,1,FALSE,FALSE,FALSE,FALSE,FALSE,FALSE,552,559,568,11296,11284,11280,15689762,10665217,50.0,0.83
1,1,1,FALSE,FALSE,FALSE,FALSE,FALSE,FALSE,552,559,568,11296,11284,11280,15689762,10665217,50.0,0.83
1,1,1,FALSE,FALSE,FALSE,FALSE,FALSE,FALSE,552,559,568,11296,11284,11280,15689762,10665217,50.0,0.83
1,1,1,FALSE,FALSE,FALSE,FALSE,FALSE,FALSE,552,559,568,11296,11284,11280,15689762,10665217,50.0,0.83
1,1,1,FALSE,FALSE,FALSE,FALSE,FALSE,FALSE,552,559,568,11296,11284,11280,15689762,10665217,50.0,0.83
1,1,1,FALSE,FALSE,FALSE,FALSE,FALSE,FALSE,552,559,568,11296,11284,11280,15689762,10665217,50.0,0.83
1,1,1,FALSE,FALSE,FALSE,FALSE,FALSE,FALSE,552,559,568,11296,11284,11280,15689762,10665217,50.0,0.83
1,1,1,FALSE,FALSE,FALSE,FALSE,FALSE,FALSE,552,559,568,11296,11284,11280,15689762,10665217,50.0,0.83
1,1,1,FALSE,FALSE,FALSE,FALSE,FALSE,FALSE,552,559,568,11296,11284,11280,15689762,10665217,50.0,0.83
1,1,1,FALSE,FALSE,FALSE,FALSE,FALSE,FALSE,552,559,568,11296,11284,11280,15689762,10665217,50.0,0.83
1,1,1,FALSE,FALSE,FALSE,FALSE,FALSE,FALSE,552,559,568,11296,11284,11280,15689762,10665217,50.0,0.83
1,1,1,FALSE,FALSE,FALSE,FALSE,FALSE,FALSE,552,559,568,11296,11284,11280,15689762,10665217,50.0,0.83
1,1,1,FALSE,FALSE,FALSE,FALSE,FALSE,FALSE,552,559,568,11296,11284,11280,15689762,10665217,50.0,0.83
1,1,1,FALSE,FALSE,FALSE,FALSE,FALSE,FALSE,552,559,568,11296,11284,11280,15689762,10665217,50.0,0.83
1,1,1,FALSE,FALSE,FALSE,FALSE,FALSE,FALSE,552,559,568,11296,11284,11280,15689762,10665217,50.0,0.83
1,1,1,FALSE,FALSE,FALSE,FALSE,FALSE,FALSE,552,559,568,11296,11284,11280,15689762,10665217,50.0,0.83
1,1,1,FALSE,FALSE,FALSE,FALSE,FALSE,FALSE,552,559,568,11296,11284,11280,15689762,10665217,50.0,0.83
1,1,1,FALSE,FALSE,FALSE,FALSE,FALSE,FALSE,552,559,568,11296,11284,11280,15689762,10665217,50.0,0.83
1,1,1,FALSE,FALSE,FALSE,FALSE,FALSE,FALSE,552,559,568,11296,11284,11280,15689762,10665217,50.0,0.83
1,1,1,FALSE,FALSE,FALSE,FALSE,FALSE,FALSE,552,559,568,11296,11284,11280,15689762,10665217,50.0,0.83
1,1,1,FALSE,FALSE,FALSE,FALSE,FALSE,FALSE,552,559,568,11296,11284,11280,15689762,10665217,50.0,0.83
1,1,1,FALSE,FALSE,FALSE,FALSE,FALSE,FALSE,552,559,568,11296,11284,11280,15689762,10665217,50.0,0.83
1,1,1,FALSE,FALSE,FALSE,FALSE,FALSE,FALSE,552,559,568,11296,11284,11280,15689762,10665217,50.0,0.83
1,1,1,FALSE,FALSE,FALSE,FALSE,FALSE,FALSE,552,559,568,11296,11284,11280,15689762,10665217,50.0,0.83
1,1,1,FALSE,FALSE,FALSE,FALSE,FALSE,FALSE,552,559,568,11296,11284,11280,15689762,10665217,50.0,0.83
1,1,1,FALSE,FALSE,FALSE,FALSE,FALSE,FALSE,552,559,568,11296,11284,11280,15689762,10665217,50.0,0.83
1,1,1,FALSE,FALSE,FALSE,FALSE,FALSE,FALSE,552,559,568,11296,11284,11280,15689762,10665217,50.0,0.83
1,1,1,FALSE,FALSE,FALSE,FALSE,FALSE,FALSE,552,559,568,11296,11284,11280,15689762,10665217,50.0,0.83
1,1,1,FALSE,FALSE,FALSE,FALSE,FALSE,FALSE,552,559,568,11296,11284,11280,15689762,10665217,50.0,0.83
1,1,1,FALSE,FALSE,FALSE,FALSE,FALSE,FALSE,552,559,568,11296,11284,11280,15689762,10665217,50.0,0.83
1,1,1,FALSE,FALSE,FALSE,FALSE,FALSE,FALSE,552,559,568,11296,11284,11280,15689762,10665217,50.0,0.83
1,1,1,FALSE,FALSE,FALSE,FALSE,FALSE,FALSE,552,559,568,11296,11284,11280,15689762,10665217,50.0,0.83
1,1,1,FALSE,FALSE,FALSE,FALSE,FALSE,FALSE,552,559,568,11296,11284,11280,15689762,10665217,50.0,0.83
1,1,1,FALSE,FALSE,FALSE,FALSE,FALSE,FALSE,552,559,568,11296,11284,11280,15689762,10665217,50.0,0.83
1,1,1,FALSE,FALSE,FALSE,FALSE,FALSE,FALSE,552,559,568,11296,11284,11280,15689762,10665217,50.0,0.83
1,1,1,FALSE,FALSE,FALSE,FALSE,FALSE,FALSE,552,559,568,11296,11284,11280,15689762,10665217,50.0,0.83
1,1,1,FALSE,FALSE,FALSE,FALSE,FALSE,FALSE,552,559,568,11296,11284,11280,15689762,10665217,50.0,0.83
1,1,1,FALSE,FALSE,FALSE,FALSE,FALSE,FALSE,552,559,568,11296,11284,11280,15689762,10665217,50.0,0.83
1,1,1,FALSE,FALSE,FALSE,FALSE,FALSE,FALSE,552,559,568,11296,11284,11280,15689762,10665217,50.0,0.83
1,1,1,FALSE,FALSE,FALSE,FALSE,FALSE,FALSE,552,559,568,11296,11284,11280,15689762,10665217,50.0,0.83
1,1,1,FALSE,FALSE,FALSE,FALSE,FALSE,FALSE,552,559,568,11296,11284,11280,15689762,10665217,50.0,0.83
1,1,1,FALSE,FALSE,FALSE,FALSE,FALSE,FALSE,552,559,568,11296,11284,11280,15689762,10665217,50.0,0.83
1,1,1,FALSE,FALSE,FALSE,FALSE,FALSE,FALSE,552,559,568,11296,11284,11280,15689762,10665217,50.0,0.83
1,1,1,FALSE,FALSE,FALSE,FALSE,FALSE,FALSE,552,559,568,11296,11284,11280,15689762,10665217,50.0,0.83
1,1,1,FALSE,FALSE,FALSE,FALSE,FALSE,FALSE,552,559,568,11296,11284,11280,15689762,10665217,50.0,0.83
1,1,1,FALSE,FALSE,FALSE,FALSE,FALSE,FALSE,552,559,568,11296,11284,11280,15689762,10665217,50.0,0.83
1,1,1,FALSE,FALSE,FALSE,FALSE,FALSE,FALSE,552,559,568,11296,11284,11280,15689762,10665217,50.0,0.83
1,1,1,FALSE,FALSE,FALSE,FALSE,FALSE,FALSE,552,559,568,11296,11284,11280,15689762,10665217,50.0,0.83
1,1,1,FALSE,FALSE,FALSE,FALSE,FALSE,FALSE,552,559,568,11296,11284,11280,15689762,10665217,50.0,0.83
1,1,1,FALSE,FALSE,FALSE,FALSE,FALSE,FALSE,552,559,568,11296,11284,11280,15689762,10665217,50.0,0.83
1,1,1,FALSE,FALSE,FALSE,FALSE,FALSE,FALSE,552,559,568,11296,11284,11280,15689762,10665217,50.0,0.83
1,1,1,FALSE,FALSE,FALSE,FALSE,FALSE,FALSE,552,559,568,11296,11284,11280,15689762,10665217,50.0,0.83
1,1,1,FALSE,FALSE,FALSE,FALSE,FALSE,FALSE,552,559,568,11296,11284,11280,15689762,10665217,50.0,0.83
1,1,1,FALSE,FALSE,FALSE,FALSE,FALSE,FALSE,552,559,568,11296,11284,11280,15689762,10665217,50.0,0.83
1,1,1,FALSE,FALSE,FALSE,FALSE,FALSE,FALSE,552,559,568,11296,11284,11280,15689762,10665217,50.0,0.83
1,1,1,FALSE,FALSE,FALSE,FALSE,FALSE,FALSE,552,559,568,11296,11284,11280,15689762,10665217,50.0,0.83
1,1,1,FALSE,FALSE,FALSE,FALSE,FALSE,FALSE,552,559,568,11296,11284,11280,15689762,10665217,50.0,0.83
1,1,1,FALSE,FALSE,FALSE,FALSE,FALSE,FALSE,552,559,568,11296,11284,11280,15689762,10665217,50.0,0.83
1,1,1,FALSE,FALSE,FALSE,FALSE,FALSE,FALSE,552,559,568,11296,11284,11280,15689762,10665217,50.0,0.83
1,1,1,FALSE,FALSE,FALSE,FALSE,FALSE,FALSE,552,559,568,11296,11284,11280,15689762,10665217,50.0,0.83
1,1,1,FALSE,FALSE,FALSE,FALSE,FALSE,FALSE,552,559,568,11296,11284,11280,15689762,10665217,50.0,0.83
1,1,1,FALSE,FALSE,FALSE,FALSE,FALSE,FALSE,552,559,568,11296,11284,11280,15689762,10665217,50.0,0.83
1,1,1,FALSE,FALSE,FALSE,FALSE,FALSE,FALSE,552,559,568,11296,11284,11280,15689762,10665217,50.0,0.83
1,1,1,FALSE,FALSE,FALSE,FALSE,FALSE,FALSE,552,559,568,11296,11284,11280,15689762,10665217,50.0,0.83
1,1,1,FALSE,FALSE,FALSE,FALSE,FALSE,FALSE,552,559,568,11296,11284,11280,15689762,10665217,50.0,0.83
1,1,1,FALSE,FALSE,FALSE,FALSE,FALSE,FALSE,552,559,568,11296,11284,11280,15689762,10665217,50.0,0.83
1,1,1,FALSE,FALSE,FALSE,FALSE,FALSE,FALSE,552,559,568,11296,11284,11280,15689762,10665217,50.0,0.83
1,1,1,FALSE,FALSE,FALSE,FALSE,FALSE,FALSE,552,559,568,11296,11284,11280,15689762,10665217,50.0,0.83
1,1,1,FALSE,FALSE,FALSE,FALSE,FALSE,FALSE,552,559,568,11296,11284,11280,15689762,10665217,50.0,0.83
1,1,1,FALSE,FALSE,FALSE,FALSE,FALSE,FALSE,552,559,568,11296,11284,11280,15689762,10665217,50.0,0.83
1,1,1,FALSE,FALSE,FALSE,FALSE,FALSE,FALSE,552,559,568,11296,11284,11280,15689762,10665217,50.0,0.83
1,1,1,FALSE,FALSE,FALSE,FALSE,FALSE,FALSE,552,559,568,11296,11284,11280,15689762,10665217,50.0,0.83
1,1,1,FALSE,FALSE,FALSE,FALSE,FALSE,FALSE,552,559,568,11296,11284,11280,15689762,10665217,50.0,0.83
1,1,1,FALSE,FALSE,FALSE,FALSE,FALSE,FALSE,552,559,568,11296,11284,11280,15689762,10665217,50.0,0.83
1,1,1,FALSE,FALSE,FALSE,FALSE,FALSE,FALSE,552,559,568,11296,11284,11280,15689762,10665217,50.0,0.83
1,1,1,FALSE,FALSE,FALSE,FALSE,FALSE,FALSE,552,559,568,11296,11284,11280,15689762,10665217,50.0,0.83
1,1,1,FALSE,FALSE,FALSE,FALSE,FALSE,FALSE,552,559,568,11296,11284,11280,15689762,10665217,50.0,0.83
1,1,1,FALSE,FALSE,FALSE,FALSE,FALSE,FALSE,552,559,568,11296,11284,11280,15689762,10665217,50.0,0.83
1,1,1,FALSE,FALSE,FALSE,FALSE,FALSE,FALSE,552,559,568,11296,11284,11280,15689762,10665217,50.0,0.83
1,1,1,FALSE,FALSE,FALSE,FALSE,FALSE,FALSE,552,559,568,11296,11284,11280,15689762,10665217,50.0,0.83
1,1,1,FALSE,FALSE,FALSE,FALSE,FALSE,FALSE,552,559,568,11296,11284,11280,15689762,10665217,50.0,0.83
1,1,1,FALSE,FALSE,FALSE,FALSE,FALSE,FALSE,552,559,568,11296,11284,11280,15689762,10665217,50.0,0.83
1,1,1,FALSE,FALSE,FALSE,FALSE,FALSE,FALSE,552,559,568,11296,11284,11280,15689762,10665217,50.0,0.83
1,1,1,FALSE,FALSE,FALSE,FALSE,FALSE,FALSE,552,559,568,11296,11284,11280,15689762,10665217,50.0,0.83
1,1,1,FALSE,FALSE,FALSE,FALSE,FALSE,FALSE,552,559,568,11296,11284,11280,15689762,10665217,50.0,0.83
1,1,1,FALSE,FALSE,FALSE,FALSE,FALSE,FALSE,552,559,568,11296,11284,11280,15689762,10665217,50.0,0.83
1,1,1,FALSE,FALSE,FALSE,FALSE,FALSE,FALSE,552,559,568,11296,11284,11280,15689762,10665217,50.0,0.83
1,1,1,FALSE,FALSE,FALSE,FALSE,FALSE,FALSE,552,559,568,11296,11284,11280,15689762,10665217,50.0,0.83
1,1,1,FALSE,FALSE,FALSE,FALSE,FALSE,FALSE,552,559,568,11296,11284,11280,15689762,10665217,50.0,0.83
1,1,1,FALSE,FALSE,FALSE,FALSE,FALSE,FALSE,552,559,568,11296,11284,11280,15689762,10665217,50.0,0.83
1,1,1,FALSE,FALSE,FALSE,FALSE,FALSE,FALSE,552,559,568,11296,11284,11280,15689762,10665217,50.0,0.83
1,1,1,FALSE,FALSE,FALSE,FALSE,FALSE,FALSE,552,559,568,11296,11284,11280,15689762,10665217,50.0,0.83
1,1,1,FALSE,FALSE,FALSE,FALSE,FALSE,FALSE,552,559,568,11296,11284,11280,15689762,10665217,50.0,0.83
1,1,1,FALSE,FALSE,FALSE,FALSE,FALSE,FALSE,552,559,568,11296,11284,11280,15689762,10665217,50.0,0.83
1,1,1,FALSE,FALSE,FALSE,FALSE,FALSE,FALSE,552,559,568,11296,11284,11280,15689762,10665217,50.0,0.83
1,1,1,FALSE,FALSE,FALSE,FALSE,FALSE,FALSE,552,559,568,11296,11284,11280,15689762,10665217,50.0,0.83
1,1,1,FALSE,FALSE,FALSE,FALSE,FALSE,FALSE,552,559,568,11296,11284,11280,15689762,10665217,50.0,0.83
1,1,1,FALSE,FALSE,FALSE,FALSE,FALSE,FALSE,552,559,568,11296,11284,11280,15689762,10665217,50.0,0.83
1,1,1,FALSE,FALSE,FALSE,FALSE,FALSE,FALSE,552,559,568,11296,11284,11280,15689762,10665217,50.0,0.83
1,1,1,FALSE,FALSE,FALSE,FALSE,FALSE,FALSE,552,559,568,11296,11284,11280,15689762,10665217,50.0,0.83
1,1,1,FALSE,FALSE,FALSE,FALSE,FALSE,FALSE,552,559,568,11296,11284,11280,15689762,10665217,50.0,0.83
1,1,1,FALSE,FALSE,FALSE,FALSE,FALSE,FALSE,552,559,568,11296,11284,11280,15689762,10665217,50.0,0.83
1,1,1,FALSE,FALSE,FALSE,FALSE,FALSE,FALSE,552,559,568,11296,11284,11280,15689762,10665217,50.0,0.83
1,1,1,FALSE,FALSE,FALSE,FALSE,FALSE,FALSE,552,559,568,11296,11284,11280,15689762,10665217,50.0,0.83
1,1,1,FALSE,FALSE,FALSE,FALSE,FALSE,FALSE,552,559,568,11296,11284,11280,15689762,10665217,50.0,0.83
1,1,1,FALSE,FALSE,FALSE,FALSE,FALSE,FALSE,552,559,568,11296,11284,11280,15689762,10665217,50.0,0.83
1,1,1,FALSE,FALSE,FALSE,FALSE,FALSE,FALSE,552,559,568,11296,11284,11280,15689762,10665217,50.0,0.83
1,1,1,FALSE,FALSE,FALSE,FALSE,FALSE,FALSE,552,559,568,11296,11284,11280,15689762,10665217,50.0,0.83
1,1,1,FALSE,FALSE,FALSE,FALSE,FALSE,FALSE,552,559,568,11296,11284,11280,15689762,10665217,50.0,0.83
1,1,1,FALSE,FALSE,FALSE,FALSE,FALSE,FALSE,552,559,568,11296,11284,11280,15689762,10665217,50.0,0.83
1,1,1,FALSE,FALSE,FALSE,FALSE,FALSE,FALSE,552,559,568,11296,11284,11280,15689762,10665217,50.0,0.83
1,1,1,FALSE,FALSE,FALSE,FALSE,FALSE,FALSE,552,559,568,11296,11284,11280,15689762,10665217,50.0,0.83
1,1,1,FALSE,FALSE,FALSE,FALSE,FALSE,FALSE,552,559,568,11296,11284,11280,15689762,10665217,50.0,0.83
1,1,1,FALSE,FALSE,FALSE,FALSE,FALSE,FALSE,552,559,568,11296,11284,11280,15689762,10665217,50.0,0.83
1,1,1,FALSE,FALSE,FALSE,FALSE,FALSE,FALSE,552,559,568,11296,11284,11280,15689762,10665217,50.0,0.83
1,1,1,FALSE,FALSE,FALSE,FALSE,FALSE,FALSE,552,559,568,11296,11284,11280,15689762,10665217,50.0,0.83
1,1,1,FALSE,FALSE,FALSE,FALSE,FALSE,FALSE,552,559,568,11296,11284,11280,15689762,10665217,50.0,0.83
1,1,1,FALSE,FALSE,FALSE,FALSE,FALSE,FALSE,552,559,568,11296,11284,11280,15689762,10665217,50.0,0.83
1,1,1,FALSE,FALSE,FALSE,FALSE,FALSE,FALSE,552,559,568,11296,11284,11280,15689762,10665217,50.0,0.83
1,1,1,FALSE,FALSE,FALSE,FALSE,FALSE,FALSE,552,559,568,11296,11284,11280,15689762,10665217,50.0,0.83
1,1,1,FALSE,FALSE,FALSE,FALSE,FALSE,FALSE,552,559,568,11296,11284,11280,15689762,10665217,50.0,0.83
1,1,1,FALSE,FALSE,FALSE,FALSE,FALSE,FALSE,552,559,568,11296,11284,11280,15689762,10665217,50.0,0.83
1,1,1,FALSE,FALSE,FALSE,FALSE,FALSE,FALSE,552,559,568,11296,11284,11280,15689762,10665217,50.0,0.83
1,1,1,FALSE,FALSE,FALSE,FALSE,FALSE,FALSE,552,559,568,11296,11284,11280,15689762,10665217,50.0,0.83
1,1,1,FALSE,FALSE,FALSE,FALSE,FALSE,FALSE,552,559,568,11296,11284,11280,15689762,10665217,50.0,0.83
1,1,1,FALSE,FALSE,FALSE,FALSE,FALSE,FALSE,552,559,568,11296,11284,11280,15689762,10665217,50.0,0.83
1,1,1,FALSE,FALSE,FALSE,FALSE,FALSE,FALSE,552,559,568,11296,11284,11280,15689762,10665217,50.0,0.83
1,1,1,FALSE,FALSE,FALSE,FALSE,FALSE,FALSE,552,559,568,11296,11284,11280,15689762,10665217,50.0,0.83
1,1,1,FALSE,FALSE,FALSE,FALSE,FALSE,FALSE,552,559,568,11296,11284,11280,15689762,10665217,50.0,0.83
1,1,1,FALSE,FALSE,FALSE,FALSE,FALSE,FALSE,552,559,568,11296,11284,11280,15689762,10665217,50.0,0.83
1,1,1,FALSE,FALSE,FALSE,FALSE,FALSE,FALSE,552,559,568,11296,11284,11280,15689762,10665217,50.0,0.83
1,1,1,FALSE,FALSE,FALSE,FALSE,FALSE,FALSE,552,559,568,11296,11284,11280,15689762,10665217,50.0,0.83
1,1,1,FALSE,FALSE,FALSE,FALSE,FALSE,FALSE,552,559,568,11296,11284,11280,15689762,10665217,50.0,0.83
1,1,1,FALSE,FALSE,FALSE,FALSE,FALSE,FALSE,552,559,568,11296,11284,11280,15689762,10665217,50.0,0.83
1,1,1,FALSE,FALSE,FALSE,FALSE,FALSE,FALSE,552,559,568,11296,11284,11280,15689762,10665217,50.0,0.83
1,1,1,FALSE,FALSE,FALSE,FALSE,FALSE,FALSE,552,559,568,11296,11284,11280,15689762,10665217,50.0,0.83
1,1,1,FALSE,FALSE,FALSE,FALSE,FALSE,FALSE,552,559,568,11296,11284,11280,15689762,10665217,50.0,0.83
1,1,1,FALSE,FALSE,FALSE,FALSE,FALSE,FALSE,552,559,568,11296,11284,11280,15689762,10665217,50.0,0.83
1,1,1,FALSE,FALSE,FALSE,FALSE,FALSE,FALSE,552,559,568,11296,11284,11280,15689762,10665217,50.0,0.83
1,1,1,FALSE,FALSE,FALSE,FALSE,FALSE,FALSE,552,559,568,11296,11284,11280,15689762,10665217,50.0,0.83
1,1,1,FALSE,FALSE,FALSE,FALSE,FALSE,FALSE,552,559,568,11296,11284,11280,15689762,10665217,50.0,0.83
1,1,1,FALSE,FALSE,FALSE,FALSE,FALSE,FALSE,552,559,568,11296,11284,11280,15689762,10665217,50.0,0.83
1,1,1,FALSE,FALSE,FALSE,FALSE,FALSE,FALSE,552,559,568,11296,11284,11280,15689762,10665217,50.0,0.83
1,1,1,FALSE,FALSE,FALSE,FALSE,FALSE,FALSE,552,559,568,11296,11284,11280,15689762,10665217,50.0,0.83
1,1,1,FALSE,FALSE,FALSE,FALSE,FALSE,FALSE,552,559,568,11296,11284,11280,15689762,10665217,50.0,0.83
1,1,1,FALSE,FALSE,FALSE,FALSE,FALSE,FALSE,552,559,568,11296,11284,11280,15689762,10665217,50.0,0.83
1,1,1,FALSE,FALSE,FALSE,FALSE,FALSE,FALSE,552,559,568,11296,11284,11280,15689762,10665217,50.0,0.83
1,1,1,FALSE,FALSE,FALSE,FALSE,FALSE,FALSE,552,559,568,11296,11284,11280,15689762,10665217,50.0,0.83
1,1,1,FALSE,FALSE,FALSE,FALSE,FALSE,FALSE,552,559,568,11296,11284,11280,15689762,10665217,50.0,0.83
1,1,1,FALSE,FALSE,FALSE,FALSE,FALSE,FALSE,552,559,568,11296,11284,11280,15689762,10665217,50.0,0.83
1,1,1,FALSE,FALSE,FALSE,FALSE,FALSE,FALSE,552,559,568,11296,11284,11280,15689762,10665217,50.0,0.83
1,1,1,FALSE,FALSE,FALSE,FALSE,FALSE,FALSE,552,559,568,11296,11284,11280,15689762,10665217,50.0,0.83
1,1,1,FALSE,FALSE,FALSE,FALSE,FALSE,FALSE,552,559,568,11296,11284,11280,15689762,10665217,50.0,0.83
1,1,1,FALSE,FALSE,FALSE,FALSE,FALSE,FALSE,552,559,568,11296,11284,11280,15689762,10665217,50.0,0.83
1,1,1,FALSE,FALSE,FALSE,FALSE,FALSE,FALSE,552,559,568,11296,11284,11280,15689762,10665217,50.0,0.83
1,1,1,FALSE,FALSE,FALSE,FALSE,FALSE,FALSE,552,559,568,11296,11284,11280,15689762,10665217,50.0,0.83
1,1,1,FALSE,FALSE,FALSE,FALSE,FALSE,FALSE,552,559,568,11296,11284,11280,15689762,10665217,50.0,0.83
1,1,1,FALSE,FALSE,FALSE,FALSE,FALSE,FALSE,552,559,568,11296,11284,11280,15689762,10665217,50.0,0.83
1,1,1,FALSE,FALSE,FALSE,FALSE,FALSE,FALSE,552,559,568,11296,11284,11280,15689762,10665217,50.0,0.83
1,1,1,FALSE,FALSE,FALSE,FALSE,FALSE,FALSE,552,559,568,11296,11284,11280,15689762,10665217,50.0,0.83
1,1,1,FALSE,FALSE,FALSE,FALSE,FALSE,FALSE,552,559,568,11296,11284,11280,15689762,10665217,50.0,0.83
1,1,1,FALSE,FALSE,FALSE,FALSE,FALSE,FALSE,552,559,568,11296,11284,11280,15689762,10665217,50.0,0.83
1,1,1,FALSE,FALSE,FALSE,FALSE,FALSE,FALSE,552,559,568,11296,11284,11280,15689762,10665217,50.0,0.83
1,1,1,FALSE,FALSE,FALSE,FALSE,FALSE,FALSE,552,559,568,11296,11284,11280,15689762,10665217,50.0,0.83
1,1,1,FALSE,FALSE,FALSE,FALSE,FALSE,FALSE,552,559,568,11296,11284,11280,15689762,10665217,50.0,0.83
1,1,1,FALSE,FALSE,FALSE,FALSE,FALSE,FALSE,552,559,568,11296,11284,11280,15689762,10665217,50.0,0.83
1,1,1,FALSE,FALSE,FALSE,FALSE,FALSE,FALSE,552,559,568,11296,11284,11280,15689762,10665217,50.0,0.83
1,1,1,FALSE,FALSE,FALSE,FALSE,FALSE,FALSE,552,559,568,11296,11284,11280,15689762,10665217,50.0,0.83
1,1,1,FALSE,FALSE,FALSE,FALSE,FALSE,FALSE,552,559,568,11296,11284,11280,15689762,10665217,50.0,0.83
1,1,1,FALSE,FALSE,FALSE,FALSE,FALSE,FALSE,552,559,568,11296,11284,11280,15689762,10665217,50.0,0.83
1,1,1,FALSE,FALSE,FALSE,FALSE,FALSE,FALSE,552,559,568,11296,11284,11280,15689762,10665217,50.0,0.83
1,1,1,FALSE,FALSE,FALSE,FALSE,FALSE,FALSE,552,559,568,11296,11284,11280,15689762,10665217,50.0,0.83
1,1,1,FALSE,FALSE,FALSE,FALSE,FALSE,FALSE,552,559,568,11296,11284,11280,15689762,10665217,50.0,0.83
1,1,1,FALSE,FALSE,FALSE,FALSE,FALSE,FALSE,552,559,568,11296,11284,11280,15689762,10665217,50.0,0.83
1,1,1,FALSE,FALSE,FALSE,FALSE,FALSE,FALSE,552,559,568,11296,11284,11280,15689762,10665217,50.0,0.83
1,1,1,FALSE,FALSE,FALSE,FALSE,FALSE,FALSE,552,559,568,11296,11284,11280,15689762,10665217,50.0,0.83
1,1,1,FALSE,FALSE,FALSE,FALSE,FALSE,FALSE,552,559,568,11296,11284,11280,15689762,10665217,50.0,0.83
1,1,1,FALSE,FALSE,FALSE,FALSE,FALSE,FALSE,552,559,568,11296,11284,11280,15689762,10665217,50.0,0.83
1,1,1,FALSE,FALSE,FALSE,FALSE,FALSE,FALSE,552,559,568,11296,11284,11280,15689762,10665217,50.0,0.83
1,1,1,FALSE,FALSE,FALSE,FALSE,FALSE,FALSE,552,559,568,11296,11284,11280,15689762,10665217,50.0,0.83
1,1,1,FALSE,FALSE,FALSE,FALSE,FALSE,FALSE,552,559,568,11296,11284,11280,15689762,10665217,50.0,0.83
1,1,1,FALSE,FALSE,FALSE,FALSE,FALSE,FALSE,552,559,568,11296,11284,11280,15689762,10665217,50.0,0.83
1,1,1,FALSE,FALSE,FALSE,FALSE,FALSE,FALSE,552,559,568,11296,11284,11280,15689762,10665217,50.0,0.83
1,1,1,FALSE,FALSE,FALSE,FALSE,FALSE,FALSE,552,559,568,11296,11284,11280,15689762,10665217,50.0,0.83
1,1,1,FALSE,FALSE,FALSE,FALSE,FALSE,FALSE,552,559,568,11296,11284,11280,15689762,10665217,50.0,0.83
1,1,1,FALSE,FALSE,FALSE,FALSE,FALSE,FALSE,552,559,568,11296,11284,11280,15689762,10665217,50.0,0.83
1,1,1,FALSE,FALSE,FALSE,FALSE,FALSE,FALSE,552,559,568,11296,11284,11280,15689762,10665217,50.0,0.83
1,1,1,FALSE,FALSE,FALSE,FALSE,FALSE,FALSE,552,559,568,11296,11284,11280,15689762,10665217,50.0,0.83
1,1,1,FALSE,FALSE,FALSE,FALSE,FALSE,FALSE,552,559,568,11296,11284,11280,15689762,10665217,50.0,0.83
1,1,1,FALSE,FALSE,FALSE,FALSE,FALSE,FALSE,552,559,568,11296,11284,11280,15689762,10665217,50.0,0.83
1,1,1,FALSE,FALSE,FALSE,FALSE,FALSE,FALSE,552,559,568,11296,11284,11280,15689762,10665217,50.0,0.83
1,1,1,FALSE,FALSE,FALSE,FALSE,FALSE,FALSE,552,559,568,11296,11284,11280,15689762,10665217,50.0,0.83
1,1,1,FALSE,FALSE,FALSE,FALSE,FALSE,FALSE,552,559,568,11296,11284,11280,15689762,10665217,50.0,0.83
1,1,1,FALSE,FALSE,FALSE,FALSE,FALSE,FALSE,552,559,568,11296,11284,11280,15689762,10665217,50.0,0.83
1,1,1,FALSE,FALSE,FALSE,FALSE,FALSE,FALSE,552,559,568,11296,11284,11280,15689762,10665217,50.0,0.83
1,1,1,FALSE,FALSE,FALSE,FALSE,FALSE,FALSE,552,559,568,11296,11284,11280,15689762,10665217,50.0,0.83
1,1,1,FALSE,FALSE,FALSE,FALSE,FALSE,FALSE,552,559,568,11296,11284,11280,15689762,10665217,50.0,0.83
1,1,1,FALSE,FALSE,FALSE,FALSE,FALSE,FALSE,552,559,568,11296,11284,11280,15689762,10665217,50.0,0.83
1,1,1,FALSE,FALSE,FALSE,FALSE,FALSE,FALSE,552,559,568,11296,11284,11280,15689762,10665217,50.0,0.83
1,1,1,FALSE,FALSE,FALSE,FALSE,FALSE,FALSE,552,559,568,11296,11284,11280,15689762,10665217,50.0,0.83
1,1,1,FALSE,FALSE,FALSE,FALSE,FALSE,FALSE,552,559,568,11296,11284,11280,15689762,10665217,50.0,0.83
1,1,1,FALSE,FALSE,FALSE,FALSE,FALSE,FALSE,552,559,568,11296,11284,11280,15689762,10665217,50.0,0.83
1,1,1,FALSE,FALSE,FALSE,FALSE,FALSE,FALSE,552,559,568,11296,11284,11280,15689762,10665217,50.0,0.83
1,1,1,FALSE,FALSE,FALSE,FALSE,FALSE,FALSE,552,559,568,11296,11284,11280,15689762,10665217,50.0,0.83
1,1,1,FALSE,FALSE,FALSE,FALSE,FALSE,FALSE,552,559,568,11296,11284,11280,15689762,10665217,50.0,0.83
1,1,1,FALSE,FALSE,FALSE,FALSE,FALSE,FALSE,552,559,568,11296,11284,11280,15689762,10665217,50.0,0.83
1,1,1,FALSE,FALSE,FALSE,FALSE,FALSE,FALSE,552,559,568,11296,11284,11280,15689762,10665217,50.0,0.83
1,1,1,FALSE,FALSE,FALSE,FALSE,FALSE,FALSE,552,559,568,11296,11284,11280,15689762,10665217,50.0,0.83
1,1,1,FALSE,FALSE,FALSE,FALSE,FALSE,FALSE,552,559,568,11296,11284,11280,15689762,10665217,50.0,0.83
1,1,1,FALSE,FALSE,FALSE,FALSE,FALSE,FALSE,552,559,568,11296,11284,11280,15689762,10665217,50.0,0.83
1,1,1,FALSE,FALSE,FALSE,FALSE,FALSE,FALSE,552,559,568,11296,11284,11280,15689762,10665217,50.0,0.83
1,1,1,FALSE,FALSE,FALSE,FALSE,FALSE,FALSE,552,559,568,11296,11284,11280,15689762,10665217,50.0,0.83
1,1,1,FALSE,FALSE,FALSE,FALSE,FALSE,FALSE,552,559,568,11298,11287,11283,15689737,10665135,50.0,0.83
1,1,1,FALSE,FALSE,FALSE,FALSE,FALSE,FALSE,552,559,568,11298,11287,11283,15689737,10665135,50.0,0.83
1,1,1,FALSE,FALSE,FALSE,FALSE,FALSE,FALSE,552,559,568,11298,11287,11283,15689737,10665135,50.0,0.83
1,1,1,FALSE,FALSE,FALSE,FALSE,FALSE,FALSE,552,559,568,11298,11287,11283,15689737,10665135,50.0,0.83
1,1,1,FALSE,FALSE,FALSE,FALSE,FALSE,FALSE,550,557,566,11341,11332,11329,15689285,10663700,50.0,0.83
1,1,1,FALSE,FALSE,FALSE,FALSE,FALSE,FALSE,550,557,566,11341,11332,11329,15689285,10663700,50.0,0.83
1,1,1,FALSE,FALSE,FALSE,FALSE,FALSE,FALSE,550,557,566,11341,11332,11329,15689285,10663700,50.0,0.83
1,1,1,FALSE,FALSE,FALSE,FALSE,FALSE,FALSE,550,557,566,11341,11332,11329,15689285,10663700,50.0,0.83
1,1,1,FALSE,FALSE,FALSE,FALSE,FALSE,FALSE,548,555,563,11383,11375,11373,15688857,10662343,50.0,0.83
1,1,1,FALSE,FALSE,FALSE,FALSE,FALSE,FALSE,550,557,566,11340,11330,11327,15689299,10663747,50.0,0.83
1,1,1,FALSE,FALSE,FALSE,FALSE,FALSE,FALSE,550,557,566,11340,11330,11327,15689299,10663747,50.0,0.83
1,1,1,FALSE,FALSE,FALSE,FALSE,FALSE,FALSE,550,557,566,11340,11330,11327,15689299,10663747,50.0,0.83
1,1,1,FALSE,FALSE,FALSE,FALSE,FALSE,FALSE,550,557,566,11340,11330,11327,15689299,10663747,50.0,0.83
1,1,1,FALSE,FALSE,FALSE,FALSE,FALSE,FALSE,552,559,568,11298,11287,11283,15689737,10665135,50.0,0.83
1,1,1,FALSE,FALSE,FALSE,FALSE,FALSE,FALSE,552,559,568,11298,11287,11283,15689737,10665135,50.0,0.83
1,1,1,FALSE,FALSE,FALSE,FALSE,FALSE,FALSE,552,559,568,11298,11287,11283,15689737,10665135,50.0,0.83
1,1,1,FALSE,FALSE,FALSE,FALSE,FALSE,FALSE,552,559,568,11298,11287,11283,15689737,10665135,50.0,0.83
1,1,1,FALSE,FALSE,FALSE,FALSE,FALSE,FALSE,552,559,568,11298,11287,11283,15689737,10665135,50.0,0.83
1,1,1,FALSE,FALSE,FALSE,FALSE,FALSE,FALSE,552,559,568,11298,11287,11283,15689737,10665135,50.0,0.83
1,1,1,FALSE,FALSE,FALSE,FALSE,FALSE,FALSE,552,559,568,11298,11287,11283,15689737,10665135,50.0,0.83
1,1,1,FALSE,FALSE,FALSE,FALSE,FALSE,FALSE,552,559,568,11296,11284,11280,15689762,10665217,50.0,0.83
1,1,1,FALSE,FALSE,FALSE,FALSE,FALSE,FALSE,552,559,568,11296,11284,11280,15689762,10665217,50.0,0.83
1,1,1,FALSE,FALSE,FALSE,FALSE,FALSE,FALSE,552,559,568,11296,11284,11280,15689762,10665217,50.0,0.83
1,1,1,FALSE,FALSE,FALSE,FALSE,FALSE,FALSE,552,559,568,11296,11284,11280,15689762,10665217,50.0,0.83
1,1,1,FALSE,FALSE,FALSE,FALSE,FALSE,FALSE,552,559,568,11296,11284,11280,15689762,10665217,50.0,0.83
1,1,1,FALSE,FALSE,FALSE,FALSE,FALSE,FALSE,552,559,568,11296,11284,11280,15689762,10665217,50.0,0.83
1,1,1,FALSE,FALSE,FALSE,FALSE,FALSE,FALSE,552,559,568,11296,11284,11280,15689762,10665217,50.0,0.83
1,1,1,FALSE,FALSE,FALSE,FALSE,FALSE,FALSE,552,559,568,11296,11284,11280,15689762,10665217,50.0,0.83
1,1,1,FALSE,FALSE,FALSE,FALSE,FALSE,FALSE,552,559,568,11296,11284,11280,15689762,10665217,50.0,0.83
1,1,1,FALSE,FALSE,FALSE,FALSE,FALSE,FALSE,552,559,568,11296,11284,11280,15689762,10665217,50.0,0.83
1,1,1,FALSE,FALSE,FALSE,FALSE,FALSE,FALSE,552,559,568,11296,11284,11280,15689762,10665217,50.0,0.83
1,1,1,FALSE,FALSE,FALSE,FALSE,FALSE,FALSE,552,559,568,11296,11284,11280,15689762,10665217,50.0,0.83
1,1,1,FALSE,FALSE,FALSE,FALSE,FALSE,FALSE,552,559,568,11296,11284,11280,15689762,10665217,50.0,0.83
1,1,1,FALSE,FALSE,FALSE,FALSE,FALSE,FALSE,552,559,568,11296,11284,11280,15689762,10665217,50.0,0.83
1,1,1,FALSE,FALSE,FALSE,FALSE,FALSE,FALSE,552,559,568,11296,11284,11280,15689762,10665217,50.0,0.83
1,1,1,FALSE,FALSE,FALSE,FALSE,FALSE,FALSE,552,559,568,11296,11284,11280,15689762,10665217,50.0,0.83
1,1,1,FALSE,FALSE,FALSE,FALSE,FALSE,FALSE,552,559,568,11296,11284,11280,15689762,10665217,50.0,0.83
1,1,1,FALSE,FALSE,FALSE,FALSE,FALSE,FALSE,552,559,568,11296,11284,11280,15689762,10665217,50.0,0.83
1,1,1,FALSE,FALSE,FALSE,FALSE,FALSE,FALSE,552,559,568,11296,11284,11280,15689762,10665217,50.0,0.83
1,1,1,FALSE,FALSE,FALSE,FALSE,FALSE,FALSE,552,559,568,11296,11284,11280,15689762,10665217,50.0,0.83
1,1,1,FALSE,FALSE,FALSE,FALSE,FALSE,FALSE,552,559,568,11296,11284,11280,15689762,10665217,50.0,0.83
1,1,1,FALSE,FALSE,FALSE,FALSE,FALSE,FALSE,552,559,568,11296,11284,11280,15689762,10665217,50.0,0.83
1,1,1,FALSE,FALSE,FALSE,FALSE,FALSE,FALSE,552,559,568,11296,11284,11280,15689762,10665217,50.0,0.83
1,1,1,FALSE,FALSE,FALSE,FALSE,FALSE,FALSE,552,559,568,11296,11284,11280,15689762,10665217,50.0,0.83
1,1,1,FALSE,FALSE,FALSE,FALSE,FALSE,FALSE,552,559,568,11296,11284,11280,15689762,10665217,50.0,0.83
1,1,1,FALSE,FALSE,FALSE,FALSE,FALSE,FALSE,552,559,568,11296,11284,11280,15689762,10665217,50.0,0.83
1,1,1,FALSE,FALSE,FALSE,FALSE,FALSE,FALSE,552,559,568,11296,11284,11280,15689762,10665217,50.0,0.83
1,1,1,FALSE,FALSE,FALSE,FALSE,FALSE,FALSE,552,559,568,11296,11284,11280,15689762,10665217,50.0,0.83
1,1,1,FALSE,FALSE,FALSE,FALSE,FALSE,FALSE,552,559,568,11296,11284,11280,15689762,10665217,50.0,0.83
1,1,1,FALSE,FALSE,FALSE,FALSE,FALSE,FALSE,552,559,568,11296,11284,11280,15689762,10665217,50.0,0.83
1,1,1,FALSE,FALSE,FALSE,FALSE,FALSE,FALSE,552,559,568,11296,11284,11280,15689762,10665217,50.0,0.83
1,1,1,FALSE,FALSE,FALSE,FALSE,FALSE,FALSE,552,559,568,11296,11284,11280,15689762,10665217,50.0,0.83
1,1,1,FALSE,FALSE,FALSE,FALSE,FALSE,FALSE,552,559,568,11296,11284,11280,15689762,10665217,50.0,0.83
1,1,1,FALSE,FALSE,FALSE,FALSE,FALSE,FALSE,552,559,568,11296,11284,11280,15689762,10665217,50.0,0.83
1,1,1,FALSE,FALSE,FALSE,FALSE,FALSE,FALSE,552,559,568,11296,11284,11280,15689762,10665217,50.0,0.83
1,1,1,FALSE,FALSE,FALSE,FALSE,FALSE,FALSE,552,559,568,11296,11284,11280,15689762,10665217,50.0,0.83
1,1,1,FALSE,FALSE,FALSE,FALSE,FALSE,FALSE,552,559,568,11296,11284,11280,15689762,10665217,50.0,0.83
1,1,1,FALSE,FALSE,FALSE,FALSE,FALSE,FALSE,552,559,568,11296,11284,11280,15689762,10665217,50.0,0.83
1,1,1,FALSE,FALSE,FALSE,FALSE,FALSE,FALSE,552,559,568,11296,11284,11280,15689762,10665217,50.0,0.83
1,1,1,FALSE,FALSE,FALSE,FALSE,FALSE,FALSE,552,559,568,11296,11284,11280,15689762,10665217,50.0,0.83
1,1,1,FALSE,FALSE,FALSE,FALSE,FALSE,FALSE,552,559,568,11296,11284,11280,15689762,10665217,50.0,0.83
1,1,1,FALSE,FALSE,FALSE,FALSE,FALSE,FALSE,552,559,568,11296,11284,11280,15689762,10665217,50.0,0.83
1,1,1,FALSE,FALSE,FALSE,FALSE,FALSE,FALSE,552,559,568,11296,11284,11280,15689762,10665217,50.0,0.83
1,1,1,FALSE,FALSE,FALSE,FALSE,FALSE,FALSE,552,559,568,11296,11284,11280,15689762,10665217,50.0,0.83
1,1,1,FALSE,FALSE,FALSE,FALSE,FALSE,FALSE,552,559,568,11296,11284,11280,15689762,10665217,50.0,0.83
1,1,1,FALSE,FALSE,FALSE,FALSE,FALSE,FALSE,552,559,568,11296,11284,11280,15689762,10665217,50.0,0.83
1,1,1,FALSE,FALSE,FALSE,FALSE,FALSE,FALSE,552,559,568,11296,11284,11280,15689762,10665217,50.0,0.83
1,1,1,FALSE,FALSE,FALSE,FALSE,FALSE,FALSE,552,559,568,11296,11284,11280,15689762,10665217,50.0,0.83
1,1,1,FALSE,FALSE,FALSE,FALSE,FALSE,FALSE,552,559,568,11296,11284,11280,15689762,10665217,50.0,0.83
1,1,1,FALSE,FALSE,FALSE,FALSE,FALSE,FALSE,552,559,568,11296,11284,11280,15689762,10665217,50.0,0.83
1,1,1,FALSE,FALSE,FALSE,FALSE,FALSE,FALSE,552,559,568,11296,11284,11280,15689762,10665217,50.0,0.83
1,1,1,FALSE,FALSE,FALSE,FALSE,FALSE,FALSE,552,559,568,11296,11284,11280,15689762,10665217,50.0,0.83
1,1,1,FALSE,FALSE,FALSE,FALSE,FALSE,FALSE,552,559,568,11296,11284,11280,15689762,10665217,50.0,0.83
1,1,1,FALSE,FALSE,FALSE,FALSE,FALSE,FALSE,552,559,568,11296,11284,11280,15689762,10665217,50.0,0.83
1,1,1,FALSE,FALSE,FALSE,FALSE,FALSE,FALSE,552,559,568,11296,11284,11280,15689762,10665217,50.0,0.83
1,1,1,FALSE,FALSE,FALSE,FALSE,FALSE,FALSE,552,559,568,11296,11284,11280,15689762,10665217,50.0,0.83
1,1,1,FALSE,FALSE,FALSE,FALSE,FALSE,FALSE,552,559,568,11296,11284,11280,15689762,10665217,50.0,0.83
1,1,1,FALSE,FALSE,FALSE,FALSE,FALSE,FALSE,552,559,568,11296,11284,11280,15689762,10665217,50.0,0.83
1,1,1,FALSE,FALSE,FALSE,FALSE,FALSE,FALSE,552,559,568,11296,11284,11280,15689762,10665217,50.0,0.83
1,1,1,FALSE,FALSE,FALSE,FALSE,FALSE,FALSE,552,559,568,11296,11284,11280,15689762,10665217,50.0,0.83
1,1,1,FALSE,FALSE,FALSE,FALSE,FALSE,FALSE,552,559,568,11298,11287,11283,15689737,10665135,50.0,0.83
1,1,1,FALSE,FALSE,FALSE,FALSE,FALSE,FALSE,552,559,568,11298,11287,11283,15689737,10665135,50.0,0.83
1,1,1,FALSE,FALSE,FALSE,FALSE,FALSE,FALSE,552,559,568,11298,11287,11283,15689737,10665135,50.0,0.83
1,1,1,FALSE,FALSE,FALSE,FALSE,FALSE,FALSE,552,559,568,11298,11286,11282,15689742,10665152,50.0,0.83
1,1,1,FALSE,FALSE,FALSE,FALSE,FALSE,FALSE,550,557,566,11340,11330,11327,15689305,10663763,50.0,0.83
1,1,1,FALSE,FALSE,FALSE,FALSE,FALSE,FALSE,550,557,566,11340,11330,11327,15689305,10663763,50.0,0.83
1,1,1,FALSE,FALSE,FALSE,FALSE,FALSE,FALSE,550,557,566,11340,11330,11327,15689305,10663763,50.0,0.83
1,1,1,FALSE,FALSE,FALSE,FALSE,FALSE,FALSE,550,557,566,11340,11330,11327,15689305,10663763,50.0,0.83
1,1,1,FALSE,FALSE,FALSE,FALSE,FALSE,FALSE,548,555,563,11381,11374,11371,15688872,10662389,50.0,0.83
1,1,1,FALSE,FALSE,FALSE,FALSE,FALSE,FALSE,548,555,563,11381,11374,11371,15688872,10662389,50.0,0.83
1,1,1,FALSE,FALSE,FALSE,FALSE,FALSE,FALSE,550,557,566,11340,11330,11327,15689299,10663747,50.0,0.83
1,1,1,FALSE,FALSE,FALSE,FALSE,FALSE,FALSE,550,557,566,11340,11330,11327,15689299,10663747,50.0,0.83
1,1,1,FALSE,FALSE,FALSE,FALSE,FALSE,FALSE,550,557,566,11340,11330,11327,15689299,10663747,50.0,0.83
1,1,1,FALSE,FALSE,FALSE,FALSE,FALSE,FALSE,550,557,566,11340,11330,11327,15689299,10663747,50.0,0.83
1,1,1,FALSE,FALSE,FALSE,FALSE,FALSE,FALSE,552,559,568,11298,11286,11282,15689742,10665152,50.0,0.83
1,1,1,FALSE,FALSE,FALSE,FALSE,FALSE,FALSE,552,559,568,11298,11286,11282,15689742,10665152,50.0,0.83
1,1,1,FALSE,FALSE,FALSE,FALSE,FALSE,FALSE,552,559,568,11298,11286,11282,15689742,10665152,50.0,0.83
1,1,1,FALSE,FALSE,FALSE,FALSE,FALSE,FALSE,552,559,568,11298,11286,11282,15689742,10665152,50.0,0.83
1,1,1,FALSE,FALSE,FALSE,FALSE,FALSE,FALSE,552,559,568,11298,11286,11282,15689742,10665152,50.0,0.83
1,1,1,FALSE,FALSE,FALSE,FALSE,FALSE,FALSE,552,559,568,11298,11286,11282,15689742,10665152,50.0,0.83
1,1,1,FALSE,FALSE,FALSE,FALSE,FALSE,FALSE,552,559,568,11298,11286,11282,15689742,10665152,50.0,0.83
1,1,1,FALSE,FALSE,FALSE,FALSE,FALSE,FALSE,552,559,568,11298,11286,11282,15689742,10665152,50.0,0.83
1,1,1,FALSE,FALSE,FALSE,FALSE,FALSE,FALSE,552,559,568,11298,11286,11282,15689742,10665152,50.0,0.83
1,1,1,FALSE,FALSE,FALSE,FALSE,FALSE,FALSE,552,559,568,11296,11284,11280,15689762,10665217,50.0,0.83
1,1,1,FALSE,FALSE,FALSE,FALSE,FALSE,FALSE,552,559,568,11296,11284,11280,15689762,10665217,50.0,0.83
1,1,1,FALSE,FALSE,FALSE,FALSE,FALSE,FALSE,552,559,568,11296,11284,11280,15689762,10665217,50.0,0.83
1,1,1,FALSE,FALSE,FALSE,FALSE,FALSE,FALSE,552,559,568,11296,11284,11280,15689762,10665217,50.0,0.83
1,1,1,FALSE,FALSE,FALSE,FALSE,FALSE,FALSE,552,559,568,11296,11284,11280,15689762,10665217,50.0,0.83
1,1,1,FALSE,FALSE,FALSE,FALSE,FALSE,FALSE,552,559,568,11296,11284,11280,15689762,10665217,50.0,0.83
1,1,1,FALSE,FALSE,FALSE,FALSE,FALSE,FALSE,552,559,568,11296,11284,11280,15689762,10665217,50.0,0.83
1,1,1,FALSE,FALSE,FALSE,FALSE,FALSE,FALSE,552,559,568,11296,11284,11280,15689762,10665217,50.0,0.83
1,1,1,FALSE,FALSE,FALSE,FALSE,FALSE,FALSE,552,559,568,11296,11284,11280,15689762,10665217,50.0,0.83
1,1,1,FALSE,FALSE,FALSE,FALSE,FALSE,FALSE,552,559,568,11296,11284,11280,15689762,10665217,50.0,0.83
1,1,1,FALSE,FALSE,FALSE,FALSE,FALSE,FALSE,552,559,568,11296,11284,11280,15689762,10665217,50.0,0.83
1,1,1,FALSE,FALSE,FALSE,FALSE,FALSE,FALSE,552,559,568,11296,11284,11280,15689762,10665217,50.0,0.83
1,1,1,FALSE,FALSE,FALSE,FALSE,FALSE,FALSE,552,559,568,11296,11284,11280,15689762,10665217,50.0,0.83
1,1,1,FALSE,FALSE,FALSE,FALSE,FALSE,FALSE,552,559,568,11296,11284,11280,15689762,10665217,50.0,0.83
1,1,1,FALSE,FALSE,FALSE,FALSE,FALSE,FALSE,552,559,568,11296,11284,11280,15689762,10665217,50.0,0.83
1,1,1,FALSE,FALSE,FALSE,FALSE,FALSE,FALSE,552,559,568,11296,11284,11280,15689762,10665217,50.0,0.83
1,1,1,FALSE,FALSE,FALSE,FALSE,FALSE,FALSE,552,559,568,11296,11284,11280,15689762,10665217,50.0,0.83
1,1,1,FALSE,FALSE,FALSE,FALSE,FALSE,FALSE,552,559,568,11296,11284,11280,15689762,10665217,50.0,0.83
1,1,1,FALSE,FALSE,FALSE,FALSE,FALSE,FALSE,552,559,568,11296,11284,11280,15689762,10665217,50.0,0.83
1,1,1,FALSE,FALSE,FALSE,FALSE,FALSE,FALSE,552,559,568,11296,11284,11280,15689762,10665217,50.0,0.83
1,1,1,FALSE,FALSE,FALSE,FALSE,FALSE,FALSE,552,559,568,11296,11284,11280,15689762,10665217,50.0,0.83
1,1,1,FALSE,FALSE,FALSE,FALSE,FALSE,FALSE,552,559,568,11296,11284,11280,15689762,10665217,50.0,0.83
1,1,1,FALSE,FALSE,FALSE,FALSE,FALSE,FALSE,552,559,568,11296,11284,11280,15689762,10665217,50.0,0.83
1,1,1,FALSE,FALSE,FALSE,FALSE,FALSE,FALSE,552,559,568,11296,11284,11280,15689762,10665217,50.0,0.83
1,1,1,FALSE,FALSE,FALSE,FALSE,FALSE,FALSE,552,559,568,11296,11284,11280,15689762,10665217,50.0,0.83
1,1,1,FALSE,FALSE,FALSE,FALSE,FALSE,FALSE,552,559,568,11296,11284,11280,15689762,10665217,50.0,0.83
1,1,1,FALSE,FALSE,FALSE,FALSE,FALSE,FALSE,552,559,568,11296,11284,11280,15689762,10665217,50.0,0.83
1,1,1,FALSE,FALSE,FALSE,FALSE,FALSE,FALSE,552,559,568,11296,11284,11280,15689762,10665217,50.0,0.83
1,1,1,FALSE,FALSE,FALSE,FALSE,FALSE,FALSE,552,559,568,11296,11284,11280,15689762,10665217,50.0,0.83
1,1,1,FALSE,FALSE,FALSE,FALSE,FALSE,FALSE,552,559,568,11296,11284,11280,15689762,10665217,50.0,0.83
1,1,1,FALSE,FALSE,FALSE,FALSE,FALSE,FALSE,552,559,568,11296,11284,11280,15689762,10665217,50.0,0.83
1,1,1,FALSE,FALSE,FALSE,FALSE,FALSE,FALSE,552,559,568,11296,11284,11280,15689762,10665217,50.0,0.83
1,1,1,FALSE,FALSE,FALSE,FALSE,FALSE,FALSE,552,559,568,11296,11284,11280,15689762,10665217,50.0,0.83
1,1,1,FALSE,FALSE,FALSE,FALSE,FALSE,FALSE,552,559,568,11296,11284,11280,15689762,10665217,50.0,0.83
1,1,1,FALSE,FALSE,FALSE,FALSE,FALSE,FALSE,552,559,568,11296,11284,11280,15689762,10665217,50.0,0.83
1,1,1,FALSE,FALSE,FALSE,FALSE,FALSE,FALSE,552,559,568,11296,11284,11280,15689762,10665217,50.0,0.83
1,1,1,FALSE,FALSE,FALSE,FALSE,FALSE,FALSE,552,559,568,11296,11284,11280,15689762,10665217,50.0,0.83
1,1,1,FALSE,FALSE,FALSE,FALSE,FALSE,FALSE,552,559,568,11296,11284,11280,15689762,10665217,50.0,0.83
1,1,1,FALSE,FALSE,FALSE,FALSE,FALSE,FALSE,552,559,568,11296,11284,11280,15689762,10665217,50.0,0.83
1,1,1,FALSE,FALSE,FALSE,FALSE,FALSE,FALSE,552,559,568,11296,11284,11280,15689762,10665217,50.0,0.83
1,1,1,FALSE,FALSE,FALSE,FALSE,FALSE,FALSE,552,559,568,11296,11284,11280,15689762,10665217,50.0,0.83
1,1,1,FALSE,FALSE,FALSE,FALSE,FALSE,FALSE,552,559,568,11296,11284,11280,15689762,10665217,50.0,0.83
1,1,1,FALSE,FALSE,FALSE,FALSE,FALSE,FALSE,552,559,568,11296,11284,11280,15689762,10665217,50.0,0.83
1,1,1,FALSE,FALSE,FALSE,FALSE,FALSE,FALSE,552,559,568,11296,11284,11280,15689762,10665217,50.0,0.83
1,1,1,FALSE,FALSE,FALSE,FALSE,FALSE,FALSE,552,559,568,11296,11284,11280,15689762,10665217,50.0,0.83
1,1,1,FALSE,FALSE,FALSE,FALSE,FALSE,FALSE,552,559,568,11296,11284,11280,15689762,10665217,50.0,0.83
1,1,1,FALSE,FALSE,FALSE,FALSE,FALSE,FALSE,552,559,568,11296,11284,11280,15689762,10665217,50.0,0.83
1,1,1,FALSE,FALSE,FALSE,FALSE,FALSE,FALSE,552,559,568,11296,11284,11280,15689762,10665217,50.0,0.83
1,1,1,FALSE,FALSE,FALSE,FALSE,FALSE,FALSE,552,559,568,11296,11284,11280,15689762,10665217,50.0,0.83
1,1,1,FALSE,FALSE,FALSE,FALSE,FALSE,FALSE,552,559,568,11296,11284,11280,15689762,10665217,50.0,0.83
1,1,1,FALSE,FALSE,FALSE,FALSE,FALSE,FALSE,552,559,568,11296,11284,11280,15689762,10665217,50.0,0.83
1,1,1,FALSE,FALSE,FALSE,FALSE,FALSE,FALSE,552,559,568,11296,11284,11280,15689762,10665217,50.0,0.83
1,1,1,FALSE,FALSE,FALSE,FALSE,FALSE,FALSE,552,559,568,11296,11284,11280,15689762,10665217,50.0,0.83
1,1,1,FALSE,FALSE,FALSE,FALSE,FALSE,FALSE,552,559,568,11296,11284,11280,15689762,10665217,50.0,0.83
1,1,1,FALSE,FALSE,FALSE,FALSE,FALSE,FALSE,552,559,568,11296,11284,11280,15689762,10665217,50.0,0.83
1,1,1,FALSE,FALSE,FALSE,FALSE,FALSE,FALSE,552,559,568,11296,11284,11280,15689762,10665217,50.0,0.83
1,1,1,FALSE,FALSE,FALSE,FALSE,FALSE,FALSE,552,559,568,11296,11284,11280,15689762,10665217,50.0,0.83
1,1,1,FALSE,FALSE,FALSE,FALSE,FALSE,FALSE,552,559,568,11296,11284,11280,15689762,10665217,50.0,0.83
1,1,1,FALSE,FALSE,FALSE,FALSE,FALSE,FALSE,552,559,568,11296,11284,11280,15689762,10665217,50.0,0.83
1,1,1,FALSE,FALSE,FALSE,FALSE,FALSE,FALSE,552,559,568,11296,11284,11280,15689762,10665217,50.0,0.83
1,1,1,FALSE,FALSE,FALSE,FALSE,FALSE,FALSE,552,559,568,11296,11284,11280,15689762,10665217,50.0,0.83
1,1,1,FALSE,FALSE,FALSE,FALSE,FALSE,FALSE,552,559,568,11296,11284,11280,15689762,10665217,50.0,0.83
1,1,1,FALSE,FALSE,FALSE,FALSE,FALSE,FALSE,552,559,568,11296,11284,11280,15689762,10665217,50.0,0.83
1,1,1,FALSE,FALSE,FALSE,FALSE,FALSE,FALSE,552,559,568,11296,11284,11280,15689762,10665217,50.0,0.83
1,1,1,FALSE,FALSE,FALSE,FALSE,FALSE,FALSE,552,559,568,11296,11284,11280,15689762,10665217,50.0,0.83
1,1,1,FALSE,FALSE,FALSE,FALSE,FALSE,FALSE,552,559,568,11296,11284,11280,15689762,10665217,50.0,0.83
1,1,1,FALSE,FALSE,FALSE,FALSE,FALSE,FALSE,552,559,568,11296,11284,11280,15689762,10665217,50.0,0.83
1,1,1,FALSE,FALSE,FALSE,FALSE,FALSE,FALSE,552,559,568,11296,11284,11280,15689762,10665217,50.0,0.83
1,1,1,FALSE,FALSE,FALSE,FALSE,FALSE,FALSE,552,559,568,11296,11284,11280,15689762,10665217,50.0,0.83
1,1,1,FALSE,FALSE,FALSE,FALSE,FALSE,FALSE,552,559,568,11296,11284,11280,15689762,10665217,50.0,0.83
1,1,1,FALSE,FALSE,FALSE,FALSE,FALSE,FALSE,552,559,568,11296,11284,11280,15689762,10665217,50.0,0.83
1,1,1,FALSE,FALSE,FALSE,FALSE,FALSE,FALSE,552,559,568,11296,11284,11280,15689762,10665217,50.0,0.83
1,1,1,FALSE,FALSE,FALSE,FALSE,FALSE,FALSE,552,559,568,11296,11284,11280,15689762,10665217,50.0,0.83
1,1,1,FALSE,FALSE,FALSE,FALSE,FALSE,FALSE,552,559,568,11296,11284,11280,15689762,10665217,50.0,0.83
1,1,1,FALSE,FALSE,FALSE,FALSE,FALSE,FALSE,552,559,568,11296,11284,11280,15689762,10665217,50.0,0.83
1,1,1,FALSE,FALSE,FALSE,FALSE,FALSE,FALSE,552,559,568,11296,11284,11280,15689762,10665217,50.0,0.83
1,1,1,FALSE,FALSE,FALSE,FALSE,FALSE,FALSE,552,559,568,11296,11284,11280,15689762,10665217,50.0,0.83
1,1,1,FALSE,FALSE,FALSE,FALSE,FALSE,FALSE,552,559,568,11296,11284,11280,15689762,10665217,50.0,0.83
1,1,1,FALSE,FALSE,FALSE,FALSE,FALSE,FALSE,552,559,568,11296,11284,11280,15689762,10665217,50.0,0.83
1,1,1,FALSE,FALSE,FALSE,FALSE,FALSE,FALSE,548,555,563,11382,11374,11372,15688868,10662376,50.0,0.83
1,1,1,FALSE,FALSE,FALSE,FALSE,FALSE,FALSE,548,555,563,11382,11374,11372,15688868,10662376,50.0,0.83
1,1,1,FALSE,FALSE,FALSE,FALSE,FALSE,FALSE,548,555,563,11382,11374,11372,15688868,10662376,50.0,0.83
1,1,1,FALSE,FALSE,FALSE,FALSE,FALSE,FALSE,548,555,563,11382,11374,11372,15688868,10662376,50.0,0.83
1,1,1,FALSE,FALSE,FALSE,FALSE,FALSE,FALSE,548,555,563,11382,11374,11372,15688868,10662376,50.0,0.83
1,1,1,FALSE,FALSE,FALSE,FALSE,FALSE,FALSE,548,555,563,11382,11374,11372,15688868,10662376,50.0,0.83
1,1,1,FALSE,FALSE,FALSE,FALSE,FALSE,FALSE,548,555,563,11382,11374,11372,15688868,10662376,50.0,0.83
1,1,1,FALSE,FALSE,FALSE,FALSE,FALSE,FALSE,548,555,563,11382,11374,11372,15688868,10662376,50.0,0.83
1,1,1,FALSE,FALSE,FALSE,FALSE,FALSE,FALSE,548,555,563,11382,11374,11372,15688868,10662376,50.0,0.83
1,1,1,FALSE,FALSE,FALSE,FALSE,FALSE,FALSE,548,555,563,11382,11374,11372,15688868,10662376,50.0,0.83
1,1,1,FALSE,FALSE,FALSE,FALSE,FALSE,FALSE,548,555,563,11382,11374,11372,15688868,10662376,50.0,0.83
1,1,1,FALSE,FALSE,FALSE,FALSE,FALSE,FALSE,548,555,563,11382,11374,11372,15688868,10662376,50.0,0.83
1,1,1,FALSE,FALSE,FALSE,FALSE,FALSE,FALSE,548,555,563,11382,11374,11372,15688868,10662376,50.0,0.83
1,1,1,FALSE,FALSE,FALSE,FALSE,FALSE,FALSE,548,555,563,11382,11374,11372,15688868,10662376,50.0,0.83
1,1,1,FALSE,FALSE,FALSE,FALSE,FALSE,FALSE,548,555,563,11382,11374,11372,15688868,10662376,50.0,0.83
1,1,1,FALSE,FALSE,FALSE,FALSE,FALSE,FALSE,548,555,563,11382,11374,11372,15688868,10662376,50.0,0.83
1,1,1,FALSE,FALSE,FALSE,FALSE,FALSE,FALSE,548,555,563,11382,11374,11372,15688868,10662376,50.0,0.83
1,1,1,FALSE,FALSE,FALSE,FALSE,FALSE,FALSE,548,555,563,11382,11374,11372,15688868,10662376,50.0,0.83
1,1,1,FALSE,FALSE,FALSE,FALSE,FALSE,FALSE,548,555,563,11382,11374,11372,15688868,10662376,50.0,0.83
1,1,1,FALSE,FALSE,FALSE,FALSE,FALSE,FALSE,548,555,563,11382,11374,11372,15688868,10662376,50.0,0.83
1,1,1,FALSE,FALSE,FALSE,FALSE,FALSE,FALSE,552,559,568,11296,11284,11280,15689762,10665217,50.0,0.83
1,1,1,FALSE,FALSE,FALSE,FALSE,FALSE,FALSE,552,559,568,11296,11284,11280,15689762,10665217,50.0,0.83
1,1,1,FALSE,FALSE,FALSE,FALSE,FALSE,FALSE,552,559,568,11296,11284,11280,15689762,10665217,50.0,0.83
1,1,1,FALSE,FALSE,FALSE,FALSE,FALSE,FALSE,552,559,568,11296,11284,11280,15689762,10665217,50.0,0.83
1,1,1,FALSE,FALSE,FALSE,FALSE,FALSE,FALSE,552,559,568,11296,11284,11280,15689762,10665217,50.0,0.83
1,1,1,FALSE,FALSE,FALSE,FALSE,FALSE,FALSE,552,559,568,11296,11284,11280,15689762,10665217,50.0,0.83
1,1,1,FALSE,FALSE,FALSE,FALSE,FALSE,FALSE,552,559,568,11296,11284,11280,15689762,10665217,50.0,0.83
1,1,1,FALSE,FALSE,FALSE,FALSE,FALSE,FALSE,552,559,568,11296,11284,11280,15689762,10665217,50.0,0.83
1,1,1,FALSE,FALSE,FALSE,FALSE,FALSE,FALSE,552,559,568,11296,11284,11280,15689762,10665217,50.0,0.83
1,1,1,FALSE,FALSE,FALSE,FALSE,FALSE,FALSE,552,559,568,11296,11284,11280,15689762,10665217,50.0,0.83
1,1,1,FALSE,FALSE,FALSE,FALSE,FALSE,FALSE,552,559,568,11296,11284,11280,15689762,10665217,50.0,0.83
1,1,1,FALSE,FALSE,FALSE,FALSE,FALSE,FALSE,552,559,568,11296,11284,11280,15689762,10665217,50.0,0.83
1,1,1,FALSE,FALSE,FALSE,FALSE,FALSE,FALSE,552,559,568,11296,11284,11280,15689762,10665217,50.0,0.83
1,1,1,FALSE,FALSE,FALSE,FALSE,FALSE,FALSE,552,559,568,11296,11284,11280,15689762,10665217,50.0,0.83
1,1,1,FALSE,FALSE,FALSE,FALSE,FALSE,FALSE,552,559,568,11296,11284,11280,15689762,10665217,50.0,0.83
1,1,1,FALSE,FALSE,FALSE,FALSE,FALSE,FALSE,552,559,568,11296,11284,11280,15689762,10665217,50.0,0.83
1,1,1,FALSE,FALSE,FALSE,FALSE,FALSE,FALSE,552,559,568,11296,11284,11280,15689762,10665217,50.0,0.83
1,1,1,FALSE,FALSE,FALSE,FALSE,FALSE,FALSE,552,559,568,11296,11284,11280,15689762,10665217,50.0,0.83
1,1,1,FALSE,FALSE,FALSE,FALSE,FALSE,FALSE,552,559,568,11296,11284,11280,15689762,10665217,50.0,0.83
1,1,1,FALSE,FALSE,FALSE,FALSE,FALSE,FALSE,552,559,568,11296,11284,11280,15689762,10665217,50.0,0.83
1,1,1,FALSE,FALSE,FALSE,FALSE,FALSE,FALSE,552,559,568,11296,11284,11280,15689762,10665217,50.0,0.83
1,1,1,FALSE,FALSE,FALSE,FALSE,FALSE,FALSE,552,559,568,11296,11284,11280,15689762,10665217,50.0,0.83
1,1,1,FALSE,FALSE,FALSE,FALSE,FALSE,FALSE,552,559,568,11296,11284,11280,15689762,10665217,50.0,0.83
1,1,1,FALSE,FALSE,FALSE,FALSE,FALSE,FALSE,552,559,568,11296,11284,11280,15689762,10665217,50.0,0.83
1,1,1,FALSE,FALSE,FALSE,FALSE,FALSE,FALSE,552,559,568,11296,11284,11280,15689762,10665217,50.0,0.83
1,1,1,FALSE,FALSE,FALSE,FALSE,FALSE,FALSE,552,559,568,11296,11284,11280,15689762,10665217,50.0,0.83
1,1,1,FALSE,FALSE,FALSE,FALSE,FALSE,FALSE,552,559,568,11296,11284,11280,15689762,10665217,50.0,0.83
1,1,1,FALSE,FALSE,FALSE,FALSE,FALSE,FALSE,552,559,568,11296,11284,11280,15689762,10665217,50.0,0.83
1,1,1,FALSE,FALSE,FALSE,FALSE,FALSE,FALSE,552,559,568,11296,11284,11280,15689762,10665217,50.0,0.83
1,1,1,FALSE,FALSE,FALSE,FALSE,FALSE,FALSE,552,559,568,11296,11284,11280,15689762,10665217,50.0,0.83
1,1,1,FALSE,FALSE,FALSE,FALSE,FALSE,FALSE,552,559,568,11296,11284,11280,15689762,10665217,50.0,0.83
1,1,1,FALSE,FALSE,FALSE,FALSE,FALSE,FALSE,552,559,568,11296,11284,11280,15689762,10665217,50.0,0.83
1,1,1,FALSE,FALSE,FALSE,FALSE,FALSE,FALSE,552,559,568,11296,11284,11280,15689762,10665217,50.0,0.83
1,1,1,FALSE,FALSE,FALSE,FALSE,FALSE,FALSE,552,559,568,11296,11284,11280,15689762,10665217,50.0,0.83
1,1,1,FALSE,FALSE,FALSE,FALSE,FALSE,FALSE,552,559,568,11296,11284,11280,15689762,10665217,50.0,0.83
1,1,1,FALSE,FALSE,FALSE,FALSE,FALSE,FALSE,552,559,568,11296,11284,11280,15689762,10665217,50.0,0.83
1,1,1,FALSE,FALSE,FALSE,FALSE,FALSE,FALSE,552,559,568,11296,11284,11280,15689762,10665217,50.0,0.83
1,1,1,FALSE,FALSE,FALSE,FALSE,FALSE,FALSE,552,559,568,11296,11284,11280,15689762,10665217,50.0,0.83
1,1,1,FALSE,FALSE,FALSE,FALSE,FALSE,FALSE,552,559,568,11296,11284,11280,15689762,10665217,50.0,0.83
1,1,1,FALSE,FALSE,FALSE,FALSE,FALSE,FALSE,552,559,568,11296,11284,11280,15689762,10665217,50.0,0.83
1,1,1,FALSE,FALSE,FALSE,FALSE,FALSE,FALSE,552,559,568,11296,11284,11280,15689762,10665217,50.0,0.83
1,1,1,FALSE,FALSE,FALSE,FALSE,FALSE,FALSE,552,559,568,11296,11284,11280,15689762,10665217,50.0,0.83
1,1,1,FALSE,FALSE,FALSE,FALSE,FALSE,FALSE,552,559,568,11296,11284,11280,15689762,10665217,50.0,0.83
1,1,1,FALSE,FALSE,FALSE,FALSE,FALSE,FALSE,552,559,568,11296,11284,11280,15689762,10665217,50.0,0.83
1,1,1,FALSE,FALSE,FALSE,FALSE,FALSE,FALSE,552,559,568,11296,11284,11280,15689762,10665217,50.0,0.83
1,1,1,FALSE,FALSE,FALSE,FALSE,FALSE,FALSE,552,559,568,11296,11284,11280,15689762,10665217,50.0,0.83
1,1,1,FALSE,FALSE,FALSE,FALSE,FALSE,FALSE,552,559,568,11296,11284,11280,15689762,10665217,50.0,0.83
1,1,1,FALSE,FALSE,FALSE,FALSE,FALSE,FALSE,552,559,568,11296,11284,11280,15689762,10665217,50.0,0.83
1,1,1,FALSE,FALSE,FALSE,FALSE,FALSE,FALSE,552,559,568,11296,11284,11280,15689762,10665217,50.0,0.83
1,1,1,FALSE,FALSE,FALSE,FALSE,FALSE,FALSE,552,559,568,11296,11284,11280,15689762,10665217,50.0,0.83
1,1,1,FALSE,FALSE,FALSE,FALSE,FALSE,FALSE,552,559,568,11296,11284,11280,15689762,10665217,50.0,0.83
1,1,1,FALSE,FALSE,FALSE,FALSE,FALSE,FALSE,552,559,568,11296,11284,11280,15689762,10665217,50.0,0.83
1,1,1,FALSE,FALSE,FALSE,FALSE,FALSE,FALSE,552,559,568,11296,11284,11280,15689762,10665217,50.0,0.83
1,1,1,FALSE,FALSE,FALSE,FALSE,FALSE,FALSE,552,559,568,11296,11284,11280,15689762,10665217,50.0,0.83
1,1,1,FALSE,FALSE,FALSE,FALSE,FALSE,FALSE,552,559,568,11296,11284,11280,15689762,10665217,50.0,0.83
1,1,1,FALSE,FALSE,FALSE,FALSE,FALSE,FALSE,552,559,568,11296,11284,11280,15689762,10665217,50.0,0.83
1,1,1,FALSE,FALSE,FALSE,FALSE,FALSE,FALSE,552,559,568,11296,11284,11280,15689762,10665217,50.0,0.83
1,1,1,FALSE,FALSE,FALSE,FALSE,FALSE,FALSE,552,559,568,11296,11284,11280,15689762,10665217,50.0,0.83
1,1,1,FALSE,FALSE,FALSE,FALSE,FALSE,FALSE,552,559,568,11296,11284,11280,15689762,10665217,50.0,0.83
1,1,1,FALSE,FALSE,FALSE,FALSE,FALSE,FALSE,552,559,568,11296,11284,11280,15689762,10665217,50.0,0.83
1,1,1,FALSE,FALSE,FALSE,FALSE,FALSE,FALSE,552,559,568,11296,11284,11280,15689762,10665217,50.0,0.83
1,1,1,FALSE,FALSE,FALSE,FALSE,FALSE,FALSE,552,559,568,11296,11284,11280,15689762,10665217,50.0,0.83
1,1,1,FALSE,FALSE,FALSE,FALSE,FALSE,FALSE,552,559,568,11296,11284,11280,15689762,10665217,50.0,0.83
1,1,1,FALSE,FALSE,FALSE,FALSE,FALSE,FALSE,552,559,568,11296,11284,11280,15689762,10665217,50.0,0.83
1,1,1,FALSE,FALSE,FALSE,FALSE,FALSE,FALSE,552,559,568,11296,11284,11280,15689762,10665217,50.0,0.83
1,1,1,FALSE,FALSE,FALSE,FALSE,FALSE,FALSE,552,559,568,11296,11284,11280,15689762,10665217,50.0,0.83
1,1,1,FALSE,FALSE,FALSE,FALSE,FALSE,FALSE,552,559,568,11296,11284,11280,15689762,10665217,50.0,0.83
1,1,1,FALSE,FALSE,FALSE,FALSE,FALSE,FALSE,552,559,568,11296,11284,11280,15689762,10665217,50.0,0.83
1,1,1,FALSE,FALSE,FALSE,FALSE,FALSE,FALSE,552,559,568,11296,11284,11280,15689762,10665217,50.0,0.83
