1,1,1,FALSE,FALSE,FALSE,FALSE,FALSE,FALSE,528,535,543,11303,11291,11287,15051730,10163337,50.0,0.83
1,1,1,FALSE,FALSE,FALSE,FALSE,FALSE,FALSE,528,535,543,11303,11291,11287,15051730,10163337,50.0,0.83
1,1,1,FALSE,FALSE,FALSE,FALSE,FALSE,FALSE,528,535,543,11303,11291,11287,15051730,10163337,50.0,0.83
1,1,1,FALSE,FALSE,FALSE,FALSE,FALSE,FALSE,528,535,543,11303,11291,11287,15051730,10163337,50.0,0.83
1,1,1,FALSE,FALSE,FALSE,FALSE,FALSE,FALSE,528,535,543,11303,11291,11287,15051730,10163337,50.0,0.83
1,1,1,FALSE,FALSE,FALSE,FALSE,FALSE,FALSE,528,535,543,11303,11291,11287,15051730,10163337,50.0,0.83
1,1,1,FALSE,FALSE,FALSE,FALSE,FALSE,FALSE,528,535,543,11303,11291,11287,15051730,10163337,50.0,0.83
1,1,1,FALSE,FALSE,FALSE,FALSE,FALSE,FALSE,528,535,543,11303,11291,11287,15051730,10163337,50.0,0.83
1,1,1,FALSE,FALSE,FALSE,FALSE,FALSE,FALSE,528,535,543,11303,11291,11287,15051730,10163337,50.0,0.83
1,1,1,FALSE,FALSE,FALSE,FALSE,FALSE,FALSE,528,535,543,11303,11291,11287,15051730,10163337,50.0,0.83
1,1,1,FALSE,FALSE,FALSE,FALSE,FALSE,FALSE,528,535,543,11303,11291,11287,15051730,10163337,50.0,0.83
1,1,1,FALSE,FALSE,FALSE,FALSE,FALSE,FALSE,528,535,543,11303,11291,11287,15051730,10163337,50.0,0.83
1,1,1,FALSE,FALSE,FALSE,FALSE,FALSE,FALSE,528,535,543,11303,11291,11287,15051730,10163337,50.0,0.83
1,1,1,FALSE,FALSE,FALSE,FALSE,FALSE,FALSE,528,535,543,11303,11291,11287,15051730,10163337,50.0,0.83
1,1,1,FALSE,FALSE,FALSE,FALSE,FALSE,FALSE,528,535,543,11303,11291,11287,15051730,10163337,50.0,0.83
1,1,1,FALSE,FALSE,FALSE,FALSE,FALSE,FALSE,528,535,543,11303,11291,11287,15051730,10163337,50.0,0.83
1,1,1,FALSE,FALSE,FALSE,FALSE,FALSE,FALSE,528,535,543,11303,11291,11287,15051730,10163337,50.0,0.83
1,1,1,FALSE,FALSE,FALSE,FALSE,FALSE,FALSE,528,535,543,11303,11291,11287,15051730,10163337,50.0,0.83
1,1,1,FALSE,FALSE,FALSE,FALSE,FALSE,FALSE,528,535,543,11303,11291,11287,15051730,10163337,50.0,0.83
1,1,1,FALSE,FALSE,FALSE,FALSE,FALSE,FALSE,528,535,543,11303,11291,11287,15051730,10163337,50.0,0.83
1,1,1,FALSE,FALSE,FALSE,FALSE,FALSE,FALSE,528,535,543,11303,11291,11287,15051730,10163337,50.0,0.83
1,1,1,FALSE,FALSE,FALSE,FALSE,FALSE,FALSE,528,535,543,11303,11291,11287,15051730,10163337,50.0,0.83
1,1,1,FALSE,FALSE,FALSE,FALSE,FALSE,FALSE,528,535,543,11303,11291,11287,15051730,10163337,50.0,0.83
1,1,1,FALSE,FALSE,FALSE,FALSE,FALSE,FALSE,528,535,543,11303,11291,11287,15051730,10163337,50.0,0.83
1,1,1,FALSE,FALSE,FALSE,FALSE,FALSE,FALSE,528,535,543,11303,11291,11287,15051730,10163337,50.0,0.83
1,1,1,FALSE,FALSE,FALSE,FALSE,FALSE,FALSE,528,535,543,11303,11291,11287,15051730,10163337,50.0,0.83
1,1,1,FALSE,FALSE,FALSE,FALSE,FALSE,FALSE,528,535,543,11303,11291,11287,15051730,10163337,50.0,0.83
1,1,1,FALSE,FALSE,FALSE,FALSE,FALSE,FALSE,528,535,543,11303,11291,11287,15051730,10163337,50.0,0.83
1,1,1,FALSE,FALSE,FALSE,FALSE,FALSE,FALSE,528,535,543,11303,11291,11287,15051730,10163337,50.0,0.83
1,1,1,FALSE,FALSE,FALSE,FALSE,FALSE,FALSE,528,535,543,11303,11291,11287,15051730,10163337,50.0,0.83
1,1,1,FALSE,FALSE,FALSE,FALSE,FALSE,FALSE,528,535,543,11303,11291,11287,15051730,10163337,50.0,0.83
1,1,1,FALSE,FALSE,FALSE,FALSE,FALSE,FALSE,528,535,543,11303,11291,11287,15051730,10163337,50.0,0.83
1,1,1,FALSE,FALSE,FALSE,FALSE,FALSE,FALSE,528,535,543,11303,11291,11287,15051730,10163337,50.0,0.83
1,1,1,FALSE,FALSE,FALSE,FALSE,FALSE,FALSE,528,535,543,11303,11291,11287,15051730,10163337,50.0,0.83
1,1,1,FALSE,FALSE,FALSE,FALSE,FALSE,FALSE,528,535,543,11303,11291,11287,15051730,10163337,50.0,0.83
1,1,1,FALSE,FALSE,FALSE,FALSE,FALSE,FALSE,528,535,543,11303,11291,11287,15051730,10163337,50.0,0.83
1,1,1,FALSE,FALSE,FALSE,FALSE,FALSE,FALSE,528,535,543,11303,11291,11287,15051730,10163337,50.0,0.83
1,1,1,FALSE,FALSE,FALSE,FALSE,FALSE,FALSE,528,535,543,11303,11291,11287,15051730,10163337,50.0,0.83
1,1,1,FALSE,FALSE,FALSE,FALSE,FALSE,FALSE,528,535,543,11303,11291,11287,15051730,10163337,50.0,0.83
1,1,1,FALSE,FALSE,FALSE,FALSE,FALSE,FALSE,528,535,543,11303,11291,11287,15051730,10163337,50.0,0.83
1,1,1,FALSE,FALSE,FALSE,FALSE,FALSE,FALSE,528,535,543,11303,11291,11287,15051730,10163337,50.0,0.83
1,1,1,FALSE,FALSE,FALSE,FALSE,FALSE,FALSE,528,535,543,11303,11291,11287,15051730,10163337,50.0,0.83
1,1,1,FALSE,FALSE,FALSE,FALSE,FALSE,FALSE,528,535,543,11303,11291,11287,15051730,10163337,50.0,0.83
1,1,1,FALSE,FALSE,FALSE,FALSE,FALSE,FALSE,528,535,543,11303,11291,11287,15051730,10163337,50.0,0.83
1,1,1,FALSE,FALSE,FALSE,FALSE,FALSE,FALSE,528,535,543,11303,11291,11287,15051730,10163337,50.0,0.83
1,1,1,FALSE,FALSE,FALSE,FALSE,FALSE,FALSE,528,535,543,11303,11291,11287,15051730,10163337,50.0,0.83
1,1,1,FALSE,FALSE,FALSE,FALSE,FALSE,FALSE,528,535,543,11303,11291,11287,15051730,10163337,50.0,0.83
1,1,1,FALSE,FALSE,FALSE,FALSE,FALSE,FALSE,528,535,543,11303,11291,11287,15051730,10163337,50.0,0.83
1,1,1,FALSE,FALSE,FALSE,FALSE,FALSE,FALSE,528,535,543,11303,11291,11287,15051730,10163337,50.0,0.83
1,1,1,FALSE,FALSE,FALSE,FALSE,FALSE,FALSE,528,535,543,11303,11291,11287,15051730,10163337,50.0,0.83
1,1,1,FALSE,FALSE,FALSE,FALSE,FALSE,FALSE,528,535,543,11303,11291,11287,15051730,10163337,50.0,0.83
1,1,1,FALSE,FALSE,FALSE,FALSE,FALSE,FALSE,528,535,543,11303,11291,11287,15051730,10163337,50.0,0.83
1,1,1,FALSE,FALSE,FALSE,FALSE,FALSE,FALSE,528,535,543,11303,11291,11287,15051730,10163337,50.0,0.83
1,1,1,FALSE,FALSE,FALSE,FALSE,FALSE,FALSE,528,535,543,11303,11291,11287,15051730,10163337,50.0,0.83
1,1,1,FALSE,FALSE,FALSE,FALSE,FALSE,FALSE,528,535,543,11303,11291,11287,15051730,10163337,50.0,0.83
1,1,1,FALSE,FALSE,FALSE,FALSE,FALSE,FALSE,528,535,543,11303,11291,11287,15051730,10163337,50.0,0.83
1,1,1,FALSE,FALSE,FALSE,FALSE,FALSE,FALSE,528,535,543,11303,11291,11287,15051730,10163337,50.0,0.83
1,1,1,FALSE,FALSE,FALSE,FALSE,FALSE,FALSE,528,535,543,11303,11291,11287,15051730,10163337,50.0,0.83
1,1,1,FALSE,FALSE,FALSE,FALSE,FALSE,FALSE,528,535,543,11303,11291,11287,15051730,10163337,50.0,0.83
1,1,1,FALSE,FALSE,FALSE,FALSE,FALSE,FALSE,528,535,543,11303,11291,11287,15051730,10163337,50.0,0.83
1,1,1,FALSE,FALSE,FALSE,FALSE,FALSE,FALSE,528,535,543,11303,11291,11287,15051730,10163337,50.0,0.83
1,1,1,FALSE,FALSE,FALSE,FALSE,FALSE,FALSE,528,535,543,11303,11291,11287,15051730,10163337,50.0,0.83
1,1,1,FALSE,FALSE,FALSE,FALSE,FALSE,FALSE,528,535,543,11303,11291,11287,15051730,10163337,50.0,0.83
1,1,1,FALSE,FALSE,FALSE,FALSE,FALSE,FALSE,528,535,543,11303,11291,11287,15051730,10163337,50.0,0.83
1,1,1,FALSE,FALSE,FALSE,FALSE,FALSE,FALSE,528,535,543,11303,11291,11287,15051730,10163337,50.0,0.83
1,1,1,FALSE,FALSE,FALSE,FALSE,FALSE,FALSE,528,535,543,11303,11291,11287,15051730,10163337,50.0,0.83
1,1,1,FALSE,FALSE,FALSE,FALSE,FALSE,FALSE,528,535,543,11303,11291,11287,15051730,10163337,50.0,0.83
1,1,1,FALSE,FALSE,FALSE,FALSE,FALSE,FALSE,528,535,543,11303,11291,11287,15051730,10163337,50.0,0.83
1,1,1,FALSE,FALSE,FALSE,FALSE,FALSE,FALSE,528,535,543,11303,11291,11287,15051730,10163337,50.0,0.83
1,1,1,FALSE,FALSE,FALSE,FALSE,FALSE,FALSE,528,535,543,11303,11291,11287,15051730,10163337,50.0,0.83
1,1,1,FALSE,FALSE,FALSE,FALSE,FALSE,FALSE,528,535,543,11303,11291,11287,15051730,10163337,50.0,0.83
1,1,1,FALSE,FALSE,FALSE,FALSE,FALSE,FALSE,528,535,543,11303,11291,11287,15051730,10163337,50.0,0.83
1,1,1,FALSE,FALSE,FALSE,FALSE,FALSE,FALSE,528,535,543,11303,11291,11287,15051730,10163337,50.0,0.83
1,1,1,FALSE,FALSE,FALSE,FALSE,FALSE,FALSE,528,535,543,11303,11291,11287,15051730,10163337,50.0,0.83
1,1,1,FALSE,FALSE,FALSE,FALSE,FALSE,FALSE,528,535,543,11303,11291,11287,15051730,10163337,50.0,0.83
1,1,1,FALSE,FALSE,FALSE,FALSE,FALSE,FALSE,528,535,543,11303,11291,11287,15051730,10163337,50.0,0.83
1,1,1,FALSE,FALSE,FALSE,FALSE,FALSE,FALSE,528,535,543,11303,11291,11287,15051730,10163337,50.0,0.83
1,1,1,FALSE,FALSE,FALSE,FALSE,FALSE,FALSE,528,535,543,11303,11291,11287,15051730,10163337,50.0,0.83
1,1,1,FALSE,FALSE,FALSE,FALSE,FALSE,FALSE,528,535,543,11303,11291,11287,15051730,10163337,50.0,0.83
1,1,1,FALSE,FALSE,FALSE,FALSE,FALSE,FALSE,528,535,543,11303,11291,11287,15051730,10163337,50.0,0.83
1,1,1,FALSE,FALSE,FALSE,FALSE,FALSE,FALSE,528,535,543,11303,11291,11287,15051730,10163337,50.0,0.83
1,1,1,FALSE,FALSE,FALSE,FALSE,FALSE,FALSE,528,535,543,11303,11291,11287,15051730,10163337,50.0,0.83
1,1,1,FALSE,FALSE,FALSE,FALSE,FALSE,FALSE,528,535,543,11303,11291,11287,15051730,10163337,50.0,0.83
1,1,1,FALSE,FALSE,FALSE,FALSE,FALSE,FALSE,528,535,543,11303,11291,11287,15051730,10163337,50.0,0.83
1,1,1,FALSE,FALSE,FALSE,FALSE,FALSE,FALSE,528,535,543,11303,11291,11287,15051730,10163337,50.0,0.83
1,1,1,FALSE,FALSE,FALSE,FALSE,FALSE,FALSE,528,535,543,11303,11291,11287,15051730,10163337,50.0,0.83
1,1,1,FALSE,FALSE,FALSE,FALSE,FALSE,FALSE,528,535,543,11303,11291,11287,15051730,10163337,50.0,0.83
1,1,1,FALSE,FALSE,FALSE,FALSE,FALSE,FALSE,528,535,543,11303,11291,11287,15051730,10163337,50.0,0.83
1,1,1,FALSE,FALSE,FALSE,FALSE,FALSE,FALSE,528,535,543,11303,11291,11287,15051730,10163337,50.0,0.83
1,1,1,FALSE,FALSE,FALSE,FALSE,FALSE,FALSE,528,535,543,11303,11291,11287,15051730,10163337,50.0,0.83
1,1,1,FALSE,FALSE,FALSE,FALSE,FALSE,FALSE,528,535,543,11303,11291,11287,15051730,10163337,50.0,0.83
1,1,1,FALSE,FALSE,FALSE,FALSE,FALSE,FALSE,528,535,543,11303,11291,11287,15051730,10163337,50.0,0.83
1,1,1,FALSE,FALSE,FALSE,FALSE,FALSE,FALSE,528,535,543,11303,11291,11287,15051730,10163337,50.0,0.83
1,1,1,FALSE,FALSE,FALSE,FALSE,FALSE,FALSE,528,535,543,11303,11291,11287,15051730,10163337,50.0,0.83
1,1,1,FALSE,FALSE,FALSE,FALSE,FALSE,FALSE,528,535,543,11303,11291,11287,15051730,10163337,50.0,0.83
1,1,1,FALSE,FALSE,FALSE,FALSE,FALSE,FALSE,528,535,543,11303,11291,11287,15051730,10163337,50.0,0.83
1,1,1,FALSE,FALSE,FALSE,FALSE,FALSE,FALSE,528,535,543,11303,11291,11287,15051730,10163337,50.0,0.83
1,1,1,FALSE,FALSE,FALSE,FALSE,FALSE,FALSE,528,535,543,11303,11291,11287,15051730,10163337,50.0,0.83
1,1,1,FALSE,FALSE,FALSE,FALSE,FALSE,FALSE,528,535,543,11303,11291,11287,15051730,10163337,50.0,0.83
1,1,1,FALSE,FALSE,FALSE,FALSE,FALSE,FALSE,528,535,543,11303,11291,11287,15051730,10163337,50.0,0.83
1,1,1,FALSE,FALSE,FALSE,FALSE,FALSE,FALSE,528,535,543,11303,11291,11287,15051730,10163337,50.0,0.83
1,1,1,FALSE,FALSE,FALSE,FALSE,FALSE,FALSE,528,535,543,11303,11291,11287,15051730,10163337,50.0,0.83
1,1,1,FALSE,FALSE,FALSE,FALSE,FALSE,FALSE,528,535,543,11303,11291,11287,15051730,10163337,50.0,0.83
1,1,1,FALSE,FALSE,FALSE,FALSE,FALSE,FALSE,528,535,543,11303,11291,11287,15051730,10163337,50.0,0.83
1,1,1,FALSE,FALSE,FALSE,FALSE,FALSE,FALSE,528,535,543,11303,11291,11287,15051730,10163337,50.0,0.83
1,1,1,FALSE,FALSE,FALSE,FALSE,FALSE,FALSE,528,535,543,11303,11291,11287,15051730,10163337,50.0,0.83
1,1,1,FALSE,FALSE,FALSE,FALSE,FALSE,FALSE,528,535,543,11303,11291,11287,15051730,10163337,50.0,0.83
1,1,1,FALSE,FALSE,FALSE,FALSE,FALSE,FALSE,528,535,543,11303,11291,11287,15051730,10163337,50.0,0.83
1,1,1,FALSE,FALSE,FALSE,FALSE,FALSE,FALSE,528,535,543,11303,11291,11287,15051730,10163337,50.0,0.83
1,1,1,FALSE,FALSE,FALSE,FALSE,FALSE,FALSE,528,535,543,11303,11291,11287,15051730,10163337,50.0,0.83
1,1,1,FALSE,FALSE,FALSE,FALSE,FALSE,FALSE,528,535,543,11303,11291,11287,15051730,10163337,50.0,0.83
1,1,1,FALSE,FALSE,FALSE,FALSE,FALSE,FALSE,528,535,543,11303,11291,11287,15051730,10163337,50.0,0.83
1,1,1,FALSE,FALSE,FALSE,FALSE,FALSE,FALSE,528,535,543,11303,11291,11287,15051730,10163337,50.0,0.83
1,1,1,FALSE,FALSE,FALSE,FALSE,FALSE,FALSE,528,535,543,11303,11291,11287,15051730,10163337,50.0,0.83
1,1,1,FALSE,FALSE,FALSE,FALSE,FALSE,FALSE,528,535,543,11303,11291,11287,15051730,10163337,50.0,0.83
1,1,1,FALSE,FALSE,FALSE,FALSE,FALSE,FALSE,528,535,543,11303,11291,11287,15051730,10163337,50.0,0.83
1,1,1,FALSE,FALSE,FALSE,FALSE,FALSE,FALSE,528,535,543,11303,11291,11287,15051730,10163337,50.0,0.83
1,1,1,FALSE,FALSE,FALSE,FALSE,FALSE,FALSE,528,535,543,11303,11291,11287,15051730,10163337,50.0,0.83
1,1,1,FALSE,FALSE,FALSE,FALSE,FALSE,FALSE,528,535,543,11303,11291,11287,15051730,10163337,50.0,0.83
1,1,1,FALSE,FALSE,FALSE,FALSE,FALSE,FALSE,528,535,543,11303,11291,11287,15051730,10163337,50.0,0.83
1,1,1,FALSE,FALSE,FALSE,FALSE,FALSE,FALSE,528,535,543,11303,11291,11287,15051730,10163337,50.0,0.83
1,1,1,FALSE,FALSE,FALSE,FALSE,FALSE,FALSE,528,535,543,11303,11291,11287,15051730,10163337,50.0,0.83
1,1,1,FALSE,FALSE,FALSE,FALSE,FALSE,FALSE,528,535,543,11303,11291,11287,15051730,10163337,50.0,0.83
1,1,1,FALSE,FALSE,FALSE,FALSE,FALSE,FALSE,528,535,543,11303,11291,11287,15051730,10163337,50.0,0.83
1,1,1,FALSE,FALSE,FALSE,FALSE,FALSE,FALSE,528,535,543,11303,11291,11287,15051730,10163337,50.0,0.83
1,1,1,FALSE,FALSE,FALSE,FALSE,FALSE,FALSE,528,535,543,11303,11291,11287,15051730,10163337,50.0,0.83
1,1,1,FALSE,FALSE,FALSE,FALSE,FALSE,FALSE,528,535,543,11303,11291,11287,15051730,10163337,50.0,0.83
1,1,1,FALSE,FALSE,FALSE,FALSE,FALSE,FALSE,528,535,543,11303,11291,11287,15051730,10163337,50.0,0.83
1,1,1,FALSE,FALSE,FALSE,FALSE,FALSE,FALSE,528,535,543,11303,11291,11287,15051730,10163337,50.0,0.83
1,1,1,FALSE,FALSE,FALSE,FALSE,FALSE,FALSE,528,535,543,11303,11291,11287,15051730,10163337,50.0,0.83
1,1,1,FALSE,FALSE,FALSE,FALSE,FALSE,FALSE,528,535,543,11303,11291,11287,15051730,10163337,50.0,0.83
1,1,1,FALSE,FALSE,FALSE,FALSE,FALSE,FALSE,528,535,543,11303,11291,11287,15051730,10163337,50.0,0.83
1,1,1,FALSE,FALSE,FALSE,FALSE,FALSE,FALSE,528,535,543,11303,11291,11287,15051730,10163337,50.0,0.83
1,1,1,FALSE,FALSE,FALSE,FALSE,FALSE,FALSE,528,535,543,11303,11291,11287,15051730,10163337,50.0,0.83
1,1,1,FALSE,FALSE,FALSE,FALSE,FALSE,FALSE,528,535,543,11303,11291,11287,15051730,10163337,50.0,0.83
1,1,1,FALSE,FALSE,FALSE,FALSE,FALSE,FALSE,528,535,543,11303,11291,11287,15051730,10163337,50.0,0.83
1,1,1,FALSE,FALSE,FALSE,FALSE,FALSE,FALSE,528,535,543,11303,11291,11287,15051730,10163337,50.0,0.83
1,1,1,FALSE,FALSE,FALSE,FALSE,FALSE,FALSE,528,535,543,11303,11291,11287,15051730,10163337,50.0,0.83
1,1,1,FALSE,FALSE,FALSE,FALSE,FALSE,FALSE,528,535,543,11303,11291,11287,15051730,10163337,50.0,0.83
1,1,1,FALSE,FALSE,FALSE,FALSE,FALSE,FALSE,528,535,543,11303,11291,11287,15051730,10163337,50.0,0.83
1,1,1,FALSE,FALSE,FALSE,FALSE,FALSE,FALSE,528,535,543,11303,11291,11287,15051730,10163337,50.0,0.83
1,1,1,FALSE,FALSE,FALSE,FALSE,FALSE,FALSE,528,535,543,11303,11291,11287,15051730,10163337,50.0,0.83
1,1,1,FALSE,FALSE,FALSE,FALSE,FALSE,FALSE,524,531,539,11386,11378,11376,15050940,10160827,50.0,0.83
1,1,1,FALSE,FALSE,FALSE,FALSE,FALSE,FALSE,524,531,539,11386,11378,11376,15050940,10160827,50.0,0.83
1,1,1,FALSE,FALSE,FALSE,FALSE,FALSE,FALSE,524,531,539,11386,11378,11376,15050940,10160827,50.0,0.83
1,1,1,FALSE,FALSE,FALSE,FALSE,FALSE,FALSE,524,531,539,11386,11378,11376,15050940,10160827,50.0,0.83
1,1,1,FALSE,FALSE,FALSE,FALSE,FALSE,FALSE,524,531,539,11386,11378,11376,15050940,10160827,50.0,0.83
1,1,1,FALSE,FALSE,FALSE,FALSE,FALSE,FALSE,524,531,539,11386,11378,11376,15050940,10160827,50.0,0.83
1,1,1,FALSE,FALSE,FALSE,FALSE,FALSE,FALSE,542,549,557,11384,11376,11374,15698661,10289203,50.0,0.84
1,1,1,FALSE,FALSE,FALSE,FALSE,FALSE,FALSE,542,549,557,11384,11376,11374,15698661,10289203,50.0,0.84
1,1,1,FALSE,FALSE,FALSE,FALSE,FALSE,FALSE,542,549,557,11384,11376,11374,15698661,10289203,50.0,0.84
1,1,1,FALSE,FALSE,FALSE,FALSE,FALSE,FALSE,542,549,557,11384,11376,11374,15698661,10289203,50.0,0.84
1,1,1,FALSE,FALSE,FALSE,FALSE,FALSE,FALSE,542,549,557,11384,11376,11374,15698661,10289203,50.0,0.84
1,1,1,FALSE,FALSE,FALSE,FALSE,FALSE,FALSE,542,549,557,11384,11376,11374,15698661,10289203,50.0,0.84
1,1,1,FALSE,FALSE,FALSE,FALSE,FALSE,FALSE,542,549,557,11384,11376,11374,15698661,10289203,50.0,0.84
1,1,1,FALSE,FALSE,FALSE,FALSE,FALSE,FALSE,542,549,557,11384,11376,11374,15698661,10289203,50.0,0.84
1,1,1,FALSE,FALSE,FALSE,FALSE,FALSE,FALSE,542,549,557,11384,11376,11374,15698661,10289203,50.0,0.84
1,1,1,FALSE,FALSE,FALSE,FALSE,FALSE,FALSE,542,549,557,11384,11376,11374,15698661,10289203,50.0,0.84
1,1,1,FALSE,FALSE,FALSE,FALSE,FALSE,FALSE,542,549,557,11384,11376,11374,15698661,10289203,50.0,0.84
1,1,1,FALSE,FALSE,FALSE,FALSE,FALSE,FALSE,542,549,557,11384,11376,11374,15698661,10289203,50.0,0.84
1,1,1,FALSE,FALSE,FALSE,FALSE,FALSE,FALSE,542,549,557,11384,11376,11374,15698661,10289203,50.0,0.84
1,1,1,FALSE,FALSE,FALSE,FALSE,FALSE,FALSE,542,549,557,11384,11376,11374,15698661,10289203,50.0,0.84
1,1,1,FALSE,FALSE,FALSE,FALSE,FALSE,FALSE,546,553,562,11301,11289,11285,15699506,10291887,50.0,0.84
1,1,1,FALSE,FALSE,FALSE,FALSE,FALSE,FALSE,546,553,562,11301,11289,11285,15699506,10291887,50.0,0.84
1,1,1,FALSE,FALSE,FALSE,FALSE,FALSE,FALSE,546,553,562,11301,11289,11285,15699506,10291887,50.0,0.84
1,1,1,FALSE,FALSE,FALSE,FALSE,FALSE,FALSE,546,553,562,11301,11289,11285,15699506,10291887,50.0,0.84
1,1,1,FALSE,FALSE,FALSE,FALSE,FALSE,FALSE,546,553,562,11301,11289,11285,15699506,10291887,50.0,0.84
1,1,1,FALSE,FALSE,FALSE,FALSE,FALSE,FALSE,546,553,562,11301,11289,11285,15699506,10291887,50.0,0.84
1,1,1,FALSE,FALSE,FALSE,FALSE,FALSE,FALSE,546,553,562,11301,11289,11285,15699506,10291887,50.0,0.84
1,1,1,FALSE,FALSE,FALSE,FALSE,FALSE,FALSE,546,553,562,11301,11289,11285,15699506,10291887,50.0,0.84
1,1,1,FALSE,FALSE,FALSE,FALSE,FALSE,FALSE,546,553,562,11301,11289,11285,15699506,10291887,50.0,0.84
1,1,1,FALSE,FALSE,FALSE,FALSE,FALSE,FALSE,546,553,562,11301,11289,11285,15699506,10291887,50.0,0.84
1,1,1,FALSE,FALSE,FALSE,FALSE,FALSE,FALSE,546,553,562,11301,11289,11285,15699506,10291887,50.0,0.84
1,1,1,FALSE,FALSE,FALSE,FALSE,FALSE,FALSE,546,553,562,11301,11289,11285,15699506,10291887,50.0,0.84
1,1,1,FALSE,FALSE,FALSE,FALSE,FALSE,FALSE,546,553,562,11301,11289,11285,15699506,10291887,50.0,0.84
1,1,1,FALSE,FALSE,FALSE,FALSE,FALSE,FALSE,546,553,562,11301,11289,11285,15699506,10291887,50.0,0.84
1,1,1,FALSE,FALSE,FALSE,FALSE,FALSE,FALSE,546,553,562,11301,11289,11285,15699506,10291887,50.0,0.84
1,1,1,FALSE,FALSE,FALSE,FALSE,FALSE,FALSE,546,553,562,11301,11289,11285,15699506,10291887,50.0,0.84
1,1,1,FALSE,FALSE,FALSE,FALSE,FALSE,FALSE,546,553,562,11301,11289,11285,15699506,10291887,50.0,0.84
1,1,1,FALSE,FALSE,FALSE,FALSE,FALSE,FALSE,546,553,562,11301,11289,11285,15699506,10291887,50.0,0.84
1,1,1,FALSE,FALSE,FALSE,FALSE,FALSE,FALSE,546,553,562,11301,11289,11285,15699506,10291887,50.0,0.84
1,1,1,FALSE,FALSE,FALSE,FALSE,FALSE,FALSE,546,553,562,11301,11289,11285,15699506,10291887,50.0,0.84
1,1,1,FALSE,FALSE,FALSE,FALSE,FALSE,FALSE,546,553,562,11301,11289,11285,15699506,10291887,50.0,0.84
1,1,1,FALSE,FALSE,FALSE,FALSE,FALSE,FALSE,546,553,562,11301,11289,11285,15699506,10291887,50.0,0.84
1,1,1,FALSE,FALSE,FALSE,FALSE,FALSE,FALSE,546,553,562,11301,11289,11285,15699506,10291887,50.0,0.84
1,1,1,FALSE,FALSE,FALSE,FALSE,FALSE,FALSE,546,553,562,11301,11289,11285,15699506,10291887,50.0,0.84
1,1,1,FALSE,FALSE,FALSE,FALSE,FALSE,FALSE,546,553,562,11301,11289,11285,15699506,10291887,50.0,0.84
1,1,1,FALSE,FALSE,FALSE,FALSE,FALSE,FALSE,546,553,562,11301,11289,11285,15699506,10291887,50.0,0.84
1,1,1,FALSE,FALSE,FALSE,FALSE,FALSE,FALSE,546,553,562,11301,11289,11285,15699506,10291887,50.0,0.84
1,1,1,FALSE,FALSE,FALSE,FALSE,FALSE,FALSE,546,553,562,11301,11289,11285,15699506,10291887,50.0,0.84
1,1,1,FALSE,FALSE,FALSE,FALSE,FALSE,FALSE,546,553,562,11301,11289,11285,15699506,10291887,50.0,0.84
1,1,1,FALSE,FALSE,FALSE,FALSE,FALSE,FALSE,546,553,562,11301,11289,11285,15699506,10291887,50.0,0.84
1,1,1,FALSE,FALSE,FALSE,FALSE,FALSE,FALSE,546,553,562,11301,11289,11285,15699506,10291887,50.0,0.84
1,1,1,FALSE,FALSE,FALSE,FALSE,FALSE,FALSE,546,553,562,11301,11289,11285,15699506,10291887,50.0,0.84
1,1,1,FALSE,FALSE,FALSE,FALSE,FALSE,FALSE,546,553,562,11301,11289,11285,15699506,10291887,50.0,0.84
1,1,1,FALSE,FALSE,FALSE,FALSE,FALSE,FALSE,546,553,562,11301,11289,11285,15699506,10291887,50.0,0.84
1,1,1,FALSE,FALSE,FALSE,FALSE,FALSE,FALSE,546,553,562,11301,11289,11285,15699506,10291887,50.0,0.84
1,1,1,FALSE,FALSE,FALSE,FALSE,FALSE,FALSE,546,553,562,11301,11289,11285,15699506,10291887,50.0,0.84
1,1,1,FALSE,FALSE,FALSE,FALSE,FALSE,FALSE,546,553,562,11301,11289,11285,15699506,10291887,50.0,0.84
1,1,1,FALSE,FALSE,FALSE,FALSE,FALSE,FALSE,546,553,562,11301,11289,11285,15699506,10291887,50.0,0.84
1,1,1,FALSE,FALSE,FALSE,FALSE,FALSE,FALSE,546,553,562,11301,11289,11285,15699506,10291887,50.0,0.84
1,1,1,FALSE,FALSE,FALSE,FALSE,FALSE,FALSE,546,553,562,11301,11289,11285,15699506,10291887,50.0,0.84
1,1,1,FALSE,FALSE,FALSE,FALSE,FALSE,FALSE,546,553,562,11301,11289,11285,15699506,10291887,50.0,0.84
1,1,1,FALSE,FALSE,FALSE,FALSE,FALSE,FALSE,546,553,562,11301,11289,11285,15699506,10291887,50.0,0.84
1,1,1,FALSE,FALSE,FALSE,FALSE,FALSE,FALSE,546,553,562,11301,11289,11285,15699506,10291887,50.0,0.84
1,1,1,FALSE,FALSE,FALSE,FALSE,FALSE,FALSE,546,553,562,11301,11289,11285,15699506,10291887,50.0,0.84
1,1,1,FALSE,FALSE,FALSE,FALSE,FALSE,FALSE,546,553,562,11301,11289,11285,15699506,10291887,50.0,0.84
1,1,1,FALSE,FALSE,FALSE,FALSE,FALSE,FALSE,546,553,562,11301,11289,11285,15699506,10291887,50.0,0.84
1,1,1,FALSE,FALSE,FALSE,FALSE,FALSE,FALSE,546,553,562,11301,11289,11285,15699506,10291887,50.0,0.84
1,1,1,FALSE,FALSE,FALSE,FALSE,FALSE,FALSE,546,553,562,11301,11289,11285,15699506,10291887,50.0,0.84
1,1,1,FALSE,FALSE,FALSE,FALSE,FALSE,FALSE,546,553,562,11302,11290,11286,15699496,10291856,50.0,0.84
1,1,1,FALSE,FALSE,FALSE,FALSE,FALSE,FALSE,546,553,562,11302,11290,11286,15699496,10291856,50.0,0.84
1,1,1,FALSE,FALSE,FALSE,FALSE,FALSE,FALSE,546,553,562,11302,11290,11286,15699496,10291856,50.0,0.84
1,1,1,FALSE,FALSE,FALSE,FALSE,FALSE,FALSE,546,553,562,11302,11290,11286,15699496,10291856,50.0,0.84
1,1,1,FALSE,FALSE,FALSE,FALSE,FALSE,FALSE,546,553,562,11302,11290,11286,15699496,10291856,50.0,0.84
1,1,1,FALSE,FALSE,FALSE,FALSE,FALSE,FALSE,544,551,560,11343,11334,11331,15699069,10290500,50.0,0.84
1,1,1,FALSE,FALSE,FALSE,FALSE,FALSE,FALSE,544,551,560,11343,11334,11331,15699069,10290500,50.0,0.84
1,1,1,FALSE,FALSE,FALSE,FALSE,FALSE,FALSE,544,551,560,11343,11334,11331,15699069,10290500,50.0,0.84
1,1,1,FALSE,FALSE,FALSE,FALSE,FALSE,FALSE,546,553,562,11302,11290,11286,15699496,10291856,50.0,0.84
1,1,1,FALSE,FALSE,FALSE,FALSE,FALSE,FALSE,546,553,562,11302,11290,11286,15699496,10291856,50.0,0.84
1,1,1,FALSE,FALSE,FALSE,FALSE,FALSE,FALSE,546,553,562,11302,11290,11286,15699496,10291856,50.0,0.84
1,1,1,FALSE,FALSE,FALSE,FALSE,FALSE,FALSE,546,553,562,11302,11290,11286,15699496,10291856,50.0,0.84
1,1,1,FALSE,FALSE,FALSE,FALSE,FALSE,FALSE,546,553,562,11302,11290,11286,15699496,10291856,50.0,0.84
1,1,1,FALSE,FALSE,FALSE,FALSE,FALSE,FALSE,546,553,562,11302,11290,11286,15699496,10291856,50.0,0.84
1,1,1,FALSE,FALSE,FALSE,FALSE,FALSE,FALSE,544,551,560,11343,11334,11331,15699069,10290500,50.0,0.84
1,1,1,FALSE,FALSE,FALSE,FALSE,FALSE,FALSE,544,551,560,11343,11334,11331,15699069,10290500,50.0,0.84
1,1,1,FALSE,FALSE,FALSE,FALSE,FALSE,FALSE,544,551,560,11343,11334,11331,15699069,10290500,50.0,0.84
1,1,1,FALSE,FALSE,FALSE,FALSE,FALSE,FALSE,546,553,562,11302,11290,11286,15699496,10291856,50.0,0.84
1,1,1,FALSE,FALSE,FALSE,FALSE,FALSE,FALSE,546,553,562,11302,11290,11286,15699496,10291856,50.0,0.84
1,1,1,FALSE,FALSE,FALSE,FALSE,FALSE,FALSE,546,553,562,11302,11290,11286,15699496,10291856,50.0,0.84
1,1,1,FALSE,FALSE,FALSE,FALSE,FALSE,FALSE,546,553,562,11302,11290,11286,15699496,10291856,50.0,0.84
1,1,1,FALSE,FALSE,FALSE,FALSE,FALSE,FALSE,546,553,562,11302,11290,11286,15699496,10291856,50.0,0.84
1,1,1,FALSE,FALSE,FALSE,FALSE,FALSE,FALSE,546,553,562,11302,11290,11286,15699496,10291856,50.0,0.84
1,1,1,FALSE,FALSE,FALSE,FALSE,FALSE,FALSE,546,553,562,11302,11290,11286,15699496,10291856,50.0,0.84
1,1,1,FALSE,FALSE,FALSE,FALSE,FALSE,FALSE,546,553,562,11302,11290,11286,15699496,10291856,50.0,0.84
1,1,1,FALSE,FALSE,FALSE,FALSE,FALSE,FALSE,546,553,562,11302,11290,11286,15699496,10291856,50.0,0.84
1,1,1,FALSE,FALSE,FALSE,FALSE,FALSE,FALSE,546,553,562,11302,11290,11286,15699496,10291856,50.0,0.84
1,1,1,FALSE,FALSE,FALSE,FALSE,FALSE,FALSE,546,553,562,11301,11289,11285,15699506,10291887,50.0,0.84
1,1,1,FALSE,FALSE,FALSE,FALSE,FALSE,FALSE,546,553,562,11301,11289,11285,15699506,10291887,50.0,0.84
1,1,1,FALSE,FALSE,FALSE,FALSE,FALSE,FALSE,546,553,562,11301,11289,11285,15699506,10291887,50.0,0.84
1,1,1,FALSE,FALSE,FALSE,FALSE,FALSE,FALSE,546,553,562,11301,11289,11285,15699506,10291887,50.0,0.84
1,1,1,FALSE,FALSE,FALSE,FALSE,FALSE,FALSE,546,553,562,11301,11289,11285,15699506,10291887,50.0,0.84
1,1,1,FALSE,FALSE,FALSE,FALSE,FALSE,FALSE,546,553,562,11301,11289,11285,15699506,10291887,50.0,0.84
1,1,1,FALSE,FALSE,FALSE,FALSE,FALSE,FALSE,546,553,562,11301,11289,11285,15699506,10291887,50.0,0.84
1,1,1,FALSE,FALSE,FALSE,FALSE,FALSE,FALSE,546,553,562,11301,11289,11285,15699506,10291887,50.0,0.84
1,1,1,FALSE,FALSE,FALSE,FALSE,FALSE,FALSE,546,553,562,11301,11289,11285,15699506,10291887,50.0,0.84
1,1,1,FALSE,FALSE,FALSE,FALSE,FALSE,FALSE,546,553,562,11301,11289,11285,15699506,10291887,50.0,0.84
1,1,1,FALSE,FALSE,FALSE,FALSE,FALSE,FALSE,546,553,562,11301,11289,11285,15699506,10291887,50.0,0.84
1,1,1,FALSE,FALSE,FALSE,FALSE,FALSE,FALSE,546,553,562,11301,11289,11285,15699506,10291887,50.0,0.84
1,1,1,FALSE,FALSE,FALSE,FALSE,FALSE,FALSE,546,553,562,11301,11289,11285,15699506,10291887,50.0,0.84
1,1,1,FALSE,FALSE,FALSE,FALSE,FALSE,FALSE,546,553,562,11301,11289,11285,15699506,10291887,50.0,0.84
1,1,1,FALSE,FALSE,FALSE,FALSE,FALSE,FALSE,546,553,562,11301,11289,11285,15699506,10291887,50.0,0.84
1,1,1,FALSE,FALSE,FALSE,FALSE,FALSE,FALSE,546,553,562,11301,11289,11285,15699506,10291887,50.0,0.84
1,1,1,FALSE,FALSE,FALSE,FALSE,FALSE,FALSE,546,553,562,11301,11289,11285,15699506,10291887,50.0,0.84
1,1,1,FALSE,FALSE,FALSE,FALSE,FALSE,FALSE,546,553,562,11301,11289,11285,15699506,10291887,50.0,0.84
1,1,1,FALSE,FALSE,FALSE,FALSE,FALSE,FALSE,546,553,562,11301,11289,11285,15699506,10291887,50.0,0.84
1,1,1,FALSE,FALSE,FALSE,FALSE,FALSE,FALSE,546,553,562,11301,11289,11285,15699506,10291887,50.0,0.84
1,1,1,FALSE,FALSE,FALSE,FALSE,FALSE,FALSE,546,553,562,11301,11289,11285,15699506,10291887,50.0,0.84
1,1,1,FALSE,FALSE,FALSE,FALSE,FALSE,FALSE,546,553,562,11301,11289,11285,15699506,10291887,50.0,0.84
1,1,1,FALSE,FALSE,FALSE,FALSE,FALSE,FALSE,546,553,562,11301,11289,11285,15699506,10291887,50.0,0.84
1,1,1,FALSE,FALSE,FALSE,FALSE,FALSE,FALSE,546,553,562,11301,11289,11285,15699506,10291887,50.0,0.84
1,1,1,FALSE,FALSE,FALSE,FALSE,FALSE,FALSE,546,553,562,11301,11289,11285,15699506,10291887,50.0,0.84
1,1,1,FALSE,FALSE,FALSE,FALSE,FALSE,FALSE,546,553,562,11301,11289,11285,15699506,10291887,50.0,0.84
1,1,1,FALSE,FALSE,FALSE,FALSE,FALSE,FALSE,546,553,562,11301,11289,11285,15699506,10291887,50.0,0.84
1,1,1,FALSE,FALSE,FALSE,FALSE,FALSE,FALSE,546,553,562,11301,11289,11285,15699506,10291887,50.0,0.84
1,1,1,FALSE,FALSE,FALSE,FALSE,FALSE,FALSE,546,553,562,11301,11289,11285,15699506,10291887,50.0,0.84
1,1,1,FALSE,FALSE,FALSE,FALSE,FALSE,FALSE,546,553,562,11301,11289,11285,15699506,10291887,50.0,0.84
1,1,1,FALSE,FALSE,FALSE,FALSE,FALSE,FALSE,546,553,562,11301,11289,11285,15699506,10291887,50.0,0.84
1,1,1,FALSE,FALSE,FALSE,FALSE,FALSE,FALSE,546,553,562,11301,11289,11285,15699506,10291887,50.0,0.84
1,1,1,FALSE,FALSE,FALSE,FALSE,FALSE,FALSE,546,553,562,11301,11289,11285,15699506,10291887,50.0,0.84
1,1,1,FALSE,FALSE,FALSE,FALSE,FALSE,FALSE,546,553,562,11301,11289,11285,15699506,10291887,50.0,0.84
1,1,1,FALSE,FALSE,FALSE,FALSE,FALSE,FALSE,546,553,562,11301,11289,11285,15699506,10291887,50.0,0.84
1,1,1,FALSE,FALSE,FALSE,FALSE,FALSE,FALSE,546,553,562,11301,11289,11285,15699506,10291887,50.0,0.84
1,1,1,FALSE,FALSE,FALSE,FALSE,FALSE,FALSE,546,553,562,11301,11289,11285,15699506,10291887,50.0,0.84
1,1,1,FALSE,FALSE,FALSE,FALSE,FALSE,FALSE,546,553,562,11301,11289,11285,15699506,10291887,50.0,0.84
1,1,1,FALSE,FALSE,FALSE,FALSE,FALSE,FALSE,546,553,562,11302,11290,11286,15699496,10291856,50.0,0.84
1,1,1,FALSE,FALSE,FALSE,FALSE,FALSE,FALSE,546,553,562,11302,11290,11286,15699496,10291856,50.0,0.84
1,1,1,FALSE,TRUE,FALSE,FALSE,FALSE,FALSE,546,553,562,11302,11290,11286,15699496,10291856,50.0,0.84
0,1,1,FALSE,TRUE,FALSE,FALSE,FALSE,FALSE,546,553,562,11302,11290,11286,15699496,10291856,50.0,0.84
0,1,1,FALSE,TRUE,FALSE,FALSE,FALSE,FALSE,0,0,0,11344,11335,11332,0,0,50.0,0.84
0,1,1,FALSE,TRUE,FALSE,FALSE,FALSE,FALSE,0,0,0,11344,11335,11332,0,0,50.0,0.84
0,1,1,FALSE,FALSE,FALSE,FALSE,FALSE,FALSE,0,0,0,11344,11335,11332,0,0,50.0,0.84
1,1,1,FALSE,FALSE,FALSE,FALSE,FALSE,FALSE,546,553,562,11302,11290,11286,15699496,10291856,50.0,0.84
1,1,1,FALSE,FALSE,FALSE,FALSE,FALSE,FALSE,546,553,562,11302,11290,11286,15699496,10291856,50.0,0.84
1,1,1,FALSE,FALSE,FALSE,FALSE,FALSE,FALSE,546,553,562,11302,11290,11286,15699496,10291856,50.0,0.84
1,1,1,FALSE,FALSE,FALSE,FALSE,FALSE,FALSE,546,553,562,11302,11290,11286,15699496,10291856,50.0,0.84
1,1,1,FALSE,FALSE,FALSE,FALSE,FALSE,FALSE,546,553,562,11302,11290,11286,15699496,10291856,50.0,0.84
1,1,1,FALSE,FALSE,FALSE,FALSE,FALSE,FALSE,546,553,562,11302,11290,11286,15699496,10291856,50.0,0.84
1,1,1,FALSE,FALSE,FALSE,FALSE,FALSE,FALSE,544,551,560,11343,11334,11331,15699069,10290500,50.0,0.84
1,1,1,FALSE,FALSE,FALSE,FALSE,FALSE,FALSE,544,551,560,11343,11334,11331,15699069,10290500,50.0,0.84
1,1,1,FALSE,FALSE,FALSE,FALSE,FALSE,FALSE,544,551,560,11343,11334,11331,15699069,10290500,50.0,0.84
1,1,1,FALSE,FALSE,FALSE,FALSE,FALSE,FALSE,546,553,562,11302,11290,11286,15699496,10291856,50.0,0.84
1,1,1,FALSE,FALSE,FALSE,FALSE,FALSE,FALSE,546,553,562,11302,11290,11286,15699496,10291856,50.0,0.84
1,1,1,FALSE,FALSE,FALSE,FALSE,FALSE,FALSE,546,553,562,11302,11290,11286,15699496,10291856,50.0,0.84
1,1,1,FALSE,FALSE,FALSE,FALSE,FALSE,FALSE,546,553,562,11302,11290,11286,15699496,10291856,50.0,0.84
1,1,1,FALSE,FALSE,FALSE,FALSE,FALSE,FALSE,546,553,562,11302,11290,11286,15699496,10291856,50.0,0.84
1,1,1,FALSE,FALSE,FALSE,FALSE,FALSE,FALSE,546,553,562,11302,11290,11286,15699496,10291856,50.0,0.84
1,1,1,FALSE,FALSE,FALSE,FALSE,FALSE,FALSE,546,553,562,11302,11290,11286,15699496,10291856,50.0,0.84
1,1,1,FALSE,FALSE,FALSE,FALSE,FALSE,FALSE,546,553,562,11302,11290,11286,15699496,10291856,50.0,0.84
1,1,1,FALSE,FALSE,FALSE,FALSE,FALSE,FALSE,546,553,562,11302,11290,11286,15699496,10291856,50.0,0.84
1,1,1,FALSE,FALSE,FALSE,FALSE,FALSE,FALSE,546,553,562,11301,11289,11285,15699506,10291887,50.0,0.84
1,1,1,FALSE,FALSE,FALSE,FALSE,FALSE,FALSE,546,553,562,11301,11289,11285,15699506,10291887,50.0,0.84
1,1,1,FALSE,FALSE,FALSE,FALSE,FALSE,FALSE,546,553,562,11301,11289,11285,15699506,10291887,50.0,0.84
1,1,1,FALSE,FALSE,FALSE,FALSE,FALSE,FALSE,546,553,562,11301,11289,11285,15699506,10291887,50.0,0.84
1,1,1,FALSE,FALSE,FALSE,FALSE,FALSE,FALSE,546,553,562,11301,11289,11285,15699506,10291887,50.0,0.84
1,1,1,FALSE,FALSE,FALSE,FALSE,FALSE,FALSE,546,553,562,11301,11289,11285,15699506,10291887,50.0,0.84
1,1,1,FALSE,FALSE,FALSE,FALSE,FALSE,FALSE,546,553,562,11301,11289,11285,15699506,10291887,50.0,0.84
1,1,1,FALSE,FALSE,FALSE,FALSE,FALSE,FALSE,546,553,562,11301,11289,11285,15699506,10291887,50.0,0.84
1,1,1,FALSE,FALSE,FALSE,FALSE,FALSE,FALSE,546,553,562,11301,11289,11285,15699506,10291887,50.0,0.84
1,1,1,FALSE,FALSE,FALSE,FALSE,FALSE,FALSE,546,553,562,11301,11289,11285,15699506,10291887,50.0,0.84
1,1,1,FALSE,FALSE,FALSE,FALSE,FALSE,FALSE,546,553,562,11301,11289,11285,15699506,10291887,50.0,0.84
1,1,1,FALSE,FALSE,FALSE,FALSE,FALSE,FALSE,546,553,562,11301,11289,11285,15699506,10291887,50.0,0.84
1,1,1,FALSE,FALSE,FALSE,FALSE,FALSE,FALSE,546,553,562,11301,11289,11285,15699506,10291887,50.0,0.84
1,1,1,FALSE,FALSE,FALSE,FALSE,FALSE,FALSE,546,553,562,11301,11289,11285,15699506,10291887,50.0,0.84
1,1,1,FALSE,FALSE,FALSE,FALSE,FALSE,FALSE,546,553,562,11301,11289,11285,15699506,10291887,50.0,0.84
1,1,1,FALSE,FALSE,FALSE,FALSE,FALSE,FALSE,546,553,562,11301,11289,11285,15699506,10291887,50.0,0.84
1,1,1,FALSE,FALSE,FALSE,FALSE,FALSE,FALSE,546,553,562,11301,11289,11285,15699506,10291887,50.0,0.84
1,1,1,FALSE,FALSE,FALSE,FALSE,FALSE,FALSE,546,553,562,11301,11289,11285,15699506,10291887,50.0,0.84
1,1,1,FALSE,FALSE,FALSE,FALSE,FALSE,FALSE,546,553,562,11301,11289,11285,15699506,10291887,50.0,0.84
1,1,1,FALSE,FALSE,FALSE,FALSE,FALSE,FALSE,546,553,562,11301,11289,11285,15699506,10291887,50.0,0.84
1,1,1,FALSE,FALSE,FALSE,FALSE,FALSE,FALSE,546,553,562,11301,11289,11285,15699506,10291887,50.0,0.84
1,1,1,FALSE,FALSE,FALSE,FALSE,FALSE,FALSE,546,553,562,11301,11289,11285,15699506,10291887,50.0,0.84
1,1,1,FALSE,FALSE,FALSE,FALSE,FALSE,FALSE,546,553,562,11301,11289,11285,15699506,10291887,50.0,0.84
1,1,1,FALSE,FALSE,FALSE,FALSE,FALSE,FALSE,546,553,562,11301,11289,11285,15699506,10291887,50.0,0.84
1,1,1,FALSE,FALSE,FALSE,FALSE,FALSE,FALSE,546,553,562,11301,11289,11285,15699506,10291887,50.0,0.84
1,1,1,FALSE,FALSE,FALSE,FALSE,FALSE,FALSE,546,553,562,11301,11289,11285,15699506,10291887,50.0,0.84
1,1,1,FALSE,FALSE,FALSE,FALSE,FALSE,FALSE,546,553,562,11301,11289,11285,15699506,10291887,50.0,0.84
1,1,1,FALSE,FALSE,FALSE,FALSE,FALSE,FALSE,546,553,562,11301,11289,11285,15699506,10291887,50.0,0.84
1,1,1,FALSE,FALSE,FALSE,FALSE,FALSE,FALSE,546,553,562,11301,11289,11285,15699506,10291887,50.0,0.84
1,1,1,FALSE,FALSE,FALSE,FALSE,FALSE,FALSE,546,553,562,11301,11289,11285,15699506,10291887,50.0,0.84
1,1,1,FALSE,FALSE,FALSE,FALSE,FALSE,FALSE,546,553,562,11301,11289,11285,15699506,10291887,50.0,0.84
1,1,1,FALSE,FALSE,FALSE,FALSE,FALSE,FALSE,546,553,562,11301,11289,11285,15699506,10291887,50.0,0.84
1,1,1,FALSE,FALSE,FALSE,FALSE,FALSE,FALSE,546,553,562,11301,11289,11285,15699506,10291887,50.0,0.84
1,1,1,FALSE,FALSE,FALSE,FALSE,FALSE,FALSE,546,553,562,11301,11289,11285,15699506,10291887,50.0,0.84
1,1,1,FALSE,FALSE,FALSE,FALSE,FALSE,FALSE,546,553,562,11301,11289,11285,15699506,10291887,50.0,0.84
1,1,1,FALSE,FALSE,FALSE,FALSE,FALSE,FALSE,546,553,562,11301,11289,11285,15699506,10291887,50.0,0.84
1,1,1,FALSE,FALSE,FALSE,FALSE,FALSE,FALSE,546,553,562,11301,11289,11285,15699506,10291887,50.0,0.84
1,1,1,FALSE,FALSE,FALSE,FALSE,FALSE,FALSE,546,553,562,11301,11289,11285,15699506,10291887,50.0,0.84
1,1,1,FALSE,FALSE,FALSE,FALSE,FALSE,FALSE,546,553,562,11301,11289,11285,15699506,10291887,50.0,0.84
1,1,1,FALSE,FALSE,FALSE,FALSE,FALSE,FALSE,546,553,562,11301,11289,11285,15699506,10291887,50.0,0.84
1,1,1,FALSE,FALSE,FALSE,FALSE,FALSE,FALSE,546,553,562,11301,11289,11285,15699506,10291887,50.0,0.84
1,1,1,FALSE,FALSE,FALSE,FALSE,FALSE,FALSE,546,553,562,11301,11289,11285,15699506,10291887,50.0,0.84
1,1,1,FALSE,FALSE,FALSE,FALSE,FALSE,FALSE,546,553,562,11301,11289,11285,15699506,10291887,50.0,0.84
1,1,1,FALSE,FALSE,FALSE,FALSE,FALSE,FALSE,546,553,562,11301,11289,11285,15699506,10291887,50.0,0.84
1,1,1,FALSE,FALSE,FALSE,FALSE,FALSE,FALSE,546,553,562,11301,11289,11285,15699506,10291887,50.0,0.84
1,1,1,FALSE,FALSE,FALSE,FALSE,FALSE,FALSE,546,553,562,11301,11289,11285,15699506,10291887,50.0,0.84
1,1,1,FALSE,FALSE,FALSE,FALSE,FALSE,FALSE,546,553,562,11301,11289,11285,15699506,10291887,50.0,0.84
1,1,1,FALSE,FALSE,FALSE,FALSE,FALSE,FALSE,546,553,562,11301,11289,11285,15699506,10291887,50.0,0.84
1,1,1,FALSE,FALSE,FALSE,FALSE,FALSE,FALSE,546,553,562,11301,11289,11285,15699506,10291887,50.0,0.84
1,1,1,FALSE,FALSE,FALSE,FALSE,FALSE,FALSE,546,553,562,11301,11289,11285,15699506,10291887,50.0,0.84
1,1,1,FALSE,FALSE,FALSE,FALSE,FALSE,FALSE,546,553,562,11301,11289,11285,15699506,10291887,50.0,0.84
1,1,1,FALSE,FALSE,FALSE,FALSE,FALSE,FALSE,546,553,562,11301,11289,11285,15699506,10291887,50.0,0.84
1,1,1,FALSE,FALSE,FALSE,FALSE,FALSE,FALSE,546,553,562,11301,11289,11285,15699506,10291887,50.0,0.84
1,1,1,FALSE,FALSE,FALSE,FALSE,FALSE,FALSE,546,553,562,11301,11289,11285,15699506,10291887,50.0,0.84
1,1,1,FALSE,FALSE,FALSE,FALSE,FALSE,FALSE,546,553,562,11301,11289,11285,15699506,10291887,50.0,0.84
1,1,1,FALSE,FALSE,FALSE,FALSE,FALSE,FALSE,546,553,562,11301,11289,11285,15699506,10291887,50.0,0.84
1,1,1,FALSE,FALSE,FALSE,FALSE,FALSE,FALSE,546,553,562,11301,11289,11285,15699506,10291887,50.0,0.84
1,1,1,FALSE,FALSE,FALSE,FALSE,FALSE,FALSE,546,553,562,11301,11289,11285,15699506,10291887,50.0,0.84
1,1,1,FALSE,FALSE,FALSE,FALSE,FALSE,FALSE,546,553,562,11301,11289,11285,15699506,10291887,50.0,0.84
1,1,1,FALSE,FALSE,FALSE,FALSE,FALSE,FALSE,546,553,562,11301,11289,11285,15699506,10291887,50.0,0.84
1,1,1,FALSE,FALSE,FALSE,FALSE,FALSE,FALSE,546,553,562,11301,11289,11285,15699506,10291887,50.0,0.84
1,1,1,FALSE,FALSE,FALSE,FALSE,FALSE,FALSE,546,553,562,11301,11289,11285,15699506,10291887,50.0,0.84
1,1,1,FALSE,FALSE,FALSE,FALSE,FALSE,FALSE,546,553,562,11301,11289,11285,15699506,10291887,50.0,0.84
1,1,1,FALSE,FALSE,FALSE,FALSE,FALSE,FALSE,546,553,562,11301,11289,11285,15699506,10291887,50.0,0.84
1,1,1,FALSE,FALSE,FALSE,FALSE,FALSE,FALSE,546,553,562,11301,11289,11285,15699506,10291887,50.0,0.84
1,1,1,FALSE,FALSE,FALSE,FALSE,FALSE,FALSE,546,553,562,11301,11289,11285,15699506,10291887,50.0,0.84
1,1,1,FALSE,FALSE,FALSE,FALSE,FALSE,FALSE,546,553,562,11301,11289,11285,15699506,10291887,50.0,0.84
1,1,1,FALSE,FALSE,FALSE,FALSE,FALSE,FALSE,546,553,562,11301,11289,11285,15699506,10291887,50.0,0.84
1,1,1,FALSE,FALSE,FALSE,FALSE,FALSE,FALSE,546,553,562,11301,11289,11285,15699506,10291887,50.0,0.84
1,1,1,FALSE,FALSE,FALSE,FALSE,FALSE,FALSE,546,553,562,11301,11289,11285,15699506,10291887,50.0,0.84
1,1,1,FALSE,FALSE,FALSE,FALSE,FALSE,FALSE,546,553,562,11301,11289,11285,15699506,10291887,50.0,0.84
1,1,1,FALSE,FALSE,FALSE,FALSE,FALSE,FALSE,546,553,562,11301,11289,11285,15699506,10291887,50.0,0.84
1,1,1,FALSE,FALSE,FALSE,FALSE,FALSE,FALSE,546,553,562,11301,11289,11285,15699506,10291887,50.0,0.84
1,1,1,FALSE,FALSE,FALSE,FALSE,FALSE,FALSE,546,553,562,11301,11289,11285,15699506,10291887,50.0,0.84
1,1,1,FALSE,FALSE,FALSE,FALSE,FALSE,FALSE,546,553,562,11301,11289,11285,15699506,10291887,50.0,0.84
1,1,1,FALSE,FALSE,FALSE,FALSE,FALSE,FALSE,546,553,562,11301,11289,11285,15699506,10291887,50.0,0.84
1,1,1,FALSE,FALSE,FALSE,FALSE,FALSE,FALSE,546,553,562,11301,11289,11285,15699506,10291887,50.0,0.84
1,1,1,FALSE,FALSE,FALSE,FALSE,FALSE,FALSE,546,553,562,11301,11289,11285,15699506,10291887,50.0,0.84
1,1,1,FALSE,FALSE,FALSE,FALSE,FALSE,FALSE,546,553,562,11301,11289,11285,15699506,10291887,50.0,0.84
1,1,1,FALSE,FALSE,FALSE,FALSE,FALSE,FALSE,546,553,562,11301,11289,11285,15699506,10291887,50.0,0.84
1,1,1,FALSE,FALSE,FALSE,FALSE,FALSE,FALSE,546,553,562,11301,11289,11285,15699506,10291887,50.0,0.84
1,1,1,FALSE,FALSE,FALSE,FALSE,FALSE,FALSE,546,553,562,11301,11289,11285,15699506,10291887,50.0,0.84
1,1,1,FALSE,FALSE,FALSE,FALSE,FALSE,FALSE,546,553,562,11301,11289,11285,15699506,10291887,50.0,0.84
1,1,1,FALSE,FALSE,FALSE,FALSE,FALSE,FALSE,546,553,562,11301,11289,11285,15699506,10291887,50.0,0.84
1,1,1,FALSE,FALSE,FALSE,FALSE,FALSE,FALSE,546,553,562,11301,11289,11285,15699506,10291887,50.0,0.84
1,1,1,FALSE,FALSE,FALSE,FALSE,FALSE,FALSE,546,553,562,11301,11289,11285,15699506,10291887,50.0,0.84
1,1,1,FALSE,FALSE,FALSE,FALSE,FALSE,FALSE,546,553,562,11301,11289,11285,15699506,10291887,50.0,0.84
1,1,1,FALSE,FALSE,FALSE,FALSE,FALSE,FALSE,546,553,562,11301,11289,11285,15699506,10291887,50.0,0.84
1,1,1,FALSE,FALSE,FALSE,FALSE,FALSE,FALSE,546,553,562,11301,11289,11285,15699506,10291887,50.0,0.84
1,1,1,FALSE,FALSE,FALSE,FALSE,FALSE,FALSE,546,553,562,11301,11289,11285,15699506,10291887,50.0,0.84
1,1,1,FALSE,FALSE,FALSE,FALSE,FALSE,FALSE,546,553,562,11301,11289,11285,15699506,10291887,50.0,0.84
1,1,1,FALSE,FALSE,FALSE,FALSE,FALSE,FALSE,546,553,562,11301,11289,11285,15699506,10291887,50.0,0.84
1,1,1,FALSE,FALSE,FALSE,FALSE,FALSE,FALSE,546,553,562,11301,11289,11285,15699506,10291887,50.0,0.84
1,1,1,FALSE,FALSE,FALSE,FALSE,FALSE,FALSE,546,553,562,11301,11289,11285,15699506,10291887,50.0,0.84
1,1,1,FALSE,FALSE,FALSE,FALSE,FALSE,FALSE,546,553,562,11301,11289,11285,15699506,10291887,50.0,0.84
1,1,1,FALSE,FALSE,FALSE,FALSE,FALSE,FALSE,546,553,562,11301,11289,11285,15699506,10291887,50.0,0.84
1,1,1,FALSE,FALSE,FALSE,FALSE,FALSE,FALSE,546,553,562,11301,11289,11285,15699506,10291887,50.0,0.84
1,1,1,FALSE,FALSE,FALSE,FALSE,FALSE,FALSE,546,553,562,11301,11289,11285,15699506,10291887,50.0,0.84
1,1,1,FALSE,FALSE,FALSE,FALSE,FALSE,FALSE,546,553,562,11301,11289,11285,15699506,10291887,50.0,0.84
1,1,1,FALSE,FALSE,FALSE,FALSE,FALSE,FALSE,546,553,562,11301,11289,11285,15699506,10291887,50.0,0.84
1,1,1,FALSE,FALSE,FALSE,FALSE,FALSE,FALSE,546,553,562,11301,11289,11285,15699506,10291887,50.0,0.84
1,1,1,FALSE,FALSE,FALSE,FALSE,FALSE,FALSE,546,553,562,11301,11289,11285,15699506,10291887,50.0,0.84
1,1,1,FALSE,FALSE,FALSE,FALSE,FALSE,FALSE,546,553,562,11301,11289,11285,15699506,10291887,50.0,0.84
1,1,1,FALSE,FALSE,FALSE,FALSE,FALSE,FALSE,546,553,562,11301,11289,11285,15699506,10291887,50.0,0.84
1,1,1,FALSE,FALSE,FALSE,FALSE,FALSE,FALSE,546,553,562,11301,11289,11285,15699506,10291887,50.0,0.84
1,1,1,FALSE,FALSE,FALSE,FALSE,FALSE,FALSE,546,553,562,11301,11289,11285,15699506,10291887,50.0,0.84
1,1,1,FALSE,FALSE,FALSE,FALSE,FALSE,FALSE,546,553,562,11301,11289,11285,15699506,10291887,50.0,0.84
1,1,1,FALSE,FALSE,FALSE,FALSE,FALSE,FALSE,546,553,562,11301,11289,11285,15699506,10291887,50.0,0.84
1,1,1,FALSE,FALSE,FALSE,FALSE,FALSE,FALSE,546,553,562,11301,11289,11285,15699506,10291887,50.0,0.84
1,1,1,FALSE,FALSE,FALSE,FALSE,FALSE,FALSE,546,553,562,11301,11289,11285,15699506,10291887,50.0,0.84
1,1,1,FALSE,FALSE,FALSE,FALSE,FALSE,FALSE,546,553,562,11301,11289,11285,15699506,10291887,50.0,0.84
1,1,1,FALSE,FALSE,FALSE,FALSE,FALSE,FALSE,546,553,562,11301,11289,11285,15699506,10291887,50.0,0.84
1,1,1,FALSE,FALSE,FALSE,FALSE,FALSE,FALSE,546,553,562,11301,11289,11285,15699506,10291887,50.0,0.84
1,1,1,FALSE,FALSE,FALSE,FALSE,FALSE,FALSE,546,553,562,11301,11289,11285,15699506,10291887,50.0,0.84
1,1,1,FALSE,FALSE,FALSE,FALSE,FALSE,FALSE,546,553,562,11301,11289,11285,15699506,10291887,50.0,0.84
1,1,1,FALSE,FALSE,FALSE,FALSE,FALSE,FALSE,546,553,562,11301,11289,11285,15699506,10291887,50.0,0.84
1,1,1,FALSE,FALSE,FALSE,FALSE,FALSE,FALSE,546,553,562,11301,11289,11285,15699506,10291887,50.0,0.84
1,1,1,FALSE,FALSE,FALSE,FALSE,FALSE,FALSE,546,553,562,11301,11289,11285,15699506,10291887,50.0,0.84
1,1,1,FALSE,FALSE,FALSE,FALSE,FALSE,FALSE,546,553,562,11301,11289,11285,15699506,10291887,50.0,0.84
1,1,1,FALSE,FALSE,FALSE,FALSE,FALSE,FALSE,546,553,562,11301,11289,11285,15699506,10291887,50.0,0.84
1,1,1,FALSE,FALSE,FALSE,FALSE,FALSE,FALSE,546,553,562,11301,11289,11285,15699506,10291887,50.0,0.84
1,1,1,FALSE,FALSE,FALSE,FALSE,FALSE,FALSE,546,553,562,11301,11289,11285,15699506,10291887,50.0,0.84
1,1,1,FALSE,FALSE,FALSE,FALSE,FALSE,FALSE,546,553,562,11301,11289,11285,15699506,10291887,50.0,0.84
1,1,1,FALSE,FALSE,FALSE,FALSE,FALSE,FALSE,546,553,562,11301,11289,11285,15699506,10291887,50.0,0.84
1,1,1,FALSE,FALSE,FALSE,FALSE,FALSE,FALSE,546,553,562,11301,11289,11285,15699506,10291887,50.0,0.84
1,1,1,FALSE,FALSE,FALSE,FALSE,FALSE,FALSE,546,553,562,11301,11289,11285,15699506,10291887,50.0,0.84
1,1,1,FALSE,FALSE,FALSE,FALSE,FALSE,FALSE,546,553,562,11301,11289,11285,15699506,10291887,50.0,0.84
1,1,1,FALSE,FALSE,FALSE,FALSE,FALSE,FALSE,546,553,562,11301,11289,11285,15699506,10291887,50.0,0.84
1,1,1,FALSE,FALSE,FALSE,FALSE,FALSE,FALSE,546,553,562,11301,11289,11285,15699506,10291887,50.0,0.84
1,1,1,FALSE,FALSE,FALSE,FALSE,FALSE,FALSE,546,553,562,11301,11289,11285,15699506,10291887,50.0,0.84
1,1,1,FALSE,FALSE,FALSE,FALSE,FALSE,FALSE,546,553,562,11301,11289,11285,15699506,10291887,50.0,0.84
1,1,1,FALSE,FALSE,FALSE,FALSE,FALSE,FALSE,546,553,562,11301,11289,11285,15699506,10291887,50.0,0.84
1,1,1,FALSE,FALSE,FALSE,FALSE,FALSE,FALSE,546,553,562,11301,11289,11285,15699506,10291887,50.0,0.84
1,1,1,FALSE,FALSE,FALSE,FALSE,FALSE,FALSE,546,553,562,11301,11289,11285,15699506,10291887,50.0,0.84
1,1,1,FALSE,FALSE,FALSE,FALSE,FALSE,FALSE,546,553,562,11301,11289,11285,15699506,10291887,50.0,0.84
1,1,1,FALSE,FALSE,FALSE,FALSE,FALSE,FALSE,546,553,562,11301,11289,11285,15699506,10291887,50.0,0.84
1,1,1,FALSE,FALSE,FALSE,FALSE,FALSE,FALSE,546,553,562,11301,11289,11285,15699506,10291887,50.0,0.84
1,1,1,FALSE,FALSE,FALSE,FALSE,FALSE,FALSE,546,553,562,11301,11289,11285,15699506,10291887,50.0,0.84
1,1,1,FALSE,FALSE,FALSE,FALSE,FALSE,FALSE,546,553,562,11301,11289,11285,15699506,10291887,50.0,0.84
1,1,1,FALSE,FALSE,FALSE,FALSE,FALSE,FALSE,546,553,562,11301,11289,11285,15699506,10291887,50.0,0.84
1,1,1,FALSE,FALSE,FALSE,FALSE,FALSE,FALSE,546,553,562,11301,11289,11285,15699506,10291887,50.0,0.84
1,1,1,FALSE,FALSE,FALSE,FALSE,FALSE,FALSE,546,553,562,11301,11289,11285,15699506,10291887,50.0,0.84
1,1,1,FALSE,FALSE,FALSE,FALSE,FALSE,FALSE,546,553,562,11301,11289,11285,15699506,10291887,50.0,0.84
1,1,1,FALSE,FALSE,FALSE,FALSE,FALSE,FALSE,546,553,562,11301,11289,11285,15699506,10291887,50.0,0.84
1,1,1,FALSE,FALSE,FALSE,FALSE,FALSE,FALSE,546,553,562,11301,11289,11285,15699506,10291887,50.0,0.84
1,1,1,FALSE,FALSE,FALSE,FALSE,FALSE,FALSE,546,553,562,11301,11289,11285,15699506,10291887,50.0,0.84
1,1,1,FALSE,FALSE,FALSE,FALSE,FALSE,FALSE,546,553,562,11301,11289,11285,15699506,10291887,50.0,0.84
1,1,1,FALSE,FALSE,FALSE,FALSE,FALSE,FALSE,546,553,562,11301,11289,11285,15699506,10291887,50.0,0.84
1,1,1,FALSE,FALSE,FALSE,FALSE,FALSE,FALSE,546,553,562,11301,11289,11285,15699506,10291887,50.0,0.84
1,1,1,FALSE,FALSE,FALSE,FALSE,FALSE,FALSE,546,553,562,11301,11289,11285,15699506,10291887,50.0,0.84
1,1,1,FALSE,FALSE,FALSE,FALSE,FALSE,FALSE,546,553,562,11301,11289,11285,15699506,10291887,50.0,0.84
1,1,1,FALSE,FALSE,FALSE,FALSE,FALSE,FALSE,546,553,562,11301,11289,11285,15699506,10291887,50.0,0.84
1,1,1,FALSE,FALSE,FALSE,FALSE,FALSE,FALSE,546,553,562,11301,11289,11285,15699506,10291887,50.0,0.84
1,1,1,FALSE,FALSE,FALSE,FALSE,FALSE,FALSE,546,553,562,11301,11289,11285,15699506,10291887,50.0,0.84
1,1,1,FALSE,FALSE,FALSE,FALSE,FALSE,FALSE,546,553,562,11301,11289,11285,15699506,10291887,50.0,0.84
1,1,1,FALSE,FALSE,FALSE,FALSE,FALSE,FALSE,546,553,562,11301,11289,11285,15699506,10291887,50.0,0.84
1,1,1,FALSE,FALSE,FALSE,FALSE,FALSE,FALSE,546,553,562,11301,11289,11285,15699506,10291887,50.0,0.84
1,1,1,FALSE,FALSE,FALSE,FALSE,FALSE,FALSE,546,553,562,11301,11289,11285,15699506,10291887,50.0,0.84
1,1,1,FALSE,FALSE,FALSE,FALSE,FALSE,FALSE,546,553,562,11301,11289,11285,15699506,10291887,50.0,0.84
1,1,1,FALSE,FALSE,FALSE,FALSE,FALSE,FALSE,546,553,562,11301,11289,11285,15699506,10291887,50.0,0.84
1,1,1,FALSE,FALSE,FALSE,FALSE,FALSE,FALSE,546,553,562,11301,11289,11285,15699506,10291887,50.0,0.84
1,1,1,FALSE,FALSE,FALSE,FALSE,FALSE,FALSE,546,553,562,11301,11289,11285,15699506,10291887,50.0,0.84
1,1,1,FALSE,FALSE,FALSE,FALSE,FALSE,FALSE,546,553,562,11301,11289,11285,15699506,10291887,50.0,0.84
1,1,1,FALSE,FALSE,FALSE,FALSE,FALSE,FALSE,546,553,562,11301,11289,11285,15699506,10291887,50.0,0.84
1,1,1,FALSE,FALSE,FALSE,FALSE,FALSE,FALSE,546,553,562,11301,11289,11285,15699506,10291887,50.0,0.84
1,1,1,FALSE,FALSE,FALSE,FALSE,FALSE,FALSE,546,553,562,11301,11289,11285,15699506,10291887,50.0,0.84
1,1,1,FALSE,FALSE,FALSE,FALSE,FALSE,FALSE,546,553,562,11301,11289,11285,15699506,10291887,50.0,0.84
1,1,1,FALSE,FALSE,FALSE,FALSE,FALSE,FALSE,546,553,562,11301,11289,11285,15699506,10291887,50.0,0.84
1,1,1,FALSE,FALSE,FALSE,FALSE,FALSE,FALSE,546,553,562,11301,11289,11285,15699506,10291887,50.0,0.84
1,1,1,FALSE,FALSE,FALSE,FALSE,FALSE,FALSE,546,553,562,11301,11289,11285,15699506,10291887,50.0,0.84
1,1,1,FALSE,FALSE,FALSE,FALSE,FALSE,FALSE,546,553,562,11301,11289,11285,15699506,10291887,50.0,0.84
1,1,1,FALSE,FALSE,FALSE,FALSE,FALSE,FALSE,546,553,562,11301,11289,11285,15699506,10291887,50.0,0.84
1,1,1,FALSE,FALSE,FALSE,FALSE,FALSE,FALSE,546,553,562,11301,11289,11285,15699506,10291887,50.0,0.84
1,1,1,FALSE,FALSE,FALSE,FALSE,FALSE,FALSE,546,553,562,11301,11289,11285,15699506,10291887,50.0,0.84
1,1,1,FALSE,FALSE,FALSE,FALSE,FALSE,FALSE,546,553,562,11301,11289,11285,15699506,10291887,50.0,0.84
1,1,1,FALSE,FALSE,FALSE,FALSE,FALSE,FALSE,546,553,562,11301,11289,11285,15699506,10291887,50.0,0.84
1,1,1,FALSE,FALSE,FALSE,FALSE,FALSE,FALSE,546,553,562,11301,11289,11285,15699506,10291887,50.0,0.84
1,1,1,FALSE,FALSE,FALSE,FALSE,FALSE,FALSE,546,553,562,11301,11289,11285,15699506,10291887,50.0,0.84
1,1,1,FALSE,FALSE,FALSE,FALSE,FALSE,FALSE,546,553,562,11301,11289,11285,15699506,10291887,50.0,0.84
1,1,1,FALSE,FALSE,FALSE,FALSE,FALSE,FALSE,546,553,562,11301,11289,11285,15699506,10291887,50.0,0.84
1,1,1,FALSE,FALSE,FALSE,FALSE,FALSE,FALSE,546,553,562,11301,11289,11285,15699506,10291887,50.0,0.84
1,1,1,FALSE,FALSE,FALSE,FALSE,FALSE,FALSE,546,553,562,11301,11289,11285,15699506,10291887,50.0,0.84
1,1,1,FALSE,FALSE,FALSE,FALSE,FALSE,FALSE,546,553,562,11301,11289,11285,15699506,10291887,50.0,0.84
1,1,1,FALSE,FALSE,FALSE,FALSE,FALSE,FALSE,546,553,562,11301,11289,11285,15699506,10291887,50.0,0.84
1,1,1,FALSE,FALSE,FALSE,FALSE,FALSE,FALSE,546,553,562,11301,11289,11285,15699506,10291887,50.0,0.84
1,1,1,FALSE,FALSE,FALSE,FALSE,FALSE,FALSE,546,553,562,11301,11289,11285,15699506,10291887,50.0,0.84
1,1,1,FALSE,FALSE,FALSE,FALSE,FALSE,FALSE,546,553,562,11301,11289,11285,15699506,10291887,50.0,0.84
1,1,1,FALSE,FALSE,FALSE,FALSE,FALSE,FALSE,546,553,562,11301,11289,11285,15699506,10291887,50.0,0.84
1,1,1,FALSE,FALSE,FALSE,FALSE,FALSE,FALSE,546,553,562,11301,11289,11285,15699506,10291887,50.0,0.84
1,1,1,FALSE,FALSE,FALSE,FALSE,FALSE,FALSE,546,553,562,11301,11289,11285,15699506,10291887,50.0,0.84
1,1,1,FALSE,FALSE,FALSE,FALSE,FALSE,FALSE,546,553,562,11301,11289,11285,15699506,10291887,50.0,0.84
1,1,1,FALSE,FALSE,FALSE,FALSE,FALSE,FALSE,546,553,562,11301,11289,11285,15699506,10291887,50.0,0.84
1,1,1,FALSE,FALSE,FALSE,FALSE,FALSE,FALSE,546,553,562,11301,11289,11285,15699506,10291887,50.0,0.84
1,1,1,FALSE,FALSE,FALSE,FALSE,FALSE,FALSE,546,553,562,11301,11289,11285,15699506,10291887,50.0,0.84
1,1,1,FALSE,FALSE,FALSE,FALSE,FALSE,FALSE,546,553,562,11301,11289,11285,15699506,10291887,50.0,0.84
1,1,1,FALSE,FALSE,FALSE,FALSE,FALSE,FALSE,546,553,562,11301,11289,11285,15699506,10291887,50.0,0.84
1,1,1,FALSE,FALSE,FALSE,FALSE,FALSE,FALSE,546,553,562,11301,11289,11285,15699506,10291887,50.0,0.84
1,1,1,FALSE,FALSE,FALSE,FALSE,FALSE,FALSE,546,553,562,11301,11289,11285,15699506,10291887,50.0,0.84
1,1,1,FALSE,FALSE,FALSE,FALSE,FALSE,FALSE,546,553,562,11301,11289,11285,15699506,10291887,50.0,0.84
1,1,1,FALSE,FALSE,FALSE,FALSE,FALSE,FALSE,546,553,562,11301,11289,11285,15699506,10291887,50.0,0.84
1,1,1,FALSE,FALSE,FALSE,FALSE,FALSE,FALSE,546,553,562,11301,11289,11285,15699506,10291887,50.0,0.84
1,1,1,FALSE,FALSE,FALSE,FALSE,FALSE,FALSE,546,553,562,11301,11289,11285,15699506,10291887,50.0,0.84
1,1,1,FALSE,FALSE,FALSE,FALSE,FALSE,FALSE,546,553,562,11301,11289,11285,15699506,10291887,50.0,0.84
1,1,1,FALSE,FALSE,FALSE,FALSE,FALSE,FALSE,546,553,562,11301,11289,11285,15699506,10291887,50.0,0.84
1,1,1,FALSE,FALSE,FALSE,FALSE,FALSE,FALSE,546,553,562,11301,11289,11285,15699506,10291887,50.0,0.84
1,1,1,FALSE,FALSE,FALSE,FALSE,FALSE,FALSE,546,553,562,11301,11289,11285,15699506,10291887,50.0,0.84
1,1,1,FALSE,FALSE,FALSE,FALSE,FALSE,FALSE,546,553,562,11301,11289,11285,15699506,10291887,50.0,0.84
1,1,1,FALSE,FALSE,FALSE,FALSE,FALSE,FALSE,546,553,562,11301,11289,11285,15699506,10291887,50.0,0.84
1,1,1,FALSE,FALSE,FALSE,FALSE,FALSE,FALSE,546,553,562,11301,11289,11285,15699506,10291887,50.0,0.84
1,1,1,FALSE,FALSE,FALSE,FALSE,FALSE,FALSE,546,553,562,11301,11289,11285,15699506,10291887,50.0,0.84
1,1,1,FALSE,FALSE,FALSE,FALSE,FALSE,FALSE,546,553,562,11301,11289,11285,15699506,10291887,50.0,0.84
1,1,1,FALSE,FALSE,FALSE,FALSE,FALSE,FALSE,546,553,562,11301,11289,11285,15699506,10291887,50.0,0.84
1,1,1,FALSE,FALSE,FALSE,FALSE,FALSE,FALSE,546,553,562,11301,11289,11285,15699506,10291887,50.0,0.84
1,1,1,FALSE,FALSE,FALSE,FALSE,FALSE,FALSE,546,553,562,11301,11289,11285,15699506,10291887,50.0,0.84
1,1,1,FALSE,FALSE,FALSE,FALSE,FALSE,FALSE,546,553,562,11301,11289,11285,15699506,10291887,50.0,0.84
1,1,1,FALSE,FALSE,FALSE,FALSE,FALSE,FALSE,546,553,562,11301,11289,11285,15699506,10291887,50.0,0.84
1,1,1,FALSE,FALSE,FALSE,FALSE,FALSE,FALSE,546,553,562,11301,11289,11285,15699506,10291887,50.0,0.84
1,1,1,FALSE,FALSE,FALSE,FALSE,FALSE,FALSE,546,553,562,11301,11289,11285,15699506,10291887,50.0,0.84
1,1,1,FALSE,FALSE,FALSE,FALSE,FALSE,FALSE,546,553,562,11301,11289,11285,15699506,10291887,50.0,0.84
1,1,1,FALSE,FALSE,FALSE,FALSE,FALSE,FALSE,546,553,562,11301,11289,11285,15699506,10291887,50.0,0.84
1,1,1,FALSE,FALSE,FALSE,FALSE,FALSE,FALSE,546,553,562,11301,11289,11285,15699506,10291887,50.0,0.84
1,1,1,FALSE,FALSE,FALSE,FALSE,FALSE,FALSE,546,553,562,11301,11289,11285,15699506,10291887,50.0,0.84
1,1,1,FALSE,FALSE,FALSE,FALSE,FALSE,FALSE,546,553,562,11301,11289,11285,15699506,10291887,50.0,0.84
1,1,1,FALSE,FALSE,FALSE,FALSE,FALSE,FALSE,546,553,562,11301,11289,11285,15699506,10291887,50.0,0.84
1,1,1,FALSE,FALSE,FALSE,FALSE,FALSE,FALSE,546,553,562,11301,11289,11285,15699506,10291887,50.0,0.84
1,1,1,FALSE,FALSE,FALSE,FALSE,FALSE,FALSE,546,553,562,11301,11289,11285,15699506,10291887,50.0,0.84
1,1,1,FALSE,FALSE,FALSE,FALSE,FALSE,FALSE,546,553,562,11301,11289,11285,15699506,10291887,50.0,0.84
1,1,1,FALSE,FALSE,FALSE,FALSE,FALSE,FALSE,546,553,562,11301,11289,11285,15699506,10291887,50.0,0.84
1,1,1,FALSE,FALSE,FALSE,FALSE,FALSE,FALSE,546,553,562,11301,11289,11285,15699506,10291887,50.0,0.84
1,1,1,FALSE,FALSE,FALSE,FALSE,FALSE,FALSE,546,553,562,11301,11289,11285,15699506,10291887,50.0,0.84
1,1,1,FALSE,FALSE,FALSE,FALSE,FALSE,FALSE,546,553,562,11301,11289,11285,15699506,10291887,50.0,0.84
1,1,1,FALSE,FALSE,FALSE,FALSE,FALSE,FALSE,546,553,562,11301,11289,11285,15699506,10291887,50.0,0.84
1,1,1,FALSE,FALSE,FALSE,FALSE,FALSE,FALSE,546,553,562,11301,11289,11285,15699506,10291887,50.0,0.84
1,1,1,FALSE,FALSE,FALSE,FALSE,FALSE,FALSE,546,553,562,11301,11289,11285,15699506,10291887,50.0,0.84
1,1,1,FALSE,FALSE,FALSE,FALSE,FALSE,FALSE,546,553,562,11301,11289,11285,15699506,10291887,50.0,0.84
1,1,1,FALSE,FALSE,FALSE,FALSE,FALSE,FALSE,546,553,562,11301,11289,11285,15699506,10291887,50.0,0.84
1,1,1,FALSE,FALSE,FALSE,FALSE,FALSE,FALSE,546,553,562,11301,11289,11285,15699506,10291887,50.0,0.84
1,1,1,FALSE,FALSE,FALSE,FALSE,FALSE,FALSE,546,553,562,11301,11289,11285,15699506,10291887,50.0,0.84
1,1,1,FALSE,FALSE,FALSE,FALSE,FALSE,FALSE,546,553,562,11301,11289,11285,15699506,10291887,50.0,0.84
1,1,1,FALSE,FALSE,FALSE,FALSE,FALSE,FALSE,546,553,562,11301,11289,11285,15699506,10291887,50.0,0.84
1,1,1,FALSE,FALSE,FALSE,FALSE,FALSE,FALSE,546,553,562,11298,11287,11283,15699531,10291968,50.0,0.84
1,1,1,FALSE,FALSE,FALSE,FALSE,FALSE,FALSE,546,553,562,11298,11287,11283,15699531,10291968,50.0,0.84
1,1,1,FALSE,FALSE,FALSE,FALSE,FALSE,FALSE,546,553,562,11298,11287,11283,15699531,10291968,50.0,0.84
1,1,1,FALSE,FALSE,FALSE,FALSE,FALSE,FALSE,546,553,562,11298,11287,11283,15699531,10291968,50.0,0.84
1,1,1,FALSE,FALSE,FALSE,FALSE,FALSE,FALSE,544,551,560,11341,11332,11329,15699089,10290563,50.0,0.84
1,1,1,FALSE,FALSE,FALSE,FALSE,FALSE,FALSE,544,551,560,11341,11332,11329,15699089,10290563,50.0,0.84
1,1,1,FALSE,FALSE,FALSE,FALSE,FALSE,FALSE,544,551,560,11341,11332,11329,15699089,10290563,50.0,0.84
1,1,1,FALSE,FALSE,FALSE,FALSE,FALSE,FALSE,546,553,562,11298,11287,11283,15699531,10291968,50.0,0.84
1,1,1,FALSE,FALSE,FALSE,FALSE,FALSE,FALSE,546,553,562,11298,11287,11283,15699531,10291968,50.0,0.84
1,1,1,FALSE,FALSE,FALSE,FALSE,FALSE,FALSE,546,553,562,11298,11287,11283,15699531,10291968,50.0,0.84
1,1,1,FALSE,FALSE,FALSE,FALSE,FALSE,FALSE,546,553,562,11298,11287,11283,15699531,10291968,50.0,0.84
1,1,1,FALSE,FALSE,FALSE,FALSE,FALSE,FALSE,544,551,560,11340,11330,11327,15699104,10290609,50.0,0.84
1,1,1,FALSE,FALSE,FALSE,FALSE,FALSE,FALSE,544,551,560,11340,11330,11327,15699104,10290609,50.0,0.84
1,1,1,FALSE,FALSE,FALSE,FALSE,FALSE,FALSE,544,551,560,11340,11330,11327,15699104,10290609,50.0,0.84
1,1,1,FALSE,FALSE,FALSE,FALSE,FALSE,FALSE,546,553,562,11298,11287,11283,15699531,10291968,50.0,0.84
1,1,1,FALSE,FALSE,FALSE,FALSE,FALSE,FALSE,546,553,562,11298,11287,11283,15699531,10291968,50.0,0.84
1,1,1,FALSE,FALSE,FALSE,FALSE,FALSE,FALSE,546,553,562,11298,11287,11283,15699531,10291968,50.0,0.84
1,1,1,FALSE,FALSE,FALSE,FALSE,FALSE,FALSE,546,553,562,11298,11287,11283,15699531,10291968,50.0,0.84
1,1,1,FALSE,FALSE,FALSE,FALSE,FALSE,FALSE,546,553,562,11298,11287,11283,15699531,10291968,50.0,0.84
1,1,1,FALSE,FALSE,FALSE,FALSE,FALSE,FALSE,546,553,562,11298,11287,11283,15699531,10291968,50.0,0.84
1,1,1,FALSE,FALSE,FALSE,FALSE,FALSE,FALSE,546,553,562,11298,11287,11283,15699531,10291968,50.0,0.84
1,1,1,FALSE,FALSE,FALSE,FALSE,FALSE,FALSE,546,553,562,11298,11287,11283,15699531,10291968,50.0,0.84
1,1,1,FALSE,FALSE,FALSE,FALSE,FALSE,FALSE,546,553,562,11298,11287,11283,15699531,10291968,50.0,0.84
1,1,1,FALSE,FALSE,FALSE,FALSE,FALSE,FALSE,546,553,562,11298,11287,11283,15699531,10291968,50.0,0.84
1,1,1,FALSE,FALSE,FALSE,FALSE,FALSE,FALSE,546,553,562,11301,11289,11285,15699506,10291887,50.0,0.84
1,1,1,FALSE,FALSE,FALSE,FALSE,FALSE,FALSE,546,553,562,11301,11289,11285,15699506,10291887,50.0,0.84
1,1,1,FALSE,FALSE,FALSE,FALSE,FALSE,FALSE,546,553,562,11301,11289,11285,15699506,10291887,50.0,0.84
1,1,1,FALSE,FALSE,FALSE,FALSE,FALSE,FALSE,546,553,562,11301,11289,11285,15699506,10291887,50.0,0.84
1,1,1,FALSE,FALSE,FALSE,FALSE,FALSE,FALSE,546,553,562,11301,11289,11285,15699506,10291887,50.0,0.84
1,1,1,FALSE,FALSE,FALSE,FALSE,FALSE,FALSE,546,553,562,11301,11289,11285,15699506,10291887,50.0,0.84
1,1,1,FALSE,FALSE,FALSE,FALSE,FALSE,FALSE,546,553,562,11301,11289,11285,15699506,10291887,50.0,0.84
1,1,1,FALSE,FALSE,FALSE,FALSE,FALSE,FALSE,546,553,562,11301,11289,11285,15699506,10291887,50.0,0.84
1,1,1,FALSE,FALSE,FALSE,FALSE,FALSE,FALSE,546,553,562,11301,11289,11285,15699506,10291887,50.0,0.84
1,1,1,FALSE,FALSE,FALSE,FALSE,FALSE,FALSE,546,553,562,11301,11289,11285,15699506,10291887,50.0,0.84
1,1,1,FALSE,FALSE,FALSE,FALSE,FALSE,FALSE,546,553,562,11301,11289,11285,15699506,10291887,50.0,0.84
1,1,1,FALSE,FALSE,FALSE,FALSE,FALSE,FALSE,546,553,562,11301,11289,11285,15699506,10291887,50.0,0.84
1,1,1,FALSE,FALSE,FALSE,FALSE,FALSE,FALSE,546,553,562,11301,11289,11285,15699506,10291887,50.0,0.84
1,1,1,FALSE,FALSE,FALSE,FALSE,FALSE,FALSE,546,553,562,11301,11289,11285,15699506,10291887,50.0,0.84
1,1,1,FALSE,FALSE,FALSE,FALSE,FALSE,FALSE,546,553,562,11301,11289,11285,15699506,10291887,50.0,0.84
1,1,1,FALSE,FALSE,FALSE,FALSE,FALSE,FALSE,546,553,562,11301,11289,11285,15699506,10291887,50.0,0.84
1,1,1,FALSE,FALSE,FALSE,FALSE,FALSE,FALSE,546,553,562,11301,11289,11285,15699506,10291887,50.0,0.84
1,1,1,FALSE,FALSE,FALSE,FALSE,FALSE,FALSE,546,553,562,11301,11289,11285,15699506,10291887,50.0,0.84
1,1,1,FALSE,FALSE,FALSE,FALSE,FALSE,FALSE,546,553,562,11301,11289,11285,15699506,10291887,50.0,0.84
1,1,1,FALSE,FALSE,FALSE,FALSE,FALSE,FALSE,546,553,562,11301,11289,11285,15699506,10291887,50.0,0.84
1,1,1,FALSE,FALSE,FALSE,FALSE,FALSE,FALSE,546,553,562,11301,11289,11285,15699506,10291887,50.0,0.84
1,1,1,FALSE,FALSE,FALSE,FALSE,FALSE,FALSE,546,553,562,11301,11289,11285,15699506,10291887,50.0,0.84
1,1,1,FALSE,FALSE,FALSE,FALSE,FALSE,FALSE,546,553,562,11301,11289,11285,15699506,10291887,50.0,0.84
1,1,1,FALSE,FALSE,FALSE,FALSE,FALSE,FALSE,546,553,562,11301,11289,11285,15699506,10291887,50.0,0.84
1,1,1,FALSE,FALSE,FALSE,FALSE,FALSE,FALSE,546,553,562,11301,11289,11285,15699506,10291887,50.0,0.84
1,1,1,FALSE,FALSE,FALSE,FALSE,FALSE,FALSE,546,553,562,11301,11289,11285,15699506,10291887,50.0,0.84
1,1,1,FALSE,FALSE,FALSE,FALSE,FALSE,FALSE,546,553,562,11301,11289,11285,15699506,10291887,50.0,0.84
1,1,1,FALSE,FALSE,FALSE,FALSE,FALSE,FALSE,546,553,562,11301,11289,11285,15699506,10291887,50.0,0.84
1,1,1,FALSE,FALSE,FALSE,FALSE,FALSE,FALSE,546,553,562,11301,11289,11285,15699506,10291887,50.0,0.84
1,1,1,FALSE,FALSE,FALSE,FALSE,FALSE,FALSE,546,553,562,11301,11289,11285,15699506,10291887,50.0,0.84
1,1,1,FALSE,FALSE,FALSE,FALSE,FALSE,FALSE,546,553,562,11301,11289,11285,15699506,10291887,50.0,0.84
1,1,1,FALSE,FALSE,FALSE,FALSE,FALSE,FALSE,546,553,562,11301,11289,11285,15699506,10291887,50.0,0.84
1,1,1,FALSE,FALSE,FALSE,FALSE,FALSE,FALSE,546,553,562,11301,11289,11285,15699506,10291887,50.0,0.84
1,1,1,FALSE,FALSE,FALSE,FALSE,FALSE,FALSE,546,553,562,11301,11289,11285,15699506,10291887,50.0,0.84
1,1,1,FALSE,FALSE,FALSE,FALSE,FALSE,FALSE,546,553,562,11301,11289,11285,15699506,10291887,50.0,0.84
1,1,1,FALSE,FALSE,FALSE,FALSE,FALSE,FALSE,546,553,562,11301,11289,11285,15699506,10291887,50.0,0.84
1,1,1,FALSE,FALSE,FALSE,FALSE,FALSE,FALSE,546,553,562,11301,11289,11285,15699506,10291887,50.0,0.84
1,1,1,FALSE,FALSE,FALSE,FALSE,FALSE,FALSE,546,553,562,11301,11289,11285,15699506,10291887,50.0,0.84
1,1,1,FALSE,FALSE,FALSE,FALSE,FALSE,FALSE,546,553,562,11301,11289,11285,15699506,10291887,50.0,0.84
1,1,1,FALSE,FALSE,FALSE,FALSE,FALSE,FALSE,546,553,562,11301,11289,11285,15699506,10291887,50.0,0.84
1,1,1,FALSE,FALSE,FALSE,FALSE,FALSE,FALSE,546,553,562,11301,11289,11285,15699506,10291887,50.0,0.84
1,1,1,FALSE,FALSE,FALSE,FALSE,FALSE,FALSE,546,553,562,11301,11289,11285,15699506,10291887,50.0,0.84
1,1,1,FALSE,FALSE,FALSE,FALSE,FALSE,FALSE,546,553,562,11301,11289,11285,15699506,10291887,50.0,0.84
1,1,1,FALSE,FALSE,FALSE,FALSE,FALSE,FALSE,546,553,562,11301,11289,11285,15699506,10291887,50.0,0.84
1,1,1,FALSE,FALSE,FALSE,FALSE,FALSE,FALSE,546,553,562,11301,11289,11285,15699506,10291887,50.0,0.84
1,1,1,FALSE,FALSE,FALSE,FALSE,FALSE,FALSE,546,553,562,11301,11289,11285,15699506,10291887,50.0,0.84
1,1,1,FALSE,FALSE,FALSE,FALSE,FALSE,FALSE,546,553,562,11298,11287,11283,15699531,10291968,50.0,0.84
1,1,1,FALSE,FALSE,FALSE,FALSE,FALSE,FALSE,546,553,562,11298,11287,11283,15699531,10291968,50.0,0.84
1,1,1,FALSE,FALSE,FALSE,FALSE,FALSE,FALSE,546,553,562,11298,11287,11283,15699531,10291968,50.0,0.84
1,1,1,FALSE,FALSE,FALSE,FALSE,FALSE,FALSE,546,553,562,11298,11287,11283,15699531,10291968,50.0,0.84
1,1,1,FALSE,FALSE,FALSE,FALSE,FALSE,FALSE,546,553,562,11298,11287,11283,15699531,10291968,50.0,0.84
1,1,1,FALSE,FALSE,FALSE,FALSE,FALSE,FALSE,544,551,560,11340,11330,11327,15699103,10290609,50.0,0.84
1,1,1,FALSE,FALSE,FALSE,FALSE,FALSE,FALSE,544,551,560,11340,11330,11327,15699103,10290609,50.0,0.84
1,1,1,FALSE,FALSE,FALSE,FALSE,FALSE,FALSE,544,551,560,11340,11330,11327,15699103,10290609,50.0,0.84
1,1,1,FALSE,FALSE,FALSE,FALSE,FALSE,FALSE,544,551,560,11340,11330,11327,15699103,10290609,50.0,0.84
1,1,1,FALSE,FALSE,FALSE,FALSE,FALSE,FALSE,546,553,562,11298,11287,11283,15699531,10291968,50.0,0.84
1,1,1,FALSE,FALSE,FALSE,FALSE,FALSE,FALSE,546,553,562,11298,11287,11283,15699531,10291968,50.0,0.84
1,1,1,FALSE,FALSE,FALSE,FALSE,FALSE,FALSE,546,553,562,11298,11287,11283,15699531,10291968,50.0,0.84
1,1,1,FALSE,FALSE,FALSE,FALSE,FALSE,FALSE,546,553,562,11298,11287,11283,15699531,10291968,50.0,0.84
1,1,1,FALSE,FALSE,FALSE,FALSE,FALSE,FALSE,544,551,560,11340,11330,11327,15699103,10290609,50.0,0.84
1,1,1,FALSE,FALSE,FALSE,FALSE,FALSE,FALSE,544,551,560,11340,11330,11327,15699103,10290609,50.0,0.84
1,1,1,FALSE,FALSE,FALSE,FALSE,FALSE,FALSE,544,551,560,11340,11330,11327,15699103,10290609,50.0,0.84
1,1,1,FALSE,FALSE,FALSE,FALSE,FALSE,FALSE,546,553,562,11298,11287,11283,15699531,10291968,50.0,0.84
1,1,1,FALSE,FALSE,FALSE,FALSE,FALSE,FALSE,546,553,562,11298,11287,11283,15699531,10291968,50.0,0.84
1,1,1,FALSE,FALSE,FALSE,FALSE,FALSE,FALSE,546,553,562,11298,11287,11283,15699531,10291968,50.0,0.84
1,1,1,FALSE,FALSE,FALSE,FALSE,FALSE,FALSE,546,553,562,11298,11287,11283,15699531,10291968,50.0,0.84
1,1,1,FALSE,FALSE,FALSE,FALSE,FALSE,FALSE,546,553,562,11298,11287,11283,15699531,10291968,50.0,0.84
1,1,1,FALSE,FALSE,FALSE,FALSE,FALSE,FALSE,546,553,562,11298,11287,11283,15699531,10291968,50.0,0.84
1,1,1,FALSE,FALSE,FALSE,FALSE,FALSE,FALSE,546,553,562,11298,11287,11283,15699531,10291968,50.0,0.84
1,1,1,FALSE,FALSE,FALSE,FALSE,FALSE,FALSE,546,553,562,11298,11287,11283,15699531,10291968,50.0,0.84
1,1,1,FALSE,FALSE,FALSE,FALSE,FALSE,FALSE,546,553,562,11298,11287,11283,15699531,10291968,50.0,0.84
1,1,1,FALSE,FALSE,FALSE,FALSE,FALSE,FALSE,546,553,562,11298,11287,11283,15699531,10291968,50.0,0.84
1,1,1,FALSE,FALSE,FALSE,FALSE,FALSE,FALSE,546,553,562,11301,11289,11285,15699506,10291887,50.0,0.84
1,1,1,FALSE,FALSE,FALSE,FALSE,FALSE,FALSE,546,553,562,11301,11289,11285,15699506,10291887,50.0,0.84
1,1,1,FALSE,FALSE,FALSE,FALSE,FALSE,FALSE,546,553,562,11301,11289,11285,15699506,10291887,50.0,0.84
1,1,1,FALSE,FALSE,FALSE,FALSE,FALSE,FALSE,546,553,562,11301,11289,11285,15699506,10291887,50.0,0.84
1,1,1,FALSE,FALSE,FALSE,FALSE,FALSE,FALSE,546,553,562,11301,11289,11285,15699506,10291887,50.0,0.84
1,1,1,FALSE,FALSE,FALSE,FALSE,FALSE,FALSE,546,553,562,11301,11289,11285,15699506,10291887,50.0,0.84
1,1,1,FALSE,FALSE,FALSE,FALSE,FALSE,FALSE,546,553,562,11301,11289,11285,15699506,10291887,50.0,0.84
1,1,1,FALSE,FALSE,FALSE,FALSE,FALSE,FALSE,546,553,562,11301,11289,11285,15699506,10291887,50.0,0.84
1,1,1,FALSE,FALSE,FALSE,FALSE,FALSE,FALSE,546,553,562,11301,11289,11285,15699506,10291887,50.0,0.84
1,1,1,FALSE,FALSE,FALSE,FALSE,FALSE,FALSE,546,553,562,11301,11289,11285,15699506,10291887,50.0,0.84
1,1,1,FALSE,FALSE,FALSE,FALSE,FALSE,FALSE,546,553,562,11301,11289,11285,15699506,10291887,50.0,0.84
1,1,1,FALSE,FALSE,FALSE,FALSE,FALSE,FALSE,546,553,562,11301,11289,11285,15699506,10291887,50.0,0.84
1,1,1,FALSE,FALSE,FALSE,FALSE,FALSE,FALSE,546,553,562,11301,11289,11285,15699506,10291887,50.0,0.84
1,1,1,FALSE,FALSE,FALSE,FALSE,FALSE,FALSE,546,553,562,11301,11289,11285,15699506,10291887,50.0,0.84
1,1,1,FALSE,FALSE,FALSE,FALSE,FALSE,FALSE,546,553,562,11301,11289,11285,15699506,10291887,50.0,0.84
1,1,1,FALSE,FALSE,FALSE,FALSE,FALSE,FALSE,546,553,562,11301,11289,11285,15699506,10291887,50.0,0.84
1,1,1,FALSE,FALSE,FALSE,FALSE,FALSE,FALSE,546,553,562,11301,11289,11285,15699506,10291887,50.0,0.84
1,1,1,FALSE,FALSE,FALSE,FALSE,FALSE,FALSE,546,553,562,11301,11289,11285,15699506,10291887,50.0,0.84
1,1,1,FALSE,FALSE,FALSE,FALSE,FALSE,FALSE,546,553,562,11301,11289,11285,15699506,10291887,50.0,0.84
1,1,1,FALSE,FALSE,FALSE,FALSE,FALSE,FALSE,546,553,562,11301,11289,11285,15699506,10291887,50.0,0.84
1,1,1,FALSE,FALSE,FALSE,FALSE,FALSE,FALSE,546,553,562,11301,11289,11285,15699506,10291887,50.0,0.84
1,1,1,FALSE,FALSE,FALSE,FALSE,FALSE,FALSE,546,553,562,11301,11289,11285,15699506,10291887,50.0,0.84
1,1,1,FALSE,FALSE,FALSE,FALSE,FALSE,FALSE,546,553,562,11301,11289,11285,15699506,10291887,50.0,0.84
1,1,1,FALSE,FALSE,FALSE,FALSE,FALSE,FALSE,546,553,562,11301,11289,11285,15699506,10291887,50.0,0.84
1,1,1,FALSE,FALSE,FALSE,FALSE,FALSE,FALSE,546,553,562,11301,11289,11285,15699506,10291887,50.0,0.84
1,1,1,FALSE,FALSE,FALSE,FALSE,FALSE,FALSE,546,553,562,11301,11289,11285,15699506,10291887,50.0,0.84
1,1,1,FALSE,FALSE,FALSE,FALSE,FALSE,FALSE,546,553,562,11301,11289,11285,15699506,10291887,50.0,0.84
1,1,1,FALSE,FALSE,FALSE,FALSE,FALSE,FALSE,546,553,562,11301,11289,11285,15699506,10291887,50.0,0.84
1,1,1,FALSE,FALSE,FALSE,FALSE,FALSE,FALSE,546,553,562,11301,11289,11285,15699506,10291887,50.0,0.84
1,1,1,FALSE,FALSE,FALSE,FALSE,FALSE,FALSE,546,553,562,11301,11289,11285,15699506,10291887,50.0,0.84
1,1,1,FALSE,FALSE,FALSE,FALSE,FALSE,FALSE,546,553,562,11301,11289,11285,15699506,10291887,50.0,0.84
1,1,1,FALSE,FALSE,FALSE,FALSE,FALSE,FALSE,546,553,562,11301,11289,11285,15699506,10291887,50.0,0.84
1,1,1,FALSE,FALSE,FALSE,FALSE,FALSE,FALSE,546,553,562,11301,11289,11285,15699506,10291887,50.0,0.84
1,1,1,FALSE,FALSE,FALSE,FALSE,FALSE,FALSE,546,553,562,11301,11289,11285,15699506,10291887,50.0,0.84
1,1,1,FALSE,FALSE,FALSE,FALSE,FALSE,FALSE,546,553,562,11301,11289,11285,15699506,10291887,50.0,0.84
1,1,1,FALSE,FALSE,FALSE,FALSE,FALSE,FALSE,546,553,562,11301,11289,11285,15699506,10291887,50.0,0.84
1,1,1,FALSE,FALSE,FALSE,FALSE,FALSE,FALSE,546,553,562,11301,11289,11285,15699506,10291887,50.0,0.84
1,1,1,FALSE,FALSE,FALSE,FALSE,FALSE,FALSE,546,553,562,11301,11289,11285,15699506,10291887,50.0,0.84
1,1,1,FALSE,FALSE,FALSE,FALSE,FALSE,FALSE,546,553,562,11301,11289,11285,15699506,10291887,50.0,0.84
1,1,1,FALSE,FALSE,FALSE,FALSE,FALSE,FALSE,546,553,562,11301,11289,11285,15699506,10291887,50.0,0.84
1,1,1,FALSE,FALSE,FALSE,FALSE,FALSE,FALSE,546,553,562,11301,11289,11285,15699506,10291887,50.0,0.84
1,1,1,FALSE,FALSE,FALSE,FALSE,FALSE,FALSE,546,553,562,11301,11289,11285,15699506,10291887,50.0,0.84
1,1,1,FALSE,FALSE,FALSE,FALSE,FALSE,FALSE,546,553,562,11301,11289,11285,15699506,10291887,50.0,0.84
1,1,1,FALSE,FALSE,FALSE,FALSE,FALSE,FALSE,546,553,562,11301,11289,11285,15699506,10291887,50.0,0.84
1,1,1,FALSE,FALSE,FALSE,FALSE,FALSE,FALSE,546,553,562,11301,11289,11285,15699506,10291887,50.0,0.84
1,1,1,FALSE,FALSE,FALSE,FALSE,FALSE,FALSE,546,553,562,11301,11289,11285,15699506,10291887,50.0,0.84
1,1,1,FALSE,FALSE,FALSE,FALSE,FALSE,FALSE,546,553,562,11301,11289,11285,15699506,10291887,50.0,0.84
1,1,1,FALSE,FALSE,FALSE,FALSE,FALSE,FALSE,546,553,562,11301,11289,11285,15699506,10291887,50.0,0.84
1,1,1,FALSE,FALSE,FALSE,FALSE,FALSE,FALSE,546,553,562,11301,11289,11285,15699506,10291887,50.0,0.84
1,1,1,FALSE,FALSE,FALSE,FALSE,FALSE,FALSE,546,553,562,11301,11289,11285,15699506,10291887,50.0,0.84
1,1,1,FALSE,FALSE,FALSE,FALSE,FALSE,FALSE,546,553,562,11301,11289,11285,15699506,10291887,50.0,0.84
1,1,1,FALSE,FALSE,FALSE,FALSE,FALSE,FALSE,546,553,562,11301,11289,11285,15699506,10291887,50.0,0.84
1,1,1,FALSE,FALSE,FALSE,FALSE,FALSE,FALSE,546,553,562,11301,11289,11285,15699506,10291887,50.0,0.84
1,1,1,FALSE,FALSE,FALSE,FALSE,FALSE,FALSE,546,553,562,11301,11289,11285,15699506,10291887,50.0,0.84
1,1,1,FALSE,FALSE,FALSE,FALSE,FALSE,FALSE,546,553,562,11298,11287,11283,15699531,10291968,50.0,0.84
1,1,1,FALSE,FALSE,FALSE,FALSE,FALSE,FALSE,546,553,562,11298,11287,11283,15699531,10291968,50.0,0.84
1,1,1,FALSE,FALSE,FALSE,FALSE,FALSE,FALSE,546,553,562,11298,11287,11283,15699531,10291968,50.0,0.84
1,1,1,FALSE,TRUE,FALSE,FALSE,FALSE,FALSE,544,551,560,11342,11332,11329,15699084,10290546,50.0,0.84
0,1,1,FALSE,TRUE,FALSE,FALSE,FALSE,FALSE,544,551,560,11342,11332,11329,15699084,10290546,50.0,0.84
0,1,1,FALSE,TRUE,FALSE,FALSE,FALSE,FALSE,0,0,0,11384,11377,11374,0,0,50.0,0.84
0,1,1,FALSE,FALSE,FALSE,FALSE,FALSE,FALSE,0,0,0,11384,11377,11374,0,0,50.0,0.84
1,1,1,FALSE,FALSE,FALSE,FALSE,FALSE,FALSE,544,551,560,11342,11332,11329,15699084,10290546,50.0,0.84
1,1,1,FALSE,FALSE,FALSE,FALSE,FALSE,FALSE,544,551,560,11342,11332,11329,15699084,10290546,50.0,0.84
1,1,1,FALSE,FALSE,FALSE,FALSE,FALSE,FALSE,546,553,562,11298,11287,11283,15699531,10291968,50.0,0.84
1,1,1,FALSE,FALSE,FALSE,FALSE,FALSE,FALSE,546,553,562,11298,11287,11283,15699531,10291968,50.0,0.84
1,1,1,FALSE,FALSE,FALSE,FALSE,FALSE,FALSE,546,553,562,11298,11287,11283,15699531,10291968,50.0,0.84
1,1,1,FALSE,FALSE,FALSE,FALSE,FALSE,FALSE,546,553,562,11298,11287,11283,15699531,10291968,50.0,0.84
1,1,1,FALSE,FALSE,FALSE,FALSE,FALSE,FALSE,546,553,562,11298,11287,11283,15699531,10291968,50.0,0.84
1,1,1,FALSE,FALSE,FALSE,FALSE,FALSE,FALSE,546,553,562,11298,11287,11283,15699531,10291968,50.0,0.84
1,1,1,FALSE,FALSE,FALSE,FALSE,FALSE,FALSE,546,553,562,11298,11287,11283,15699531,10291968,50.0,0.84
1,1,1,FALSE,FALSE,FALSE,FALSE,FALSE,FALSE,546,553,562,11298,11287,11283,15699531,10291968,50.0,0.84
1,1,1,FALSE,FALSE,FALSE,FALSE,FALSE,FALSE,546,553,562,11298,11287,11283,15699531,10291968,50.0,0.84
1,1,1,FALSE,FALSE,FALSE,FALSE,FALSE,FALSE,546,553,562,11298,11287,11283,15699531,10291968,50.0,0.84
1,1,1,FALSE,FALSE,FALSE,FALSE,FALSE,FALSE,546,553,562,11301,11289,11285,15699506,10291887,50.0,0.84
1,1,1,FALSE,FALSE,FALSE,FALSE,FALSE,FALSE,546,553,562,11301,11289,11285,15699506,10291887,50.0,0.84
1,1,1,FALSE,FALSE,FALSE,FALSE,FALSE,FALSE,546,553,562,11301,11289,11285,15699506,10291887,50.0,0.84
1,1,1,FALSE,FALSE,FALSE,FALSE,FALSE,FALSE,546,553,562,11301,11289,11285,15699506,10291887,50.0,0.84
1,1,1,FALSE,FALSE,FALSE,FALSE,FALSE,FALSE,546,553,562,11301,11289,11285,15699506,10291887,50.0,0.84
1,1,1,FALSE,FALSE,FALSE,FALSE,FALSE,FALSE,546,553,562,11301,11289,11285,15699506,10291887,50.0,0.84
1,1,1,FALSE,FALSE,FALSE,FALSE,FALSE,FALSE,546,553,562,11301,11289,11285,15699506,10291887,50.0,0.84
1,1,1,FALSE,FALSE,FALSE,FALSE,FALSE,FALSE,546,553,562,11301,11289,11285,15699506,10291887,50.0,0.84
1,1,1,FALSE,FALSE,FALSE,FALSE,FALSE,FALSE,546,553,562,11301,11289,11285,15699506,10291887,50.0,0.84
1,1,1,FALSE,FALSE,FALSE,FALSE,FALSE,FALSE,546,553,562,11301,11289,11285,15699506,10291887,50.0,0.84
1,1,1,FALSE,FALSE,FALSE,FALSE,FALSE,FALSE,546,553,562,11301,11289,11285,15699506,10291887,50.0,0.84
1,1,1,FALSE,FALSE,FALSE,FALSE,FALSE,FALSE,546,553,562,11301,11289,11285,15699506,10291887,50.0,0.84
1,1,1,FALSE,FALSE,FALSE,FALSE,FALSE,FALSE,546,553,562,11301,11289,11285,15699506,10291887,50.0,0.84
1,1,1,FALSE,FALSE,FALSE,FALSE,FALSE,FALSE,546,553,562,11301,11289,11285,15699506,10291887,50.0,0.84
1,1,1,FALSE,FALSE,FALSE,FALSE,FALSE,FALSE,546,553,562,11301,11289,11285,15699506,10291887,50.0,0.84
1,1,1,FALSE,FALSE,FALSE,FALSE,FALSE,FALSE,546,553,562,11301,11289,11285,15699506,10291887,50.0,0.84
1,1,1,FALSE,FALSE,FALSE,FALSE,FALSE,FALSE,546,553,562,11301,11289,11285,15699506,10291887,50.0,0.84
1,1,1,FALSE,FALSE,FALSE,FALSE,FALSE,FALSE,546,553,562,11301,11289,11285,15699506,10291887,50.0,0.84
1,1,1,FALSE,FALSE,FALSE,FALSE,FALSE,FALSE,546,553,562,11301,11289,11285,15699506,10291887,50.0,0.84
1,1,1,FALSE,FALSE,FALSE,FALSE,FALSE,FALSE,546,553,562,11301,11289,11285,15699506,10291887,50.0,0.84
1,1,1,FALSE,FALSE,FALSE,FALSE,FALSE,FALSE,546,553,562,11301,11289,11285,15699506,10291887,50.0,0.84
1,1,1,FALSE,FALSE,FALSE,FALSE,FALSE,FALSE,546,553,562,11301,11289,11285,15699506,10291887,50.0,0.84
1,1,1,FALSE,FALSE,FALSE,FALSE,FALSE,FALSE,546,553,562,11301,11289,11285,15699506,10291887,50.0,0.84
1,1,1,FALSE,FALSE,FALSE,FALSE,FALSE,FALSE,546,553,562,11301,11289,11285,15699506,10291887,50.0,0.84
1,1,1,FALSE,FALSE,FALSE,FALSE,FALSE,FALSE,546,553,562,11301,11289,11285,15699506,10291887,50.0,0.84
1,1,1,FALSE,FALSE,FALSE,FALSE,FALSE,FALSE,546,553,562,11301,11289,11285,15699506,10291887,50.0,0.84
1,1,1,FALSE,FALSE,FALSE,FALSE,FALSE,FALSE,546,553,562,11301,11289,11285,15699506,10291887,50.0,0.84
1,1,1,FALSE,FALSE,FALSE,FALSE,FALSE,FALSE,546,553,562,11301,11289,11285,15699506,10291887,50.0,0.84
1,1,1,FALSE,FALSE,FALSE,FALSE,FALSE,FALSE,546,553,562,11301,11289,11285,15699506,10291887,50.0,0.84
1,1,1,FALSE,FALSE,FALSE,FALSE,FALSE,FALSE,546,553,562,11301,11289,11285,15699506,10291887,50.0,0.84
1,1,1,FALSE,FALSE,FALSE,FALSE,FALSE,FALSE,546,553,562,11301,11289,11285,15699506,10291887,50.0,0.84
1,1,1,FALSE,FALSE,FALSE,FALSE,FALSE,FALSE,546,553,562,11301,11289,11285,15699506,10291887,50.0,0.84
1,1,1,FALSE,FALSE,FALSE,FALSE,FALSE,FALSE,546,553,562,11301,11289,11285,15699506,10291887,50.0,0.84
1,1,1,FALSE,FALSE,FALSE,FALSE,FALSE,FALSE,546,553,562,11301,11289,11285,15699506,10291887,50.0,0.84
1,1,1,FALSE,FALSE,FALSE,FALSE,FALSE,FALSE,546,553,562,11301,11289,11285,15699506,10291887,50.0,0.84
1,1,1,FALSE,FALSE,FALSE,FALSE,FALSE,FALSE,546,553,562,11301,11289,11285,15699506,10291887,50.0,0.84
1,1,1,FALSE,FALSE,FALSE,FALSE,FALSE,FALSE,546,553,562,11301,11289,11285,15699506,10291887,50.0,0.84
1,1,1,FALSE,FALSE,FALSE,FALSE,FALSE,FALSE,546,553,562,11301,11289,11285,15699506,10291887,50.0,0.84
1,1,1,FALSE,FALSE,FALSE,FALSE,FALSE,FALSE,546,553,562,11301,11289,11285,15699506,10291887,50.0,0.84
1,1,1,FALSE,FALSE,FALSE,FALSE,FALSE,FALSE,546,553,562,11301,11289,11285,15699506,10291887,50.0,0.84
1,1,1,FALSE,FALSE,FALSE,FALSE,FALSE,FALSE,546,553,562,11301,11289,11285,15699506,10291887,50.0,0.84
1,1,1,FALSE,FALSE,FALSE,FALSE,FALSE,FALSE,546,553,562,11301,11289,11285,15699506,10291887,50.0,0.84
1,1,1,FALSE,FALSE,FALSE,FALSE,FALSE,FALSE,546,553,562,11301,11289,11285,15699506,10291887,50.0,0.84
1,1,1,FALSE,FALSE,FALSE,FALSE,FALSE,FALSE,546,553,562,11301,11289,11285,15699506,10291887,50.0,0.84
1,1,1,FALSE,FALSE,FALSE,FALSE,FALSE,FALSE,546,553,562,11301,11289,11285,15699506,10291887,50.0,0.84
1,1,1,FALSE,FALSE,FALSE,FALSE,FALSE,FALSE,546,553,562,11301,11289,11285,15699506,10291887,50.0,0.84
1,1,1,FALSE,FALSE,FALSE,FALSE,FALSE,FALSE,546,553,562,11301,11289,11285,15699506,10291887,50.0,0.84
1,1,1,FALSE,FALSE,FALSE,FALSE,FALSE,FALSE,546,553,562,11301,11289,11285,15699506,10291887,50.0,0.84
1,1,1,FALSE,FALSE,FALSE,FALSE,FALSE,FALSE,546,553,562,11301,11289,11285,15699506,10291887,50.0,0.84
1,1,1,FALSE,FALSE,FALSE,FALSE,FALSE,FALSE,546,553,562,11301,11289,11285,15699506,10291887,50.0,0.84
1,1,1,FALSE,FALSE,FALSE,FALSE,FALSE,FALSE,546,553,562,11301,11289,11285,15699506,10291887,50.0,0.84
1,1,1,FALSE,FALSE,FALSE,FALSE,FALSE,FALSE,546,553,562,11301,11289,11285,15699506,10291887,50.0,0.84
1,1,1,FALSE,FALSE,FALSE,FALSE,FALSE,FALSE,546,553,562,11301,11289,11285,15699506,10291887,50.0,0.84
1,1,1,FALSE,FALSE,FALSE,FALSE,FALSE,FALSE,546,553,562,11301,11289,11285,15699506,10291887,50.0,0.84
1,1,1,FALSE,FALSE,FALSE,FALSE,FALSE,FALSE,546,553,562,11301,11289,11285,15699506,10291887,50.0,0.84
1,1,1,FALSE,FALSE,FALSE,FALSE,FALSE,FALSE,546,553,562,11301,11289,11285,15699506,10291887,50.0,0.84
1,1,1,FALSE,FALSE,FALSE,FALSE,FALSE,FALSE,546,553,562,11301,11289,11285,15699506,10291887,50.0,0.84
1,1,1,FALSE,FALSE,FALSE,FALSE,FALSE,FALSE,546,553,562,11301,11289,11285,15699506,10291887,50.0,0.84
1,1,1,FALSE,FALSE,FALSE,FALSE,FALSE,FALSE,546,553,562,11301,11289,11285,15699506,10291887,50.0,0.84
1,1,1,FALSE,FALSE,FALSE,FALSE,FALSE,FALSE,546,553,562,11301,11289,11285,15699506,10291887,50.0,0.84
1,1,1,FALSE,FALSE,FALSE,FALSE,FALSE,FALSE,546,553,562,11301,11289,11285,15699506,10291887,50.0,0.84
1,1,1,FALSE,FALSE,FALSE,FALSE,FALSE,FALSE,546,553,562,11301,11289,11285,15699506,10291887,50.0,0.84
1,1,1,FALSE,FALSE,FALSE,FALSE,FALSE,FALSE,546,553,562,11301,11289,11285,15699506,10291887,50.0,0.84
1,1,1,FALSE,FALSE,FALSE,FALSE,FALSE,FALSE,546,553,562,11301,11289,11285,15699506,10291887,50.0,0.84
1,1,1,FALSE,FALSE,FALSE,FALSE,FALSE,FALSE,546,553,562,11301,11289,11285,15699506,10291887,50.0,0.84
1,1,1,FALSE,FALSE,FALSE,FALSE,FALSE,FALSE,546,553,562,11301,11289,11285,15699506,10291887,50.0,0.84
1,1,1,FALSE,FALSE,FALSE,FALSE,FALSE,FALSE,546,553,562,11301,11289,11285,15699506,10291887,50.0,0.84
1,1,1,FALSE,FALSE,FALSE,FALSE,FALSE,FALSE,546,553,562,11301,11289,11285,15699506,10291887,50.0,0.84
1,1,1,FALSE,FALSE,FALSE,FALSE,FALSE,FALSE,546,553,562,11301,11289,11285,15699506,10291887,50.0,0.84
1,1,1,FALSE,FALSE,FALSE,FALSE,FALSE,FALSE,546,553,562,11301,11289,11285,15699506,10291887,50.0,0.84
1,1,1,FALSE,FALSE,FALSE,FALSE,FALSE,FALSE,546,553,562,11301,11289,11285,15699506,10291887,50.0,0.84
1,1,1,FALSE,FALSE,FALSE,FALSE,FALSE,FALSE,546,553,562,11301,11289,11285,15699506,10291887,50.0,0.84
1,1,1,FALSE,FALSE,FALSE,FALSE,FALSE,FALSE,546,553,562,11301,11289,11285,15699506,10291887,50.0,0.84
1,1,1,FALSE,FALSE,FALSE,FALSE,FALSE,FALSE,546,553,562,11301,11289,11285,15699506,10291887,50.0,0.84
1,1,1,FALSE,FALSE,FALSE,FALSE,FALSE,FALSE,546,553,562,11301,11289,11285,15699506,10291887,50.0,0.84
1,1,1,FALSE,FALSE,FALSE,FALSE,FALSE,FALSE,546,553,562,11301,11289,11285,15699506,10291887,50.0,0.84
1,1,1,FALSE,FALSE,FALSE,FALSE,FALSE,FALSE,546,553,562,11301,11289,11285,15699506,10291887,50.0,0.84
1,1,1,FALSE,FALSE,FALSE,FALSE,FALSE,FALSE,546,553,562,11301,11289,11285,15699506,10291887,50.0,0.84
1,1,1,FALSE,FALSE,FALSE,FALSE,FALSE,FALSE,546,553,562,11301,11289,11285,15699506,10291887,50.0,0.84
1,1,1,FALSE,FALSE,FALSE,FALSE,FALSE,FALSE,546,553,562,11301,11289,11285,15699506,10291887,50.0,0.84
1,1,1,FALSE,FALSE,FALSE,FALSE,FALSE,FALSE,546,553,562,11301,11289,11285,15699506,10291887,50.0,0.84
1,1,1,FALSE,FALSE,FALSE,FALSE,FALSE,FALSE,546,553,562,11301,11289,11285,15699506,10291887,50.0,0.84
1,1,1,FALSE,FALSE,FALSE,FALSE,FALSE,FALSE,546,553,562,11301,11289,11285,15699506,10291887,50.0,0.84
1,1,1,FALSE,FALSE,FALSE,FALSE,FALSE,FALSE,546,553,562,11301,11289,11285,15699506,10291887,50.0,0.84
1,1,1,FALSE,FALSE,FALSE,FALSE,FALSE,FALSE,546,553,562,11301,11289,11285,15699506,10291887,50.0,0.84
1,1,1,FALSE,FALSE,FALSE,FALSE,FALSE,FALSE,546,553,562,11301,11289,11285,15699506,10291887,50.0,0.84
1,1,1,FALSE,FALSE,FALSE,FALSE,FALSE,FALSE,546,553,562,11301,11289,11285,15699506,10291887,50.0,0.84
1,1,1,FALSE,FALSE,FALSE,FALSE,FALSE,FALSE,546,553,562,11301,11289,11285,15699506,10291887,50.0,0.84
1,1,1,FALSE,FALSE,FALSE,FALSE,FALSE,FALSE,546,553,562,11301,11289,11285,15699506,10291887,50.0,0.84
1,1,1,FALSE,FALSE,FALSE,FALSE,FALSE,FALSE,546,553,562,11301,11289,11285,15699506,10291887,50.0,0.84
1,1,1,FALSE,FALSE,FALSE,FALSE,FALSE,FALSE,546,553,562,11301,11289,11285,15699506,10291887,50.0,0.84
1,1,1,FALSE,FALSE,FALSE,FALSE,FALSE,FALSE,546,553,562,11301,11289,11285,15699506,10291887,50.0,0.84
1,1,1,FALSE,FALSE,FALSE,FALSE,FALSE,FALSE,546,553,562,11301,11289,11285,15699506,10291887,50.0,0.84
1,1,1,FALSE,FALSE,FALSE,FALSE,FALSE,FALSE,546,553,562,11301,11289,11285,15699506,10291887,50.0,0.84
1,1,1,FALSE,FALSE,FALSE,FALSE,FALSE,FALSE,546,553,562,11301,11289,11285,15699506,10291887,50.0,0.84
1,1,1,FALSE,FALSE,FALSE,FALSE,FALSE,FALSE,546,553,562,11301,11289,11285,15699506,10291887,50.0,0.84
1,1,1,FALSE,FALSE,FALSE,FALSE,FALSE,FALSE,546,553,562,11301,11289,11285,15699506,10291887,50.0,0.84
1,1,1,FALSE,FALSE,FALSE,FALSE,FALSE,FALSE,546,553,562,11301,11289,11285,15699506,10291887,50.0,0.84
1,1,1,FALSE,FALSE,FALSE,FALSE,FALSE,FALSE,546,553,562,11301,11289,11285,15699506,10291887,50.0,0.84
1,1,1,FALSE,FALSE,FALSE,FALSE,FALSE,FALSE,546,553,562,11301,11289,11285,15699506,10291887,50.0,0.84
1,1,1,FALSE,FALSE,FALSE,FALSE,FALSE,FALSE,546,553,562,11301,11289,11285,15699506,10291887,50.0,0.84
1,1,1,FALSE,FALSE,FALSE,FALSE,FALSE,FALSE,546,553,562,11301,11289,11285,15699506,10291887,50.0,0.84
1,1,1,FALSE,FALSE,FALSE,FALSE,FALSE,FALSE,546,553,562,11301,11289,11285,15699506,10291887,50.0,0.84
1,1,1,FALSE,FALSE,FALSE,FALSE,FALSE,FALSE,546,553,562,11301,11289,11285,15699506,10291887,50.0,0.84
1,1,1,FALSE,FALSE,FALSE,FALSE,FALSE,FALSE,546,553,562,11301,11289,11285,15699506,10291887,50.0,0.84
1,1,1,FALSE,FALSE,FALSE,FALSE,FALSE,FALSE,546,553,562,11301,11289,11285,15699506,10291887,50.0,0.84
1,1,1,FALSE,FALSE,FALSE,FALSE,FALSE,FALSE,546,553,562,11301,11289,11285,15699506,10291887,50.0,0.84
1,1,1,FALSE,FALSE,FALSE,FALSE,FALSE,FALSE,546,553,562,11301,11289,11285,15699506,10291887,50.0,0.84
1,1,1,FALSE,FALSE,FALSE,FALSE,FALSE,FALSE,546,553,562,11301,11289,11285,15699506,10291887,50.0,0.84
1,1,1,FALSE,FALSE,FALSE,FALSE,FALSE,FALSE,546,553,562,11301,11289,11285,15699506,10291887,50.0,0.84
1,1,1,FALSE,FALSE,FALSE,FALSE,FALSE,FALSE,546,553,562,11301,11289,11285,15699506,10291887,50.0,0.84
1,1,1,FALSE,FALSE,FALSE,FALSE,FALSE,FALSE,546,553,562,11301,11289,11285,15699506,10291887,50.0,0.84
1,1,1,FALSE,FALSE,FALSE,FALSE,FALSE,FALSE,546,553,562,11301,11289,11285,15699506,10291887,50.0,0.84
1,1,1,FALSE,FALSE,FALSE,FALSE,FALSE,FALSE,546,553,562,11301,11289,11285,15699506,10291887,50.0,0.84
1,1,1,FALSE,FALSE,FALSE,FALSE,FALSE,FALSE,546,553,562,11301,11289,11285,15699506,10291887,50.0,0.84
1,1,1,FALSE,FALSE,FALSE,FALSE,FALSE,FALSE,546,553,562,11301,11289,11285,15699506,10291887,50.0,0.84
1,1,1,FALSE,FALSE,FALSE,FALSE,FALSE,FALSE,546,553,562,11301,11289,11285,15699506,10291887,50.0,0.84
1,1,1,FALSE,FALSE,FALSE,FALSE,FALSE,FALSE,546,553,562,11301,11289,11285,15699506,10291887,50.0,0.84
1,1,1,FALSE,FALSE,FALSE,FALSE,FALSE,FALSE,546,553,562,11301,11289,11285,15699506,10291887,50.0,0.84
1,1,1,FALSE,FALSE,FALSE,FALSE,FALSE,FALSE,546,553,562,11301,11289,11285,15699506,10291887,50.0,0.84
1,1,1,FALSE,FALSE,FALSE,FALSE,FALSE,FALSE,546,553,562,11301,11289,11285,15699506,10291887,50.0,0.84
1,1,1,FALSE,FALSE,FALSE,FALSE,FALSE,FALSE,546,553,562,11301,11289,11285,15699506,10291887,50.0,0.84
1,1,1,FALSE,FALSE,FALSE,FALSE,FALSE,FALSE,546,553,562,11301,11289,11285,15699506,10291887,50.0,0.84
1,1,1,FALSE,FALSE,FALSE,FALSE,FALSE,FALSE,546,553,562,11301,11289,11285,15699506,10291887,50.0,0.84
1,1,1,FALSE,FALSE,FALSE,FALSE,FALSE,FALSE,546,553,562,11301,11289,11285,15699506,10291887,50.0,0.84
1,1,1,FALSE,FALSE,FALSE,FALSE,FALSE,FALSE,546,553,562,11301,11289,11285,15699506,10291887,50.0,0.84
1,1,1,FALSE,FALSE,FALSE,FALSE,FALSE,FALSE,546,553,562,11301,11289,11285,15699506,10291887,50.0,0.84
1,1,1,FALSE,FALSE,FALSE,FALSE,FALSE,FALSE,546,553,562,11301,11289,11285,15699506,10291887,50.0,0.84
1,1,1,FALSE,FALSE,FALSE,FALSE,FALSE,FALSE,546,553,562,11301,11289,11285,15699506,10291887,50.0,0.84
1,1,1,FALSE,FALSE,FALSE,FALSE,FALSE,FALSE,546,553,562,11301,11289,11285,15699506,10291887,50.0,0.84
1,1,1,FALSE,FALSE,FALSE,FALSE,FALSE,FALSE,546,553,562,11301,11289,11285,15699506,10291887,50.0,0.84
1,1,1,FALSE,FALSE,FALSE,FALSE,FALSE,FALSE,546,553,562,11301,11289,11285,15699506,10291887,50.0,0.84
1,1,1,FALSE,FALSE,FALSE,FALSE,FALSE,FALSE,546,553,562,11301,11289,11285,15699506,10291887,50.0,0.84
1,1,1,FALSE,FALSE,FALSE,FALSE,FALSE,FALSE,546,553,562,11301,11289,11285,15699506,10291887,50.0,0.84
1,1,1,FALSE,FALSE,FALSE,FALSE,FALSE,FALSE,546,553,562,11301,11289,11285,15699506,10291887,50.0,0.84
1,1,1,FALSE,FALSE,FALSE,FALSE,FALSE,FALSE,546,553,562,11301,11289,11285,15699506,10291887,50.0,0.84
1,1,1,FALSE,FALSE,FALSE,FALSE,FALSE,FALSE,546,553,562,11301,11289,11285,15699506,10291887,50.0,0.84
1,1,1,FALSE,FALSE,FALSE,FALSE,FALSE,FALSE,546,553,562,11301,11289,11285,15699506,10291887,50.0,0.84
1,1,1,FALSE,FALSE,FALSE,FALSE,FALSE,FALSE,546,553,562,11301,11289,11285,15699506,10291887,50.0,0.84
1,1,1,FALSE,FALSE,FALSE,FALSE,FALSE,FALSE,546,553,562,11301,11289,11285,15699506,10291887,50.0,0.84
1,1,1,FALSE,FALSE,FALSE,FALSE,FALSE,FALSE,546,553,562,11301,11289,11285,15699506,10291887,50.0,0.84
1,1,1,FALSE,FALSE,FALSE,FALSE,FALSE,FALSE,546,553,562,11301,11289,11285,15699506,10291887,50.0,0.84
1,1,1,FALSE,FALSE,FALSE,FALSE,FALSE,FALSE,546,553,562,11301,11289,11285,15699506,10291887,50.0,0.84
1,1,1,FALSE,FALSE,FALSE,FALSE,FALSE,FALSE,546,553,562,11301,11289,11285,15699506,10291887,50.0,0.84
1,1,1,FALSE,FALSE,FALSE,FALSE,FALSE,FALSE,546,553,562,11301,11289,11285,15699506,10291887,50.0,0.84
1,1,1,FALSE,FALSE,FALSE,FALSE,FALSE,FALSE,546,553,562,11301,11289,11285,15699506,10291887,50.0,0.84
1,1,1,FALSE,FALSE,FALSE,FALSE,FALSE,FALSE,546,553,562,11301,11289,11285,15699506,10291887,50.0,0.84
1,1,1,FALSE,FALSE,FALSE,FALSE,FALSE,FALSE,546,553,562,11301,11289,11285,15699506,10291887,50.0,0.84
1,1,1,FALSE,FALSE,FALSE,FALSE,FALSE,FALSE,546,553,562,11301,11289,11285,15699506,10291887,50.0,0.84
1,1,1,FALSE,FALSE,FALSE,FALSE,FALSE,FALSE,546,553,562,11301,11289,11285,15699506,10291887,50.0,0.84
1,1,1,FALSE,FALSE,FALSE,FALSE,FALSE,FALSE,546,553,562,11301,11289,11285,15699506,10291887,50.0,0.84
1,1,1,FALSE,FALSE,FALSE,FALSE,FALSE,FALSE,546,553,562,11301,11289,11285,15699506,10291887,50.0,0.84
1,1,1,FALSE,FALSE,FALSE,FALSE,FALSE,FALSE,546,553,562,11301,11289,11285,15699506,10291887,50.0,0.84
1,1,1,FALSE,FALSE,FALSE,FALSE,FALSE,FALSE,546,553,562,11301,11289,11285,15699506,10291887,50.0,0.84
1,1,1,FALSE,FALSE,FALSE,FALSE,FALSE,FALSE,546,553,562,11301,11289,11285,15699506,10291887,50.0,0.84
1,1,1,FALSE,FALSE,FALSE,FALSE,FALSE,FALSE,546,553,562,11301,11289,11285,15699506,10291887,50.0,0.84
1,1,1,FALSE,FALSE,FALSE,FALSE,FALSE,FALSE,546,553,562,11301,11289,11285,15699506,10291887,50.0,0.84
1,1,1,FALSE,FALSE,FALSE,FALSE,FALSE,FALSE,546,553,562,11301,11289,11285,15699506,10291887,50.0,0.84
1,1,1,FALSE,FALSE,FALSE,FALSE,FALSE,FALSE,546,553,562,11301,11289,11285,15699506,10291887,50.0,0.84
1,1,1,FALSE,FALSE,FALSE,FALSE,FALSE,FALSE,546,553,562,11301,11289,11285,15699506,10291887,50.0,0.84
1,1,1,FALSE,FALSE,FALSE,FALSE,FALSE,FALSE,546,553,562,11301,11289,11285,15699506,10291887,50.0,0.84
1,1,1,FALSE,FALSE,FALSE,FALSE,FALSE,FALSE,546,553,562,11301,11289,11285,15699506,10291887,50.0,0.84
1,1,1,FALSE,FALSE,FALSE,FALSE,FALSE,FALSE,546,553,562,11301,11289,11285,15699506,10291887,50.0,0.84
1,1,1,FALSE,FALSE,FALSE,FALSE,FALSE,FALSE,546,553,562,11301,11289,11285,15699506,10291887,50.0,0.84
1,1,1,FALSE,FALSE,FALSE,FALSE,FALSE,FALSE,546,553,562,11301,11289,11285,15699506,10291887,50.0,0.84
1,1,1,FALSE,FALSE,FALSE,FALSE,FALSE,FALSE,546,553,562,11301,11289,11285,15699506,10291887,50.0,0.84
1,1,1,FALSE,FALSE,FALSE,FALSE,FALSE,FALSE,546,553,562,11301,11289,11285,15699506,10291887,50.0,0.84
1,1,1,FALSE,FALSE,FALSE,FALSE,FALSE,FALSE,546,553,562,11301,11289,11285,15699506,10291887,50.0,0.84
1,1,1,FALSE,FALSE,FALSE,FALSE,FALSE,FALSE,546,553,562,11301,11289,11285,15699506,10291887,50.0,0.84
1,1,1,FALSE,FALSE,FALSE,FALSE,FALSE,FALSE,546,553,562,11301,11289,11285,15699506,10291887,50.0,0.84
1,1,1,FALSE,FALSE,FALSE,FALSE,FALSE,FALSE,546,553,562,11301,11289,11285,15699506,10291887,50.0,0.84
1,1,1,FALSE,FALSE,FALSE,FALSE,FALSE,FALSE,546,553,562,11301,11289,11285,15699506,10291887,50.0,0.84
1,1,1,FALSE,FALSE,FALSE,FALSE,FALSE,FALSE,546,553,562,11301,11289,11285,15699506,10291887,50.0,0.84
1,1,1,FALSE,FALSE,FALSE,FALSE,FALSE,FALSE,546,553,562,11301,11289,11285,15699506,10291887,50.0,0.84
1,1,1,FALSE,FALSE,FALSE,FALSE,FALSE,FALSE,546,553,562,11301,11289,11285,15699506,10291887,50.0,0.84
1,1,1,FALSE,FALSE,FALSE,FALSE,FALSE,FALSE,546,553,562,11301,11289,11285,15699506,10291887,50.0,0.84
1,1,1,FALSE,FALSE,FALSE,FALSE,FALSE,FALSE,546,553,562,11301,11289,11285,15699506,10291887,50.0,0.84
1,1,1,FALSE,FALSE,FALSE,FALSE,FALSE,FALSE,546,553,562,11301,11289,11285,15699506,10291887,50.0,0.84
1,1,1,FALSE,FALSE,FALSE,FALSE,FALSE,FALSE,546,553,562,11301,11289,11285,15699506,10291887,50.0,0.84
1,1,1,FALSE,FALSE,FALSE,FALSE,FALSE,FALSE,546,553,562,11301,11289,11285,15699506,10291887,50.0,0.84
1,1,1,FALSE,FALSE,FALSE,FALSE,FALSE,FALSE,546,553,562,11301,11289,11285,15699506,10291887,50.0,0.84
1,1,1,FALSE,FALSE,FALSE,FALSE,FALSE,FALSE,546,553,562,11301,11289,11285,15699506,10291887,50.0,0.84
1,1,1,FALSE,FALSE,FALSE,FALSE,FALSE,FALSE,546,553,562,11301,11289,11285,15699506,10291887,50.0,0.84
1,1,1,FALSE,FALSE,FALSE,FALSE,FALSE,FALSE,546,553,562,11301,11289,11285,15699506,10291887,50.0,0.84
1,1,1,FALSE,FALSE,FALSE,FALSE,FALSE,FALSE,546,553,562,11301,11289,11285,15699506,10291887,50.0,0.84
1,1,1,FALSE,FALSE,FALSE,FALSE,FALSE,FALSE,546,553,562,11301,11289,11285,15699506,10291887,50.0,0.84
1,1,1,FALSE,FALSE,FALSE,FALSE,FALSE,FALSE,546,553,562,11301,11289,11285,15699506,10291887,50.0,0.84
1,1,1,FALSE,FALSE,FALSE,FALSE,FALSE,FALSE,546,553,562,11301,11289,11285,15699506,10291887,50.0,0.84
1,1,1,FALSE,FALSE,FALSE,FALSE,FALSE,FALSE,546,553,562,11301,11289,11285,15699506,10291887,50.0,0.84
1,1,1,FALSE,FALSE,FALSE,FALSE,FALSE,FALSE,546,553,562,11301,11289,11285,15699506,10291887,50.0,0.84
1,1,1,FALSE,FALSE,FALSE,FALSE,FALSE,FALSE,546,553,562,11301,11289,11285,15699506,10291887,50.0,0.84
1,1,1,FALSE,FALSE,FALSE,FALSE,FALSE,FALSE,546,553,562,11301,11289,11285,15699506,10291887,50.0,0.84
1,1,1,FALSE,FALSE,FALSE,FALSE,FALSE,FALSE,546,553,562,11301,11289,11285,15699506,10291887,50.0,0.84
1,1,1,FALSE,FALSE,FALSE,FALSE,FALSE,FALSE,546,553,562,11301,11289,11285,15699506,10291887,50.0,0.84
1,1,1,FALSE,FALSE,FALSE,FALSE,FALSE,FALSE,546,553,562,11301,11289,11285,15699506,10291887,50.0,0.84
1,1,1,FALSE,FALSE,FALSE,FALSE,FALSE,FALSE,546,553,562,11301,11289,11285,15699506,10291887,50.0,0.84
1,1,1,FALSE,FALSE,FALSE,FALSE,FALSE,FALSE,546,553,562,11301,11289,11285,15699506,10291887,50.0,0.84
1,1,1,FALSE,FALSE,FALSE,FALSE,FALSE,FALSE,546,553,562,11301,11289,11285,15699506,10291887,50.0,0.84
1,1,1,FALSE,FALSE,FALSE,FALSE,FALSE,FALSE,546,553,562,11301,11289,11285,15699506,10291887,50.0,0.84
1,1,1,FALSE,FALSE,FALSE,FALSE,FALSE,FALSE,546,553,562,11301,11289,11285,15699506,10291887,50.0,0.84
1,1,1,FALSE,FALSE,FALSE,FALSE,FALSE,FALSE,546,553,562,11301,11289,11285,15699506,10291887,50.0,0.84
1,1,1,FALSE,FALSE,FALSE,FALSE,FALSE,FALSE,546,553,562,11301,11289,11285,15699506,10291887,50.0,0.84
1,1,1,FALSE,FALSE,FALSE,FALSE,FALSE,FALSE,546,553,562,11301,11289,11285,15699506,10291887,50.0,0.84
1,1,1,FALSE,FALSE,FALSE,FALSE,FALSE,FALSE,546,553,562,11301,11289,11285,15699506,10291887,50.0,0.84
1,1,1,FALSE,FALSE,FALSE,FALSE,FALSE,FALSE,546,553,562,11301,11289,11285,15699506,10291887,50.0,0.84
1,1,1,FALSE,FALSE,FALSE,FALSE,FALSE,FALSE,546,553,562,11301,11289,11285,15699506,10291887,50.0,0.84
1,1,1,FALSE,FALSE,FALSE,FALSE,FALSE,FALSE,546,553,562,11301,11289,11285,15699506,10291887,50.0,0.84
1,1,1,FALSE,FALSE,FALSE,FALSE,FALSE,FALSE,546,553,562,11301,11289,11285,15699506,10291887,50.0,0.84
1,1,1,FALSE,FALSE,FALSE,FALSE,FALSE,FALSE,546,553,562,11301,11289,11285,15699506,10291887,50.0,0.84
1,1,1,FALSE,FALSE,FALSE,FALSE,FALSE,FALSE,546,553,562,11301,11289,11285,15699506,10291887,50.0,0.84
1,1,1,FALSE,FALSE,FALSE,FALSE,FALSE,FALSE,546,553,562,11301,11289,11285,15699506,10291887,50.0,0.84
1,1,1,FALSE,FALSE,FALSE,FALSE,FALSE,FALSE,546,553,562,11301,11289,11285,15699506,10291887,50.0,0.84
1,1,1,FALSE,FALSE,FALSE,FALSE,FALSE,FALSE,546,553,562,11301,11289,11285,15699506,10291887,50.0,0.84
1,1,1,FALSE,FALSE,FALSE,FALSE,FALSE,FALSE,546,553,562,11301,11289,11285,15699506,10291887,50.0,0.84
1,1,1,FALSE,FALSE,FALSE,FALSE,FALSE,FALSE,546,553,562,11301,11289,11285,15699506,10291887,50.0,0.84
1,1,1,FALSE,FALSE,FALSE,FALSE,FALSE,FALSE,546,553,562,11301,11289,11285,15699506,10291887,50.0,0.84
1,1,1,FALSE,FALSE,FALSE,FALSE,FALSE,FALSE,546,553,562,11301,11289,11285,15699506,10291887,50.0,0.84
1,1,1,FALSE,FALSE,FALSE,FALSE,FALSE,FALSE,546,553,562,11301,11289,11285,15699506,10291887,50.0,0.84
1,1,1,FALSE,FALSE,FALSE,FALSE,FALSE,FALSE,546,553,562,11301,11289,11285,15699506,10291887,50.0,0.84
1,1,1,FALSE,FALSE,FALSE,FALSE,FALSE,FALSE,546,553,562,11301,11289,11285,15699506,10291887,50.0,0.84
1,1,1,FALSE,FALSE,FALSE,FALSE,FALSE,FALSE,546,553,562,11301,11289,11285,15699506,10291887,50.0,0.84
1,1,1,FALSE,FALSE,FALSE,FALSE,FALSE,FALSE,546,553,562,11298,11287,11283,15699531,10291968,50.0,0.84
1,1,1,FALSE,FALSE,FALSE,FALSE,FALSE,FALSE,546,553,562,11298,11287,11283,15699531,10291968,50.0,0.84
1,1,1,FALSE,FALSE,FALSE,FALSE,FALSE,FALSE,546,553,562,11298,11287,11283,15699531,10291968,50.0,0.84
1,1,1,FALSE,FALSE,FALSE,FALSE,FALSE,FALSE,546,553,562,11298,11287,11283,15699531,10291968,50.0,0.84
1,1,1,FALSE,FALSE,FALSE,FALSE,FALSE,FALSE,544,551,560,11341,11332,11329,15699089,10290563,50.0,0.84
1,1,1,FALSE,FALSE,FALSE,FALSE,FALSE,FALSE,544,551,560,11341,11332,11329,15699089,10290563,50.0,0.84
1,1,1,FALSE,FALSE,FALSE,FALSE,FALSE,FALSE,544,551,560,11341,11332,11329,15699089,10290563,50.0,0.84
1,1,1,FALSE,FALSE,FALSE,FALSE,FALSE,FALSE,544,551,560,11341,11332,11329,15699089,10290563,50.0,0.84
1,1,1,FALSE,FALSE,FALSE,FALSE,FALSE,FALSE,542,549,557,11383,11375,11373,15698671,10289235,50.0,0.84
1,1,1,FALSE,FALSE,FALSE,FALSE,FALSE,FALSE,544,551,560,11340,11330,11327,15699103,10290609,50.0,0.84
1,1,1,FALSE,FALSE,FALSE,FALSE,FALSE,FALSE,544,551,560,11340,11330,11327,15699103,10290609,50.0,0.84
1,1,1,FALSE,FALSE,FALSE,FALSE,FALSE,FALSE,544,551,560,11340,11330,11327,15699103,10290609,50.0,0.84
1,1,1,FALSE,FALSE,FALSE,FALSE,FALSE,FALSE,544,551,560,11340,11330,11327,15699103,10290609,50.0,0.84
1,1,1,FALSE,FALSE,FALSE,FALSE,FALSE,FALSE,546,553,562,11298,11287,11283,15699531,10291968,50.0,0.84
1,1,1,FALSE,FALSE,FALSE,FALSE,FALSE,FALSE,546,553,562,11298,11287,11283,15699531,10291968,50.0,0.84
1,1,1,FALSE,FALSE,FALSE,FALSE,FALSE,FALSE,546,553,562,11298,11287,11283,15699531,10291968,50.0,0.84
1,1,1,FALSE,FALSE,FALSE,FALSE,FALSE,FALSE,546,553,562,11298,11287,11283,15699531,10291968,50.0,0.84
1,1,1,FALSE,FALSE,FALSE,FALSE,FALSE,FALSE,546,553,562,11298,11287,11283,15699531,10291968,50.0,0.84
1,1,1,FALSE,FALSE,FALSE,FALSE,FALSE,FALSE,546,553,562,11298,11287,11283,15699531,10291968,50.0,0.84
1,1,1,FALSE,FALSE,FALSE,FALSE,FALSE,FALSE,546,553,562,11298,11287,11283,15699531,10291968,50.0,0.84
1,1,1,FALSE,FALSE,FALSE,FALSE,FALSE,FALSE,546,553,562,11301,11289,11285,15699506,10291887,50.0,0.84
1,1,1,FALSE,FALSE,FALSE,FALSE,FALSE,FALSE,546,553,562,11301,11289,11285,15699506,10291887,50.0,0.84
1,1,1,FALSE,FALSE,FALSE,FALSE,FALSE,FALSE,546,553,562,11301,11289,11285,15699506,10291887,50.0,0.84
1,1,1,FALSE,FALSE,FALSE,FALSE,FALSE,FALSE,546,553,562,11301,11289,11285,15699506,10291887,50.0,0.84
1,1,1,FALSE,FALSE,FALSE,FALSE,FALSE,FALSE,546,553,562,11301,11289,11285,15699506,10291887,50.0,0.84
1,1,1,FALSE,FALSE,FALSE,FALSE,FALSE,FALSE,546,553,562,11301,11289,11285,15699506,10291887,50.0,0.84
1,1,1,FALSE,FALSE,FALSE,FALSE,FALSE,FALSE,546,553,562,11301,11289,11285,15699506,10291887,50.0,0.84
1,1,1,FALSE,FALSE,FALSE,FALSE,FALSE,FALSE,546,553,562,11301,11289,11285,15699506,10291887,50.0,0.84
1,1,1,FALSE,FALSE,FALSE,FALSE,FALSE,FALSE,546,553,562,11301,11289,11285,15699506,10291887,50.0,0.84
1,1,1,FALSE,FALSE,FALSE,FALSE,FALSE,FALSE,546,553,562,11301,11289,11285,15699506,10291887,50.0,0.84
1,1,1,FALSE,FALSE,FALSE,FALSE,FALSE,FALSE,546,553,562,11301,11289,11285,15699506,10291887,50.0,0.84
1,1,1,FALSE,FALSE,FALSE,FALSE,FALSE,FALSE,546,553,562,11301,11289,11285,15699506,10291887,50.0,0.84
1,1,1,FALSE,FALSE,FALSE,FALSE,FALSE,FALSE,546,553,562,11301,11289,11285,15699506,10291887,50.0,0.84
1,1,1,FALSE,FALSE,FALSE,FALSE,FALSE,FALSE,546,553,562,11301,11289,11285,15699506,10291887,50.0,0.84
1,1,1,FALSE,FALSE,FALSE,FALSE,FALSE,FALSE,546,553,562,11301,11289,11285,15699506,10291887,50.0,0.84
1,1,1,FALSE,FALSE,FALSE,FALSE,FALSE,FALSE,546,553,562,11301,11289,11285,15699506,10291887,50.0,0.84
1,1,1,FALSE,FALSE,FALSE,FALSE,FALSE,FALSE,546,553,562,11301,11289,11285,15699506,10291887,50.0,0.84
1,1,1,FALSE,FALSE,FALSE,FALSE,FALSE,FALSE,546,553,562,11301,11289,11285,15699506,10291887,50.0,0.84
1,1,1,FALSE,FALSE,FALSE,FALSE,FALSE,FALSE,546,553,562,11301,11289,11285,15699506,10291887,50.0,0.84
1,1,1,FALSE,FALSE,FALSE,FALSE,FALSE,FALSE,546,553,562,11301,11289,11285,15699506,10291887,50.0,0.84
1,1,1,FALSE,FALSE,FALSE,FALSE,FALSE,FALSE,546,553,562,11301,11289,11285,15699506,10291887,50.0,0.84
1,1,1,FALSE,FALSE,FALSE,FALSE,FALSE,FALSE,546,553,562,11301,11289,11285,15699506,10291887,50.0,0.84
1,1,1,FALSE,FALSE,FALSE,FALSE,FALSE,FALSE,546,553,562,11301,11289,11285,15699506,10291887,50.0,0.84
1,1,1,FALSE,FALSE,FALSE,FALSE,FALSE,FALSE,546,553,562,11301,11289,11285,15699506,10291887,50.0,0.84
1,1,1,FALSE,FALSE,FALSE,FALSE,FALSE,FALSE,546,553,562,11301,11289,11285,15699506,10291887,50.0,0.84
1,1,1,FALSE,FALSE,FALSE,FALSE,FALSE,FALSE,546,553,562,11301,11289,11285,15699506,10291887,50.0,0.84
1,1,1,FALSE,FALSE,FALSE,FALSE,FALSE,FALSE,546,553,562,11301,11289,11285,15699506,10291887,50.0,0.84
1,1,1,FALSE,FALSE,FALSE,FALSE,FALSE,FALSE,546,553,562,11301,11289,11285,15699506,10291887,50.0,0.84
1,1,1,FALSE,FALSE,FALSE,FALSE,FALSE,FALSE,546,553,562,11301,11289,11285,15699506,10291887,50.0,0.84
1,1,1,FALSE,FALSE,FALSE,FALSE,FALSE,FALSE,546,553,562,11301,11289,11285,15699506,10291887,50.0,0.84
1,1,1,FALSE,FALSE,FALSE,FALSE,FALSE,FALSE,546,553,562,11301,11289,11285,15699506,10291887,50.0,0.84
1,1,1,FALSE,FALSE,FALSE,FALSE,FALSE,FALSE,546,553,562,11301,11289,11285,15699506,10291887,50.0,0.84
1,1,1,FALSE,FALSE,FALSE,FALSE,FALSE,FALSE,546,553,562,11301,11289,11285,15699506,10291887,50.0,0.84
1,1,1,FALSE,FALSE,FALSE,FALSE,FALSE,FALSE,546,553,562,11301,11289,11285,15699506,10291887,50.0,0.84
1,1,1,FALSE,FALSE,FALSE,FALSE,FALSE,FALSE,546,553,562,11301,11289,11285,15699506,10291887,50.0,0.84
1,1,1,FALSE,FALSE,FALSE,FALSE,FALSE,FALSE,546,553,562,11301,11289,11285,15699506,10291887,50.0,0.84
1,1,1,FALSE,FALSE,FALSE,FALSE,FALSE,FALSE,546,553,562,11301,11289,11285,15699506,10291887,50.0,0.84
1,1,1,FALSE,FALSE,FALSE,FALSE,FALSE,FALSE,546,553,562,11301,11289,11285,15699506,10291887,50.0,0.84
1,1,1,FALSE,FALSE,FALSE,FALSE,FALSE,FALSE,546,553,562,11301,11289,11285,15699506,10291887,50.0,0.84
1,1,1,FALSE,FALSE,FALSE,FALSE,FALSE,FALSE,546,553,562,11301,11289,11285,15699506,10291887,50.0,0.84
1,1,1,FALSE,FALSE,FALSE,FALSE,FALSE,FALSE,546,553,562,11301,11289,11285,15699506,10291887,50.0,0.84
1,1,1,FALSE,FALSE,FALSE,FALSE,FALSE,FALSE,546,553,562,11301,11289,11285,15699506,10291887,50.0,0.84
1,1,1,FALSE,FALSE,FALSE,FALSE,FALSE,FALSE,546,553,562,11301,11289,11285,15699506,10291887,50.0,0.84
1,1,1,FALSE,FALSE,FALSE,FALSE,FALSE,FALSE,546,553,562,11301,11289,11285,15699506,10291887,50.0,0.84
1,1,1,FALSE,FALSE,FALSE,FALSE,FALSE,FALSE,546,553,562,11301,11289,11285,15699506,10291887,50.0,0.84
1,1,1,FALSE,FALSE,FALSE,FALSE,FALSE,FALSE,546,553,562,11301,11289,11285,15699506,10291887,50.0,0.84
1,1,1,FALSE,FALSE,FALSE,FALSE,FALSE,FALSE,546,553,562,11301,11289,11285,15699506,10291887,50.0,0.84
1,1,1,FALSE,FALSE,FALSE,FALSE,FALSE,FALSE,546,553,562,11301,11289,11285,15699506,10291887,50.0,0.84
1,1,1,FALSE,FALSE,FALSE,FALSE,FALSE,FALSE,546,553,562,11301,11289,11285,15699506,10291887,50.0,0.84
1,1,1,FALSE,FALSE,FALSE,FALSE,FALSE,FALSE,546,553,562,11301,11289,11285,15699506,10291887,50.0,0.84
1,1,1,FALSE,FALSE,FALSE,FALSE,FALSE,FALSE,546,553,562,11301,11289,11285,15699506,10291887,50.0,0.84
1,1,1,FALSE,FALSE,FALSE,FALSE,FALSE,FALSE,546,553,562,11301,11289,11285,15699506,10291887,50.0,0.84
1,1,1,FALSE,FALSE,FALSE,FALSE,FALSE,FALSE,546,553,562,11301,11289,11285,15699506,10291887,50.0,0.84
1,1,1,FALSE,FALSE,FALSE,FALSE,FALSE,FALSE,546,553,562,11301,11289,11285,15699506,10291887,50.0,0.84
1,1,1,FALSE,FALSE,FALSE,FALSE,FALSE,FALSE,546,553,562,11301,11289,11285,15699506,10291887,50.0,0.84
1,1,1,FALSE,FALSE,FALSE,FALSE,FALSE,FALSE,546,553,562,11301,11289,11285,15699506,10291887,50.0,0.84
1,1,1,FALSE,FALSE,FALSE,FALSE,FALSE,FALSE,546,553,562,11301,11289,11285,15699506,10291887,50.0,0.84
1,1,1,FALSE,FALSE,FALSE,FALSE,FALSE,FALSE,546,553,562,11301,11289,11285,15699506,10291887,50.0,0.84
1,1,1,FALSE,FALSE,FALSE,FALSE,FALSE,FALSE,546,553,562,11301,11289,11285,15699506,10291887,50.0,0.84
1,1,1,FALSE,FALSE,FALSE,FALSE,FALSE,FALSE,546,553,562,11301,11289,11285,15699506,10291887,50.0,0.84
1,1,1,FALSE,FALSE,FALSE,FALSE,FALSE,FALSE,546,553,562,11298,11287,11283,15699531,10291968,50.0,0.84
1,1,1,FALSE,FALSE,FALSE,FALSE,FALSE,FALSE,546,553,562,11298,11287,11283,15699531,10291968,50.0,0.84
1,1,1,FALSE,FALSE,FALSE,FALSE,FALSE,FALSE,546,553,562,11298,11287,11283,15699531,10291968,50.0,0.84
1,1,1,FALSE,FALSE,FALSE,FALSE,FALSE,FALSE,546,553,562,11298,11286,11282,15699537,10291984,50.0,0.84
1,1,1,FALSE,FALSE,FALSE,FALSE,FALSE,FALSE,544,551,560,11340,11330,11327,15699109,10290625,50.0,0.84
1,1,1,FALSE,FALSE,FALSE,FALSE,FALSE,FALSE,544,551,560,11340,11330,11327,15699109,10290625,50.0,0.84
1,1,1,FALSE,FALSE,FALSE,FALSE,FALSE,FALSE,544,551,560,11340,11330,11327,15699109,10290625,50.0,0.84
1,1,1,FALSE,FALSE,FALSE,FALSE,FALSE,FALSE,544,551,560,11340,11330,11327,15699109,10290625,50.0,0.84
1,1,1,FALSE,FALSE,FALSE,FALSE,FALSE,FALSE,542,549,558,11381,11374,11371,15698685,10289280,50.0,0.84
1,1,1,FALSE,FALSE,FALSE,FALSE,FALSE,FALSE,542,549,558,11381,11374,11371,15698685,10289280,50.0,0.84
1,1,1,FALSE,FALSE,FALSE,FALSE,FALSE,FALSE,544,551,560,11340,11330,11327,15699103,10290609,50.0,0.84
1,1,1,FALSE,FALSE,FALSE,FALSE,FALSE,FALSE,544,551,560,11340,11330,11327,15699103,10290609,50.0,0.84
1,1,1,FALSE,FALSE,FALSE,FALSE,FALSE,FALSE,544,551,560,11340,11330,11327,15699103,10290609,50.0,0.84
1,1,1,FALSE,FALSE,FALSE,FALSE,FALSE,FALSE,544,551,560,11340,11330,11327,15699103,10290609,50.0,0.84
1,1,1,FALSE,FALSE,FALSE,FALSE,FALSE,FALSE,546,553,562,11298,11286,11282,15699537,10291984,50.0,0.84
1,1,1,FALSE,FALSE,FALSE,FALSE,FALSE,FALSE,546,553,562,11298,11286,11282,15699537,10291984,50.0,0.84
1,1,1,FALSE,FALSE,FALSE,FALSE,FALSE,FALSE,546,553,562,11298,11286,11282,15699537,10291984,50.0,0.84
1,1,1,FALSE,FALSE,FALSE,FALSE,FALSE,FALSE,546,553,562,11298,11286,11282,15699537,10291984,50.0,0.84
1,1,1,FALSE,FALSE,FALSE,FALSE,FALSE,FALSE,546,553,562,11298,11286,11282,15699537,10291984,50.0,0.84
1,1,1,FALSE,FALSE,FALSE,FALSE,FALSE,FALSE,546,553,562,11298,11286,11282,15699537,10291984,50.0,0.84
1,1,1,FALSE,FALSE,FALSE,FALSE,FALSE,FALSE,546,553,562,11298,11286,11282,15699537,10291984,50.0,0.84
1,1,1,FALSE,FALSE,FALSE,FALSE,FALSE,FALSE,546,553,562,11298,11286,11282,15699537,10291984,50.0,0.84
1,1,1,FALSE,FALSE,FALSE,FALSE,FALSE,FALSE,546,553,562,11298,11286,11282,15699537,10291984,50.0,0.84
1,1,1,FALSE,FALSE,FALSE,FALSE,FALSE,FALSE,546,553,562,11300,11288,11284,15699517,10291921,50.0,0.84
1,1,1,FALSE,FALSE,FALSE,FALSE,FALSE,FALSE,546,553,562,11300,11288,11284,15699517,10291921,50.0,0.84
1,1,1,FALSE,FALSE,FALSE,FALSE,FALSE,FALSE,546,553,562,11300,11288,11284,15699517,10291921,50.0,0.84
1,1,1,FALSE,FALSE,FALSE,FALSE,FALSE,FALSE,546,553,562,11300,11288,11284,15699517,10291921,50.0,0.84
1,1,1,FALSE,FALSE,FALSE,FALSE,FALSE,FALSE,546,553,562,11300,11288,11284,15699517,10291921,50.0,0.84
1,1,1,FALSE,FALSE,FALSE,FALSE,FALSE,FALSE,546,553,562,11300,11288,11284,15699517,10291921,50.0,0.84
1,1,1,FALSE,FALSE,FALSE,FALSE,FALSE,FALSE,546,553,562,11300,11288,11284,15699517,10291921,50.0,0.84
1,1,1,FALSE,FALSE,FALSE,FALSE,FALSE,FALSE,546,553,562,11300,11288,11284,15699517,10291921,50.0,0.84
1,1,1,FALSE,FALSE,FALSE,FALSE,FALSE,FALSE,546,553,562,11300,11288,11284,15699517,10291921,50.0,0.84
1,1,1,FALSE,FALSE,FALSE,FALSE,FALSE,FALSE,546,553,562,11300,11288,11284,15699517,10291921,50.0,0.84
1,1,1,FALSE,FALSE,FALSE,FALSE,FALSE,FALSE,546,553,562,11300,11288,11284,15699517,10291921,50.0,0.84
1,1,1,FALSE,FALSE,FALSE,FALSE,FALSE,FALSE,546,553,562,11300,11288,11284,15699517,10291921,50.0,0.84
1,1,1,FALSE,FALSE,FALSE,FALSE,FALSE,FALSE,546,553,562,11300,11288,11284,15699517,10291921,50.0,0.84
1,1,1,FALSE,FALSE,FALSE,FALSE,FALSE,FALSE,546,553,562,11300,11288,11284,15699517,10291921,50.0,0.84
1,1,1,FALSE,FALSE,FALSE,FALSE,FALSE,FALSE,546,553,562,11300,11288,11284,15699517,10291921,50.0,0.84
1,1,1,FALSE,FALSE,FALSE,FALSE,FALSE,FALSE,546,553,562,11300,11288,11284,15699517,10291921,50.0,0.84
1,1,1,FALSE,FALSE,FALSE,FALSE,FALSE,FALSE,546,553,562,11300,11288,11284,15699517,10291921,50.0,0.84
1,1,1,FALSE,FALSE,FALSE,FALSE,FALSE,FALSE,546,553,562,11300,11288,11284,15699517,10291921,50.0,0.84
1,1,1,FALSE,FALSE,FALSE,FALSE,FALSE,FALSE,546,553,562,11300,11288,11284,15699517,10291921,50.0,0.84
1,1,1,FALSE,FALSE,FALSE,FALSE,FALSE,FALSE,546,553,562,11300,11288,11284,15699517,10291921,50.0,0.84
1,1,1,FALSE,FALSE,FALSE,FALSE,FALSE,FALSE,546,553,562,11300,11288,11284,15699517,10291921,50.0,0.84
1,1,1,FALSE,FALSE,FALSE,FALSE,FALSE,FALSE,546,553,562,11300,11288,11284,15699517,10291921,50.0,0.84
1,1,1,FALSE,FALSE,FALSE,FALSE,FALSE,FALSE,546,553,562,11300,11288,11284,15699517,10291921,50.0,0.84
1,1,1,FALSE,FALSE,FALSE,FALSE,FALSE,FALSE,546,553,562,11300,11288,11284,15699517,10291921,50.0,0.84
1,1,1,FALSE,FALSE,FALSE,FALSE,FALSE,FALSE,546,553,562,11300,11288,11284,15699517,10291921,50.0,0.84
1,1,1,FALSE,FALSE,FALSE,FALSE,FALSE,FALSE,546,553,562,11300,11288,11284,15699517,10291921,50.0,0.84
1,1,1,FALSE,FALSE,FALSE,FALSE,FALSE,FALSE,546,553,562,11300,11288,11284,15699517,10291921,50.0,0.84
1,1,1,FALSE,FALSE,FALSE,FALSE,FALSE,FALSE,546,553,562,11300,11288,11284,15699517,10291921,50.0,0.84
1,1,1,FALSE,FALSE,FALSE,FALSE,FALSE,FALSE,546,553,562,11300,11288,11284,15699517,10291921,50.0,0.84
1,1,1,FALSE,FALSE,FALSE,FALSE,FALSE,FALSE,546,553,562,11300,11288,11284,15699517,10291921,50.0,0.84
1,1,1,FALSE,FALSE,FALSE,FALSE,FALSE,FALSE,546,553,562,11300,11288,11284,15699517,10291921,50.0,0.84
1,1,1,FALSE,FALSE,FALSE,FALSE,FALSE,FALSE,546,553,562,11300,11288,11284,15699517,10291921,50.0,0.84
1,1,1,FALSE,FALSE,FALSE,FALSE,FALSE,FALSE,546,553,562,11300,11288,11284,15699517,10291921,50.0,0.84
1,1,1,FALSE,FALSE,FALSE,FALSE,FALSE,FALSE,546,553,562,11300,11288,11284,15699517,10291921,50.0,0.84
1,1,1,FALSE,FALSE,FALSE,FALSE,FALSE,FALSE,546,553,562,11300,11288,11284,15699517,10291921,50.0,0.84
1,1,1,FALSE,FALSE,FALSE,FALSE,FALSE,FALSE,546,553,562,11300,11288,11284,15699517,10291921,50.0,0.84
1,1,1,FALSE,FALSE,FALSE,FALSE,FALSE,FALSE,546,553,562,11300,11288,11284,15699517,10291921,50.0,0.84
1,1,1,FALSE,FALSE,FALSE,FALSE,FALSE,FALSE,546,553,562,11300,11288,11284,15699517,10291921,50.0,0.84
1,1,1,FALSE,FALSE,FALSE,FALSE,FALSE,FALSE,546,553,562,11300,11288,11284,15699517,10291921,50.0,0.84
1,1,1,FALSE,FALSE,FALSE,FALSE,FALSE,FALSE,546,553,562,11300,11288,11284,15699517,10291921,50.0,0.84
1,1,1,FALSE,FALSE,FALSE,FALSE,FALSE,FALSE,546,553,562,11300,11288,11284,15699517,10291921,50.0,0.84
1,1,1,FALSE,FALSE,FALSE,FALSE,FALSE,FALSE,546,553,562,11300,11288,11284,15699517,10291921,50.0,0.84
1,1,1,FALSE,FALSE,FALSE,FALSE,FALSE,FALSE,546,553,562,11300,11288,11284,15699517,10291921,50.0,0.84
1,1,1,FALSE,FALSE,FALSE,FALSE,FALSE,FALSE,546,553,562,11300,11288,11284,15699517,10291921,50.0,0.84
1,1,1,FALSE,FALSE,FALSE,FALSE,FALSE,FALSE,546,553,562,11300,11288,11284,15699517,10291921,50.0,0.84
1,1,1,FALSE,FALSE,FALSE,FALSE,FALSE,FALSE,546,553,562,11300,11288,11284,15699517,10291921,50.0,0.84
1,1,1,FALSE,FALSE,FALSE,FALSE,FALSE,FALSE,546,553,562,11300,11288,11284,15699517,10291921,50.0,0.84
1,1,1,FALSE,FALSE,FALSE,FALSE,FALSE,FALSE,546,553,562,11300,11288,11284,15699517,10291921,50.0,0.84
1,1,1,FALSE,FALSE,FALSE,FALSE,FALSE,FALSE,546,553,562,11300,11288,11284,15699517,10291921,50.0,0.84
1,1,1,FALSE,FALSE,FALSE,FALSE,FALSE,FALSE,546,553,562,11300,11288,11284,15699517,10291921,50.0,0.84
1,1,1,FALSE,FALSE,FALSE,FALSE,FALSE,FALSE,546,553,562,11300,11288,11284,15699517,10291921,50.0,0.84
1,1,1,FALSE,FALSE,FALSE,FALSE,FALSE,FALSE,546,553,562,11300,11288,11284,15699517,10291921,50.0,0.84
1,1,1,FALSE,FALSE,FALSE,FALSE,FALSE,FALSE,546,553,562,11300,11288,11284,15699517,10291921,50.0,0.84
1,1,1,FALSE,FALSE,FALSE,FALSE,FALSE,FALSE,546,553,562,11300,11288,11284,15699517,10291921,50.0,0.84
1,1,1,FALSE,FALSE,FALSE,FALSE,FALSE,FALSE,546,553,562,11300,11288,11284,15699517,10291921,50.0,0.84
1,1,1,FALSE,FALSE,FALSE,FALSE,FALSE,FALSE,546,553,562,11300,11288,11284,15699517,10291921,50.0,0.84
1,1,1,FALSE,FALSE,FALSE,FALSE,FALSE,FALSE,546,553,562,11300,11288,11284,15699517,10291921,50.0,0.84
1,1,1,FALSE,FALSE,FALSE,FALSE,FALSE,FALSE,546,553,562,11300,11288,11284,15699517,10291921,50.0,0.84
1,1,1,FALSE,FALSE,FALSE,FALSE,FALSE,FALSE,546,553,562,11300,11288,11284,15699517,10291921,50.0,0.84
1,1,1,FALSE,FALSE,FALSE,FALSE,FALSE,FALSE,546,553,562,11300,11288,11284,15699517,10291921,50.0,0.84
1,1,1,FALSE,FALSE,FALSE,FALSE,FALSE,FALSE,546,553,562,11300,11288,11284,15699517,10291921,50.0,0.84
1,1,1,FALSE,FALSE,FALSE,FALSE,FALSE,FALSE,546,553,562,11300,11288,11284,15699517,10291921,50.0,0.84
1,1,1,FALSE,FALSE,FALSE,FALSE,FALSE,FALSE,546,553,562,11300,11288,11284,15699517,10291921,50.0,0.84
1,1,1,FALSE,FALSE,FALSE,FALSE,FALSE,FALSE,546,553,562,11300,11288,11284,15699517,10291921,50.0,0.84
1,1,1,FALSE,FALSE,FALSE,FALSE,FALSE,FALSE,546,553,562,11300,11288,11284,15699517,10291921,50.0,0.84
1,1,1,FALSE,FALSE,FALSE,FALSE,FALSE,FALSE,546,553,562,11300,11288,11284,15699517,10291921,50.0,0.84
1,1,1,FALSE,FALSE,FALSE,FALSE,FALSE,FALSE,546,553,562,11300,11288,11284,15699517,10291921,50.0,0.84
1,1,1,FALSE,FALSE,FALSE,FALSE,FALSE,FALSE,546,553,562,11300,11288,11284,15699517,10291921,50.0,0.84
1,1,1,FALSE,FALSE,FALSE,FALSE,FALSE,FALSE,546,553,562,11300,11288,11284,15699517,10291921,50.0,0.84
1,1,1,FALSE,FALSE,FALSE,FALSE,FALSE,FALSE,546,553,562,11300,11288,11284,15699517,10291921,50.0,0.84
1,1,1,FALSE,FALSE,FALSE,FALSE,FALSE,FALSE,546,553,562,11300,11288,11284,15699517,10291921,50.0,0.84
1,1,1,FALSE,FALSE,FALSE,FALSE,FALSE,FALSE,546,553,562,11300,11288,11284,15699517,10291921,50.0,0.84
1,1,1,FALSE,FALSE,FALSE,FALSE,FALSE,FALSE,546,553,562,11300,11288,11284,15699517,10291921,50.0,0.84
1,1,1,FALSE,FALSE,FALSE,FALSE,FALSE,FALSE,546,553,562,11300,11288,11284,15699517,10291921,50.0,0.84
1,1,1,FALSE,FALSE,FALSE,FALSE,FALSE,FALSE,546,553,562,11300,11288,11284,15699517,10291921,50.0,0.84
1,1,1,FALSE,FALSE,FALSE,FALSE,FALSE,FALSE,546,553,562,11300,11288,11284,15699517,10291921,50.0,0.84
1,1,1,FALSE,FALSE,FALSE,FALSE,FALSE,FALSE,546,553,562,11300,11288,11284,15699517,10291921,50.0,0.84
1,1,1,FALSE,FALSE,FALSE,FALSE,FALSE,FALSE,546,553,562,11300,11288,11284,15699517,10291921,50.0,0.84
1,1,1,FALSE,FALSE,FALSE,FALSE,FALSE,FALSE,546,553,562,11300,11288,11284,15699517,10291921,50.0,0.84
1,1,1,FALSE,FALSE,FALSE,FALSE,FALSE,FALSE,546,553,562,11300,11288,11284,15699517,10291921,50.0,0.84
1,1,1,FALSE,FALSE,FALSE,FALSE,FALSE,FALSE,546,553,562,11300,11288,11284,15699517,10291921,50.0,0.84
1,1,1,FALSE,FALSE,FALSE,FALSE,FALSE,FALSE,546,553,562,11300,11288,11284,15699517,10291921,50.0,0.84
1,1,1,FALSE,FALSE,FALSE,FALSE,FALSE,FALSE,546,553,562,11300,11288,11284,15699517,10291921,50.0,0.84
1,1,1,FALSE,FALSE,FALSE,FALSE,FALSE,FALSE,546,553,562,11300,11288,11284,15699517,10291921,50.0,0.84
1,1,1,FALSE,FALSE,FALSE,FALSE,FALSE,FALSE,546,553,562,11300,11288,11284,15699517,10291921,50.0,0.84
1,1,1,FALSE,FALSE,FALSE,FALSE,FALSE,FALSE,546,553,562,11300,11288,11284,15699517,10291921,50.0,0.84
1,1,1,FALSE,FALSE,FALSE,FALSE,FALSE,FALSE,546,553,562,11300,11288,11284,15699517,10291921,50.0,0.84
1,1,1,FALSE,FALSE,FALSE,FALSE,FALSE,FALSE,546,553,562,11300,11288,11284,15699517,10291921,50.0,0.84
1,1,1,FALSE,FALSE,FALSE,FALSE,FALSE,FALSE,546,553,562,11300,11288,11284,15699517,10291921,50.0,0.84
1,1,1,FALSE,FALSE,FALSE,FALSE,FALSE,FALSE,546,553,562,11300,11288,11284,15699517,10291921,50.0,0.84
1,1,1,FALSE,FALSE,FALSE,FALSE,FALSE,FALSE,546,553,562,11300,11288,11284,15699517,10291921,50.0,0.84
1,1,1,FALSE,FALSE,FALSE,FALSE,FALSE,FALSE,546,553,562,11300,11288,11284,15699517,10291921,50.0,0.84
1,1,1,FALSE,FALSE,FALSE,FALSE,FALSE,FALSE,546,553,562,11300,11288,11284,15699517,10291921,50.0,0.84
1,1,1,FALSE,FALSE,FALSE,FALSE,FALSE,FALSE,546,553,562,11300,11288,11284,15699517,10291921,50.0,0.84
1,1,1,FALSE,FALSE,FALSE,FALSE,FALSE,FALSE,546,553,562,11300,11288,11284,15699517,10291921,50.0,0.84
1,1,1,FALSE,FALSE,FALSE,FALSE,FALSE,FALSE,546,553,562,11300,11288,11284,15699517,10291921,50.0,0.84
1,1,1,FALSE,FALSE,FALSE,FALSE,FALSE,FALSE,546,553,562,11300,11288,11284,15699517,10291921,50.0,0.84
1,1,1,FALSE,FALSE,FALSE,FALSE,FALSE,FALSE,546,553,562,11300,11288,11284,15699517,10291921,50.0,0.84
1,1,1,FALSE,FALSE,FALSE,FALSE,FALSE,FALSE,546,553,562,11300,11288,11284,15699517,10291921,50.0,0.84
1,1,1,FALSE,FALSE,FALSE,FALSE,FALSE,FALSE,546,553,562,11297,11286,11282,15699542,10292002,50.0,0.84
1,1,1,FALSE,FALSE,FALSE,FALSE,FALSE,FALSE,546,553,562,11297,11286,11282,15699542,10292002,50.0,0.84
1,1,1,FALSE,FALSE,FALSE,FALSE,FALSE,FALSE,546,553,562,11297,11286,11282,15699542,10292002,50.0,0.84
1,1,1,FALSE,FALSE,FALSE,FALSE,FALSE,FALSE,546,553,562,11297,11286,11282,15699542,10292002,50.0,0.84
1,1,1,FALSE,FALSE,FALSE,FALSE,FALSE,FALSE,546,553,562,11297,11286,11282,15699542,10292002,50.0,0.84
1,1,1,FALSE,FALSE,FALSE,FALSE,FALSE,FALSE,546,553,562,11297,11286,11282,15699542,10292002,50.0,0.84
1,1,1,FALSE,FALSE,FALSE,FALSE,FALSE,FALSE,546,553,562,11297,11286,11282,15699542,10292002,50.0,0.84
1,1,1,FALSE,FALSE,FALSE,FALSE,FALSE,FALSE,546,553,562,11297,11286,11282,15699542,10292002,50.0,0.84
1,1,1,FALSE,FALSE,FALSE,FALSE,FALSE,FALSE,546,553,562,11297,11286,11282,15699542,10292002,50.0,0.84
1,1,1,FALSE,FALSE,FALSE,FALSE,FALSE,FALSE,546,553,562,11297,11286,11282,15699542,10292002,50.0,0.84
1,1,1,FALSE,FALSE,FALSE,FALSE,FALSE,FALSE,546,553,562,11297,11286,11282,15699542,10292002,50.0,0.84
1,1,1,FALSE,FALSE,FALSE,FALSE,FALSE,FALSE,546,553,562,11297,11286,11282,15699542,10292002,50.0,0.84
1,1,1,FALSE,FALSE,FALSE,FALSE,FALSE,FALSE,546,553,562,11297,11286,11282,15699542,10292002,50.0,0.84
1,1,1,FALSE,FALSE,FALSE,FALSE,FALSE,FALSE,546,553,562,11297,11286,11282,15699542,10292002,50.0,0.84
1,1,1,FALSE,FALSE,FALSE,FALSE,FALSE,FALSE,546,553,562,11297,11286,11282,15699542,10292002,50.0,0.84
1,1,1,FALSE,FALSE,FALSE,FALSE,FALSE,FALSE,546,553,562,11297,11286,11282,15699542,10292002,50.0,0.84
1,1,1,FALSE,FALSE,FALSE,FALSE,FALSE,FALSE,546,553,562,11297,11286,11282,15699542,10292002,50.0,0.84
1,1,1,FALSE,FALSE,FALSE,FALSE,FALSE,FALSE,546,553,562,11297,11286,11282,15699542,10292002,50.0,0.84
1,1,1,FALSE,FALSE,FALSE,FALSE,FALSE,FALSE,546,553,562,11297,11286,11282,15699542,10292002,50.0,0.84
1,1,1,FALSE,FALSE,FALSE,FALSE,FALSE,FALSE,546,553,562,11297,11286,11282,15699542,10292002,50.0,0.84
1,1,1,FALSE,FALSE,FALSE,FALSE,FALSE,FALSE,546,553,562,11297,11286,11282,15699542,10292002,50.0,0.84
1,1,1,FALSE,FALSE,FALSE,FALSE,FALSE,FALSE,546,553,562,11297,11286,11282,15699542,10292002,50.0,0.84
1,1,1,FALSE,FALSE,FALSE,FALSE,FALSE,FALSE,546,553,562,11297,11286,11282,15699542,10292002,50.0,0.84
1,1,1,FALSE,FALSE,FALSE,FALSE,FALSE,FALSE,546,553,562,11297,11286,11282,15699542,10292002,50.0,0.84
1,1,1,FALSE,FALSE,FALSE,FALSE,FALSE,FALSE,546,553,562,11297,11286,11282,15699542,10292002,50.0,0.84
1,1,1,FALSE,FALSE,FALSE,FALSE,FALSE,FALSE,546,553,562,11297,11286,11282,15699542,10292002,50.0,0.84
1,1,1,FALSE,FALSE,FALSE,FALSE,FALSE,FALSE,546,553,562,11297,11286,11282,15699542,10292002,50.0,0.84
1,1,1,FALSE,FALSE,FALSE,FALSE,FALSE,FALSE,546,553,562,11297,11286,11282,15699542,10292002,50.0,0.84
1,1,1,FALSE,FALSE,FALSE,FALSE,FALSE,FALSE,546,553,562,11297,11286,11282,15699542,10292002,50.0,0.84
1,1,1,FALSE,FALSE,FALSE,FALSE,FALSE,FALSE,546,553,562,11297,11286,11282,15699542,10292002,50.0,0.84
1,1,1,FALSE,FALSE,FALSE,FALSE,FALSE,FALSE,546,553,562,11297,11286,11282,15699542,10292002,50.0,0.84
1,1,1,FALSE,FALSE,FALSE,FALSE,FALSE,FALSE,546,553,562,11297,11286,11282,15699542,10292002,50.0,0.84
1,1,1,FALSE,FALSE,FALSE,FALSE,FALSE,FALSE,546,553,562,11297,11286,11282,15699542,10292002,50.0,0.84
1,1,1,FALSE,FALSE,FALSE,FALSE,FALSE,FALSE,546,553,562,11297,11286,11282,15699542,10292002,50.0,0.84
1,1,1,FALSE,FALSE,FALSE,FALSE,FALSE,FALSE,546,553,562,11297,11286,11282,15699542,10292002,50.0,0.84
1,1,1,FALSE,FALSE,FALSE,FALSE,FALSE,FALSE,546,553,562,11297,11286,11282,15699542,10292002,50.0,0.84
1,1,1,FALSE,FALSE,FALSE,FALSE,FALSE,FALSE,546,553,562,11297,11286,11282,15699542,10292002,50.0,0.84
1,1,1,FALSE,FALSE,FALSE,FALSE,FALSE,FALSE,546,553,562,11297,11286,11282,15699542,10292002,50.0,0.84
1,1,1,FALSE,FALSE,FALSE,FALSE,FALSE,FALSE,546,553,562,11297,11286,11282,15699542,10292002,50.0,0.84
1,1,1,FALSE,FALSE,FALSE,FALSE,FALSE,FALSE,546,553,562,11297,11286,11282,15699542,10292002,50.0,0.84
1,1,1,FALSE,FALSE,FALSE,FALSE,FALSE,FALSE,546,553,562,11297,11286,11282,15699542,10292002,50.0,0.84
1,1,1,FALSE,FALSE,FALSE,FALSE,FALSE,FALSE,546,553,562,11297,11286,11282,15699542,10292002,50.0,0.84
1,1,1,FALSE,FALSE,FALSE,FALSE,FALSE,FALSE,546,553,562,11297,11286,11282,15699542,10292002,50.0,0.84
1,1,1,FALSE,FALSE,FALSE,FALSE,FALSE,FALSE,546,553,562,11297,11286,11282,15699542,10292002,50.0,0.84
1,1,1,FALSE,FALSE,FALSE,FALSE,FALSE,FALSE,546,553,562,11297,11286,11282,15699542,10292002,50.0,0.84
1,1,1,FALSE,FALSE,FALSE,FALSE,FALSE,FALSE,546,553,562,11297,11286,11282,15699542,10292002,50.0,0.84
1,1,1,FALSE,FALSE,FALSE,FALSE,FALSE,FALSE,546,553,562,11297,11286,11282,15699542,10292002,50.0,0.84
1,1,1,FALSE,FALSE,FALSE,FALSE,FALSE,FALSE,546,553,562,11297,11286,11282,15699542,10292002,50.0,0.84
1,1,1,FALSE,FALSE,FALSE,FALSE,FALSE,FALSE,546,553,562,11297,11286,11282,15699542,10292002,50.0,0.84
1,1,1,FALSE,FALSE,FALSE,FALSE,FALSE,FALSE,546,553,562,11297,11286,11282,15699542,10292002,50.0,0.84
1,1,1,FALSE,FALSE,FALSE,FALSE,FALSE,FALSE,546,553,562,11297,11286,11282,15699542,10292002,50.0,0.84
1,1,1,FALSE,FALSE,FALSE,FALSE,FALSE,FALSE,546,553,562,11297,11286,11282,15699542,10292002,50.0,0.84
1,1,1,FALSE,FALSE,FALSE,FALSE,FALSE,FALSE,546,553,562,11297,11286,11282,15699542,10292002,50.0,0.84
1,1,1,FALSE,FALSE,FALSE,FALSE,FALSE,FALSE,546,553,562,11297,11286,11282,15699542,10292002,50.0,0.84
1,1,1,FALSE,FALSE,FALSE,FALSE,FALSE,FALSE,546,553,562,11297,11286,11282,15699542,10292002,50.0,0.84
1,1,1,FALSE,FALSE,FALSE,FALSE,FALSE,FALSE,546,553,562,11297,11286,11282,15699542,10292002,50.0,0.84
1,1,1,FALSE,FALSE,FALSE,FALSE,FALSE,FALSE,546,553,562,11297,11286,11282,15699542,10292002,50.0,0.84
1,1,1,FALSE,FALSE,FALSE,FALSE,FALSE,FALSE,546,553,562,11297,11286,11282,15699542,10292002,50.0,0.84
1,1,1,FALSE,FALSE,FALSE,FALSE,FALSE,FALSE,546,553,562,11297,11286,11282,15699542,10292002,50.0,0.84
1,1,1,FALSE,FALSE,FALSE,FALSE,FALSE,FALSE,546,553,562,11297,11286,11282,15699542,10292002,50.0,0.84
1,1,1,FALSE,FALSE,FALSE,FALSE,FALSE,FALSE,546,553,562,11297,11286,11282,15699542,10292002,50.0,0.84
1,1,1,FALSE,FALSE,FALSE,FALSE,FALSE,FALSE,546,553,562,11297,11286,11282,15699542,10292002,50.0,0.84
1,1,1,FALSE,FALSE,FALSE,FALSE,FALSE,FALSE,546,553,562,11297,11286,11282,15699542,10292002,50.0,0.84
1,1,1,FALSE,FALSE,FALSE,FALSE,FALSE,FALSE,546,553,562,11297,11286,11282,15699542,10292002,50.0,0.84
1,1,1,FALSE,FALSE,FALSE,FALSE,FALSE,FALSE,546,553,562,11297,11286,11282,15699542,10292002,50.0,0.84
1,1,1,FALSE,FALSE,FALSE,FALSE,FALSE,FALSE,546,553,562,11297,11286,11282,15699542,10292002,50.0,0.84
1,1,1,FALSE,FALSE,FALSE,FALSE,FALSE,FALSE,546,553,562,11297,11286,11282,15699542,10292002,50.0,0.84
1,1,1,FALSE,FALSE,FALSE,FALSE,FALSE,FALSE,546,553,562,11297,11286,11282,15699542,10292002,50.0,0.84
1,1,1,FALSE,FALSE,FALSE,FALSE,FALSE,FALSE,546,553,562,11297,11286,11282,15699542,10292002,50.0,0.84
