1,1,1,FALSE,FALSE,FALSE,FALSE,FALSE,FALSE,528,535,543,11303,11291,11287,15051730,10163337,50.0,0.83
1,1,1,FALSE,FALSE,FALSE,FALSE,FALSE,FALSE,528,535,543,11303,11291,11287,15051730,10163337,50.0,0.83
1,1,1,FALSE,FALSE,FALSE,FALSE,FALSE,FALSE,528,535,543,11303,11291,11287,15051730,10163337,50.0,0.83
1,1,1,FALSE,FALSE,FALSE,FALSE,FALSE,FALSE,528,535,543,11303,11291,11287,15051730,10163337,50.0,0.83
1,1,1,FALSE,FALSE,FALSE,FALSE,FALSE,FALSE,528,535,543,11303,11291,11287,15051730,10163337,50.0,0.83
1,1,1,FALSE,FALSE,FALSE,FALSE,FALSE,FALSE,528,535,543,11303,11291,11287,15051730,10163337,50.0,0.83
1,1,1,FALSE,FALSE,FALSE,FALSE,FALSE,FALSE,528,535,543,11303,11291,11287,15051730,10163337,50.0,0.83
1,1,1,FALSE,FALSE,FALSE,FALSE,FALSE,FALSE,528,535,543,11303,11291,11287,15051730,10163337,50.0,0.83
1,1,1,FALSE,FALSE,FALSE,FALSE,FALSE,FALSE,528,535,543,11303,11291,11287,15051730,10163337,50.0,0.83
1,1,1,FALSE,FALSE,FALSE,FALSE,FALSE,FALSE,528,535,543,11303,11291,11287,15051730,10163337,50.0,0.83
1,1,1,FALSE,FALSE,FALSE,FALSE,FALSE,FALSE,528,535,543,11303,11291,11287,15051730,10163337,50.0,0.83
1,1,1,FALSE,FALSE,FALSE,FALSE,FALSE,FALSE,528,535,543,11303,11291,11287,15051730,10163337,50.0,0.83
1,1,1,FALSE,FALSE,FALSE,FALSE,FALSE,FALSE,528,535,543,11303,11291,11287,15051730,10163337,50.0,0.83
1,1,1,FALSE,FALSE,FALSE,FALSE,FALSE,FALSE,528,535,543,11303,11291,11287,15051730,10163337,50.0,0.83
1,1,1,FALSE,FALSE,FALSE,FALSE,FALSE,FALSE,528,535,543,11303,11291,11287,15051730,10163337,50.0,0.83
1,1,1,FALSE,FALSE,FALSE,FALSE,FALSE,FALSE,528,535,543,11303,11291,11287,15051730,10163337,50.0,0.83
1,1,1,FALSE,FALSE,FALSE,FALSE,FALSE,FALSE,528,535,543,11303,11291,11287,15051730,10163337,50.0,0.83
1,1,1,FALSE,FALSE,FALSE,FALSE,FALSE,FALSE,528,535,543,11303,11291,11287,15051730,10163337,50.0,0.83
1,1,1,FALSE,FALSE,FALSE,FALSE,FALSE,FALSE,528,535,543,11303,11291,11287,15051730,10163337,50.0,0.83
1,1,1,FALSE,FALSE,FALSE,FALSE,FALSE,FALSE,528,535,543,11303,11291,11287,15051730,10163337,50.0,0.83
1,1,1,FALSE,FALSE,FALSE,FALSE,FALSE,FALSE,528,535,543,11303,11291,11287,15051730,10163337,50.0,0.83
1,1,1,FALSE,FALSE,FALSE,FALSE,FALSE,FALSE,528,535,543,11303,11291,11287,15051730,10163337,50.0,0.83
1,1,1,FALSE,FALSE,FALSE,FALSE,FALSE,FALSE,528,535,543,11303,11291,11287,15051730,10163337,50.0,0.83
1,1,1,FALSE,FALSE,FALSE,FALSE,FALSE,FALSE,528,535,543,11303,11291,11287,15051730,10163337,50.0,0.83
1,1,1,FALSE,FALSE,FALSE,FALSE,FALSE,FALSE,528,535,543,11303,11291,11287,15051730,10163337,50.0,0.83
1,1,1,FALSE,FALSE,FALSE,FALSE,FALSE,FALSE,528,535,543,11303,11291,11287,15051730,10163337,50.0,0.83
1,1,1,FALSE,FALSE,FALSE,FALSE,FALSE,FALSE,528,535,543,11303,11291,11287,15051730,10163337,50.0,0.83
1,1,1,FALSE,FALSE,FALSE,FALSE,FALSE,FALSE,528,535,543,11303,11291,11287,15051730,10163337,50.0,0.83
1,1,1,FALSE,FALSE,FALSE,FALSE,FALSE,FALSE,528,535,543,11303,11291,11287,15051730,10163337,50.0,0.83
1,1,1,FALSE,FALSE,FALSE,FALSE,FALSE,FALSE,528,535,543,11303,11291,11287,15051730,10163337,50.0,0.83
1,1,1,FALSE,FALSE,FALSE,FALSE,FALSE,FALSE,528,535,543,11303,11291,11287,15051730,10163337,50.0,0.83
1,1,1,FALSE,FALSE,FALSE,FALSE,FALSE,FALSE,528,535,543,11303,11291,11287,15051730,10163337,50.0,0.83
1,1,1,FALSE,FALSE,FALSE,FALSE,FALSE,FALSE,528,535,543,11303,11291,11287,15051730,10163337,50.0,0.83
1,1,1,FALSE,FALSE,FALSE,FALSE,FALSE,FALSE,528,535,543,11303,11291,11287,15051730,10163337,50.0,0.83
1,1,1,FALSE,FALSE,FALSE,FALSE,FALSE,FALSE,528,535,543,11303,11291,11287,15051730,10163337,50.0,0.83
1,1,1,FALSE,FALSE,FALSE,FALSE,FALSE,FALSE,528,535,543,11303,11291,11287,15051730,10163337,50.0,0.83
1,1,1,FALSE,FALSE,FALSE,FALSE,FALSE,FALSE,528,535,543,11303,11291,11287,15051730,10163337,50.0,0.83
1,1,1,FALSE,FALSE,FALSE,FALSE,FALSE,FALSE,528,535,543,11303,11291,11287,15051730,10163337,50.0,0.83
1,1,1,FALSE,FALSE,FALSE,FALSE,FALSE,FALSE,528,535,543,11303,11291,11287,15051730,10163337,50.0,0.83
1,1,1,FALSE,FALSE,FALSE,FALSE,FALSE,FALSE,528,535,543,11303,11291,11287,15051730,10163337,50.0,0.83
1,1,1,FALSE,FALSE,FALSE,FALSE,FALSE,FALSE,528,535,543,11303,11291,11287,15051730,10163337,50.0,0.83
1,1,1,FALSE,FALSE,FALSE,FALSE,FALSE,FALSE,528,535,543,11303,11291,11287,15051730,10163337,50.0,0.83
1,1,1,FALSE,FALSE,FALSE,FALSE,FALSE,FALSE,528,535,543,11303,11291,11287,15051730,10163337,50.0,0.83
1,1,1,FALSE,FALSE,FALSE,FALSE,FALSE,FALSE,528,535,543,11303,11291,11287,15051730,10163337,50.0,0.83
1,1,1,FALSE,FALSE,FALSE,FALSE,FALSE,FALSE,528,535,543,11303,11291,11287,15051730,10163337,50.0,0.83
1,1,1,FALSE,FALSE,FALSE,FALSE,FALSE,FALSE,528,535,543,11303,11291,11287,15051730,10163337,50.0,0.83
1,1,1,FALSE,FALSE,FALSE,FALSE,FALSE,FALSE,528,535,543,11303,11291,11287,15051730,10163337,50.0,0.83
1,1,1,FALSE,FALSE,FALSE,FALSE,FALSE,FALSE,528,535,543,11303,11291,11287,15051730,10163337,50.0,0.83
1,1,1,FALSE,FALSE,FALSE,FALSE,FALSE,FALSE,528,535,543,11303,11291,11287,15051730,10163337,50.0,0.83
1,1,1,FALSE,FALSE,FALSE,FALSE,FALSE,FALSE,528,535,543,11303,11291,11287,15051730,10163337,50.0,0.83
1,1,1,FALSE,FALSE,FALSE,FALSE,FALSE,FALSE,528,535,543,11303,11291,11287,15051730,10163337,50.0,0.83
1,1,1,FALSE,FALSE,FALSE,FALSE,FALSE,FALSE,528,535,543,11303,11291,11287,15051730,10163337,50.0,0.83
1,1,1,FALSE,FALSE,FALSE,FALSE,FALSE,FALSE,528,535,543,11303,11291,11287,15051730,10163337,50.0,0.83
1,1,1,FALSE,FALSE,FALSE,FALSE,FALSE,FALSE,528,535,543,11303,11291,11287,15051730,10163337,50.0,0.83
1,1,1,FALSE,FALSE,FALSE,FALSE,FALSE,FALSE,528,535,543,11303,11291,11287,15051730,10163337,50.0,0.83
1,1,1,FALSE,FALSE,FALSE,FALSE,FALSE,FALSE,528,535,543,11303,11291,11287,15051730,10163337,50.0,0.83
1,1,1,FALSE,FALSE,FALSE,FALSE,FALSE,FALSE,528,535,543,11303,11291,11287,15051730,10163337,50.0,0.83
1,1,1,FALSE,FALSE,FALSE,FALSE,FALSE,FALSE,528,535,543,11303,11291,11287,15051730,10163337,50.0,0.83
1,1,1,FALSE,FALSE,FALSE,FALSE,FALSE,FALSE,528,535,543,11303,11291,11287,15051730,10163337,50.0,0.83
1,1,1,FALSE,FALSE,FALSE,FALSE,FALSE,FALSE,528,535,543,11303,11291,11287,15051730,10163337,50.0,0.83
1,1,1,FALSE,FALSE,FALSE,FALSE,FALSE,FALSE,528,535,543,11303,11291,11287,15051730,10163337,50.0,0.83
1,1,1,FALSE,FALSE,FALSE,FALSE,FALSE,FALSE,528,535,543,11303,11291,11287,15051730,10163337,50.0,0.83
1,1,1,FALSE,FALSE,FALSE,FALSE,FALSE,FALSE,528,535,543,11303,11291,11287,15051730,10163337,50.0,0.83
1,1,1,FALSE,FALSE,FALSE,FALSE,FALSE,FALSE,528,535,543,11303,11291,11287,15051730,10163337,50.0,0.83
1,1,1,FALSE,FALSE,FALSE,FALSE,FALSE,FALSE,528,535,543,11303,11291,11287,15051730,10163337,50.0,0.83
1,1,1,FALSE,FALSE,FALSE,FALSE,FALSE,FALSE,528,535,543,11303,11291,11287,15051730,10163337,50.0,0.83
1,1,1,FALSE,FALSE,FALSE,FALSE,FALSE,FALSE,528,535,543,11303,11291,11287,15051730,10163337,50.0,0.83
1,1,1,FALSE,FALSE,FALSE,FALSE,FALSE,FALSE,528,535,543,11303,11291,11287,15051730,10163337,50.0,0.83
1,1,1,FALSE,FALSE,FALSE,FALSE,FALSE,FALSE,528,535,543,11303,11291,11287,15051730,10163337,50.0,0.83
1,1,1,FALSE,FALSE,FALSE,FALSE,FALSE,FALSE,528,535,543,11303,11291,11287,15051730,10163337,50.0,0.83
1,1,1,FALSE,TRUE,FALSE,FALSE,FALSE,FALSE,528,535,543,11303,11291,11287,15051730,10163337,50.0,0.83
0,1,1,FALSE,TRUE,FALSE,FALSE,FALSE,FALSE,528,535,543,11303,11291,11287,15051730,10163337,50.0,0.83
0,1,1,FALSE,TRUE,FALSE,FALSE,FALSE,FALSE,0,0,0,11386,11378,11376,0,0,50.0,0.83
0,1,1,FALSE,TRUE,FALSE,FALSE,FALSE,FALSE,0,0,0,11386,11378,11376,0,0,50.0,0.83
0,1,1,FALSE,TRUE,FALSE,FALSE,FALSE,FALSE,0,0,0,11386,11378,11376,0,0,50.0,0.83
0,1,1,FALSE,TRUE,FALSE,FALSE,FALSE,FALSE,0,0,0,11386,11378,11376,0,0,50.0,0.83
0,1,1,FALSE,TRUE,FALSE,FALSE,FALSE,FALSE,0,0,0,11386,11378,11376,0,0,50.0,0.83
0,1,1,FALSE,TRUE,FALSE,FALSE,FALSE,FALSE,0,0,0,11386,11378,11376,0,0,50.0,0.83
0,1,1,FALSE,TRUE,FALSE,FALSE,FALSE,FALSE,0,0,0,11386,11378,11376,0,0,50.0,0.83
0,1,1,FALSE,TRUE,FALSE,FALSE,FALSE,FALSE,0,0,0,11386,11378,11376,0,0,50.0,0.83
0,1,1,FALSE,TRUE,FALSE,FALSE,FALSE,FALSE,0,0,0,11386,11378,11376,0,0,50.0,0.83
0,1,1,FALSE,TRUE,FALSE,FALSE,FALSE,FALSE,0,0,0,11386,11378,11376,0,0,50.0,0.83
0,1,1,FALSE,TRUE,FALSE,FALSE,FALSE,FALSE,0,0,0,11386,11378,11376,0,0,50.0,0.83
0,1,1,FALSE,TRUE,FALSE,FALSE,FALSE,FALSE,0,0,0,11386,11378,11376,0,0,50.0,0.83
0,1,1,FALSE,TRUE,FALSE,FALSE,FALSE,FALSE,0,0,0,11386,11378,11376,0,0,50.0,0.83
0,1,1,FALSE,TRUE,FALSE,FALSE,FALSE,FALSE,0,0,0,11386,11378,11376,0,0,50.0,0.83
0,1,1,FALSE,TRUE,FALSE,FALSE,FALSE,FALSE,0,0,0,11386,11378,11376,0,0,50.0,0.83
0,1,1,FALSE,TRUE,FALSE,FALSE,FALSE,FALSE,0,0,0,11386,11378,11376,0,0,50.0,0.83
0,1,1,FALSE,TRUE,FALSE,FALSE,FALSE,FALSE,0,0,0,11386,11378,11376,0,0,50.0,0.83
0,1,1,FALSE,TRUE,FALSE,FALSE,FALSE,FALSE,0,0,0,11386,11378,11376,0,0,50.0,0.83
0,1,1,FALSE,TRUE,FALSE,FALSE,FALSE,FALSE,0,0,0,11386,11378,11376,0,0,50.0,0.83
0,1,1,FALSE,FALSE,FALSE,FALSE,FALSE,FALSE,0,0,0,11386,11378,11376,0,0,50.0,0.83
1,1,1,FALSE,FALSE,FALSE,FALSE,FALSE,FALSE,528,535,543,11303,11291,11287,15051730,10163337,50.0,0.83
1,1,1,FALSE,FALSE,FALSE,FALSE,FALSE,FALSE,528,535,543,11303,11291,11287,15051730,10163337,50.0,0.83
1,1,1,FALSE,FALSE,FALSE,FALSE,FALSE,FALSE,528,535,543,11303,11291,11287,15051730,10163337,50.0,0.83
1,1,1,FALSE,FALSE,FALSE,FALSE,FALSE,FALSE,528,535,543,11303,11291,11287,15051730,10163337,50.0,0.83
1,1,1,FALSE,FALSE,FALSE,FALSE,FALSE,FALSE,528,535,543,11303,11291,11287,15051730,10163337,50.0,0.83
1,1,1,FALSE,FALSE,FALSE,FALSE,FALSE,FALSE,528,535,543,11303,11291,11287,15051730,10163337,50.0,0.83
1,1,1,FALSE,FALSE,FALSE,FALSE,FALSE,FALSE,528,535,543,11303,11291,11287,15051730,10163337,50.0,0.83
1,1,1,FALSE,FALSE,FALSE,FALSE,FALSE,FALSE,528,535,543,11303,11291,11287,15051730,10163337,50.0,0.83
1,1,1,FALSE,FALSE,FALSE,FALSE,FALSE,FALSE,528,535,543,11303,11291,11287,15051730,10163337,50.0,0.83
1,1,1,FALSE,FALSE,FALSE,FALSE,FALSE,FALSE,528,535,543,11303,11291,11287,15051730,10163337,50.0,0.83
1,1,1,FALSE,FALSE,FALSE,FALSE,FALSE,FALSE,528,535,543,11303,11291,11287,15051730,10163337,50.0,0.83
1,1,1,FALSE,FALSE,FALSE,FALSE,FALSE,FALSE,528,535,543,11303,11291,11287,15051730,10163337,50.0,0.83
1,1,1,FALSE,FALSE,FALSE,FALSE,FALSE,FALSE,528,535,543,11303,11291,11287,15051730,10163337,50.0,0.83
1,1,1,FALSE,FALSE,FALSE,FALSE,FALSE,FALSE,528,535,543,11303,11291,11287,15051730,10163337,50.0,0.83
1,1,1,FALSE,FALSE,FALSE,FALSE,FALSE,FALSE,528,535,543,11303,11291,11287,15051730,10163337,50.0,0.83
1,1,1,FALSE,FALSE,FALSE,FALSE,FALSE,FALSE,528,535,543,11303,11291,11287,15051730,10163337,50.0,0.83
1,1,1,FALSE,FALSE,FALSE,FALSE,FALSE,FALSE,528,535,543,11303,11291,11287,15051730,10163337,50.0,0.83
1,1,1,FALSE,FALSE,FALSE,FALSE,FALSE,FALSE,528,535,543,11303,11291,11287,15051730,10163337,50.0,0.83
1,1,1,FALSE,FALSE,FALSE,FALSE,FALSE,FALSE,528,535,543,11303,11291,11287,15051730,10163337,50.0,0.83
1,1,1,FALSE,FALSE,FALSE,FALSE,FALSE,FALSE,528,535,543,11303,11291,11287,15051730,10163337,50.0,0.83
1,1,1,FALSE,FALSE,FALSE,FALSE,FALSE,FALSE,528,535,543,11303,11291,11287,15051730,10163337,50.0,0.83
1,1,1,FALSE,FALSE,FALSE,FALSE,FALSE,FALSE,528,535,543,11303,11291,11287,15051730,10163337,50.0,0.83
1,1,1,FALSE,FALSE,FALSE,FALSE,FALSE,FALSE,528,535,543,11303,11291,11287,15051730,10163337,50.0,0.83
1,1,1,FALSE,FALSE,FALSE,FALSE,FALSE,FALSE,528,535,543,11303,11291,11287,15051730,10163337,50.0,0.83
1,1,1,FALSE,FALSE,FALSE,FALSE,FALSE,FALSE,528,535,543,11303,11291,11287,15051730,10163337,50.0,0.83
1,1,1,FALSE,FALSE,FALSE,FALSE,FALSE,FALSE,528,535,543,11303,11291,11287,15051730,10163337,50.0,0.83
1,1,1,FALSE,FALSE,FALSE,FALSE,FALSE,FALSE,528,535,543,11303,11291,11287,15051730,10163337,50.0,0.83
1,1,1,FALSE,FALSE,FALSE,FALSE,FALSE,FALSE,528,535,543,11303,11291,11287,15051730,10163337,50.0,0.83
1,1,1,FALSE,FALSE,FALSE,FALSE,FALSE,FALSE,528,535,543,11303,11291,11287,15051730,10163337,50.0,0.83
1,1,1,FALSE,FALSE,FALSE,FALSE,FALSE,FALSE,528,535,543,11303,11291,11287,15051730,10163337,50.0,0.83
1,1,1,FALSE,FALSE,FALSE,FALSE,FALSE,FALSE,528,535,543,11303,11291,11287,15051730,10163337,50.0,0.83
1,1,1,FALSE,FALSE,FALSE,FALSE,FALSE,FALSE,528,535,543,11303,11291,11287,15051730,10163337,50.0,0.83
1,1,1,FALSE,FALSE,FALSE,FALSE,FALSE,FALSE,528,535,543,11303,11291,11287,15051730,10163337,50.0,0.83
1,1,1,FALSE,FALSE,FALSE,FALSE,FALSE,FALSE,528,535,543,11303,11291,11287,15051730,10163337,50.0,0.83
1,1,1,FALSE,FALSE,FALSE,FALSE,FALSE,FALSE,528,535,543,11303,11291,11287,15051730,10163337,50.0,0.83
1,1,1,FALSE,FALSE,FALSE,FALSE,FALSE,FALSE,528,535,543,11303,11291,11287,15051730,10163337,50.0,0.83
1,1,1,FALSE,FALSE,FALSE,FALSE,FALSE,FALSE,528,535,543,11303,11291,11287,15051730,10163337,50.0,0.83
1,1,1,FALSE,FALSE,FALSE,FALSE,FALSE,FALSE,528,535,543,11303,11291,11287,15051730,10163337,50.0,0.83
1,1,1,FALSE,FALSE,FALSE,FALSE,FALSE,FALSE,528,535,543,11303,11291,11287,15051730,10163337,50.0,0.83
1,1,1,FALSE,FALSE,FALSE,FALSE,FALSE,FALSE,528,535,543,11303,11291,11287,15051730,10163337,50.0,0.83
1,1,1,FALSE,FALSE,FALSE,FALSE,FALSE,FALSE,528,535,543,11303,11291,11287,15051730,10163337,50.0,0.83
1,1,1,FALSE,FALSE,FALSE,FALSE,FALSE,FALSE,528,535,543,11303,11291,11287,15051730,10163337,50.0,0.83
1,1,1,FALSE,FALSE,FALSE,FALSE,FALSE,FALSE,528,535,543,11303,11291,11287,15051730,10163337,50.0,0.83
1,1,1,FALSE,FALSE,FALSE,FALSE,FALSE,FALSE,528,535,543,11303,11291,11287,15051730,10163337,50.0,0.83
1,1,1,FALSE,FALSE,FALSE,FALSE,FALSE,FALSE,528,535,543,11303,11291,11287,15051730,10163337,50.0,0.83
1,1,1,FALSE,FALSE,FALSE,FALSE,FALSE,FALSE,528,535,543,11303,11291,11287,15051730,10163337,50.0,0.83
1,1,1,FALSE,FALSE,FALSE,FALSE,FALSE,FALSE,528,535,543,11303,11291,11287,15051730,10163337,50.0,0.83
1,1,1,FALSE,FALSE,FALSE,FALSE,FALSE,FALSE,528,535,543,11303,11291,11287,15051730,10163337,50.0,0.83
1,1,1,FALSE,FALSE,FALSE,FALSE,FALSE,FALSE,528,535,543,11303,11291,11287,15051730,10163337,50.0,0.83
1,1,1,FALSE,FALSE,FALSE,FALSE,FALSE,FALSE,528,535,543,11303,11291,11287,15051730,10163337,50.0,0.83
1,1,1,FALSE,FALSE,FALSE,FALSE,FALSE,FALSE,528,535,543,11303,11291,11287,15051730,10163337,50.0,0.83
1,1,1,FALSE,FALSE,FALSE,FALSE,FALSE,FALSE,528,535,543,11303,11291,11287,15051730,10163337,50.0,0.83
1,1,1,FALSE,FALSE,FALSE,FALSE,FALSE,FALSE,528,535,543,11303,11291,11287,15051730,10163337,50.0,0.83
1,1,1,FALSE,FALSE,FALSE,FALSE,FALSE,FALSE,528,535,543,11303,11291,11287,15051730,10163337,50.0,0.83
1,1,1,FALSE,FALSE,FALSE,FALSE,FALSE,FALSE,528,535,543,11303,11291,11287,15051730,10163337,50.0,0.83
1,1,1,FALSE,FALSE,FALSE,FALSE,FALSE,FALSE,528,535,543,11303,11291,11287,15051730,10163337,50.0,0.83
1,1,1,FALSE,FALSE,FALSE,FALSE,FALSE,FALSE,528,535,543,11303,11291,11287,15051730,10163337,50.0,0.83
1,1,1,FALSE,FALSE,FALSE,FALSE,FALSE,FALSE,528,535,543,11303,11291,11287,15051730,10163337,50.0,0.83
1,1,1,FALSE,FALSE,FALSE,FALSE,FALSE,FALSE,528,535,543,11303,11291,11287,15051730,10163337,50.0,0.83
1,1,1,FALSE,FALSE,FALSE,FALSE,FALSE,FALSE,528,535,543,11303,11291,11287,15051730,10163337,50.0,0.83
1,1,1,FALSE,FALSE,FALSE,FALSE,FALSE,FALSE,528,535,543,11303,11291,11287,15051730,10163337,50.0,0.83
1,1,1,FALSE,FALSE,FALSE,FALSE,FALSE,FALSE,528,535,543,11303,11291,11287,15051730,10163337,50.0,0.83
1,1,1,FALSE,FALSE,FALSE,FALSE,FALSE,FALSE,528,535,543,11303,11291,11287,15051730,10163337,50.0,0.83
1,1,1,FALSE,FALSE,FALSE,FALSE,FALSE,FALSE,528,535,543,11303,11291,11287,15051730,10163337,50.0,0.83
1,1,1,FALSE,FALSE,FALSE,FALSE,FALSE,FALSE,528,535,543,11303,11291,11287,15051730,10163337,50.0,0.83
1,1,1,FALSE,FALSE,FALSE,FALSE,FALSE,FALSE,528,535,543,11303,11291,11287,15051730,10163337,50.0,0.83
1,1,1,FALSE,FALSE,FALSE,FALSE,FALSE,FALSE,528,535,543,11303,11291,11287,15051730,10163337,50.0,0.83
1,1,1,FALSE,FALSE,FALSE,FALSE,FALSE,FALSE,528,535,543,11303,11291,11287,15051730,10163337,50.0,0.83
1,1,1,FALSE,FALSE,FALSE,FALSE,FALSE,FALSE,528,535,543,11303,11291,11287,15051730,10163337,50.0,0.83
1,1,1,FALSE,FALSE,FALSE,FALSE,FALSE,FALSE,528,535,543,11303,11291,11287,15051730,10163337,50.0,0.83
1,1,1,FALSE,FALSE,FALSE,FALSE,FALSE,FALSE,528,535,543,11303,11291,11287,15051730,10163337,50.0,0.83
1,1,1,FALSE,FALSE,FALSE,FALSE,FALSE,FALSE,528,535,543,11303,11291,11287,15051730,10163337,50.0,0.83
1,1,1,FALSE,FALSE,FALSE,FALSE,FALSE,FALSE,528,535,543,11303,11291,11287,15051730,10163337,50.0,0.83
1,1,1,FALSE,FALSE,FALSE,FALSE,FALSE,FALSE,528,535,543,11303,11291,11287,15051730,10163337,50.0,0.83
1,1,1,FALSE,FALSE,FALSE,FALSE,FALSE,FALSE,528,535,543,11303,11291,11287,15051730,10163337,50.0,0.83
1,1,1,FALSE,FALSE,FALSE,FALSE,FALSE,FALSE,528,535,543,11303,11291,11287,15051730,10163337,50.0,0.83
1,1,1,FALSE,FALSE,FALSE,FALSE,FALSE,FALSE,528,535,543,11303,11291,11287,15051730,10163337,50.0,0.83
1,1,1,FALSE,FALSE,FALSE,FALSE,FALSE,FALSE,528,535,543,11303,11291,11287,15051730,10163337,50.0,0.83
1,1,1,FALSE,FALSE,FALSE,FALSE,FALSE,FALSE,528,535,543,11303,11291,11287,15051730,10163337,50.0,0.83
1,1,1,FALSE,FALSE,FALSE,FALSE,FALSE,FALSE,528,535,543,11303,11291,11287,15051730,10163337,50.0,0.83
1,1,1,FALSE,FALSE,FALSE,FALSE,FALSE,FALSE,528,535,543,11303,11291,11287,15051730,10163337,50.0,0.83
1,1,1,FALSE,FALSE,FALSE,FALSE,FALSE,FALSE,528,535,543,11303,11291,11287,15051730,10163337,50.0,0.83
1,1,1,FALSE,FALSE,FALSE,FALSE,FALSE,FALSE,528,535,543,11303,11291,11287,15051730,10163337,50.0,0.83
1,1,1,FALSE,FALSE,FALSE,FALSE,FALSE,FALSE,528,535,543,11303,11291,11287,15051730,10163337,50.0,0.83
1,1,1,FALSE,FALSE,FALSE,FALSE,FALSE,FALSE,528,535,543,11303,11291,11287,15051730,10163337,50.0,0.83
1,1,1,FALSE,FALSE,FALSE,FALSE,FALSE,FALSE,528,535,543,11303,11291,11287,15051730,10163337,50.0,0.83
1,1,1,FALSE,FALSE,FALSE,FALSE,FALSE,FALSE,528,535,543,11303,11291,11287,15051730,10163337,50.0,0.83
1,1,1,FALSE,FALSE,FALSE,FALSE,FALSE,FALSE,528,535,543,11303,11291,11287,15051730,10163337,50.0,0.83
1,1,1,FALSE,FALSE,FALSE,FALSE,FALSE,FALSE,528,535,543,11303,11291,11287,15051730,10163337,50.0,0.83
1,1,1,FALSE,FALSE,FALSE,FALSE,FALSE,FALSE,528,535,543,11303,11291,11287,15051730,10163337,50.0,0.83
1,1,1,FALSE,FALSE,FALSE,FALSE,FALSE,FALSE,528,535,543,11303,11291,11287,15051730,10163337,50.0,0.83
1,1,1,FALSE,FALSE,FALSE,FALSE,FALSE,FALSE,528,535,543,11303,11291,11287,15051730,10163337,50.0,0.83
1,1,1,FALSE,FALSE,FALSE,FALSE,FALSE,FALSE,528,535,543,11303,11291,11287,15051730,10163337,50.0,0.83
1,1,1,FALSE,FALSE,FALSE,FALSE,FALSE,FALSE,528,535,543,11303,11291,11287,15051730,10163337,50.0,0.83
1,1,1,FALSE,FALSE,FALSE,FALSE,FALSE,FALSE,528,535,543,11303,11291,11287,15051730,10163337,50.0,0.83
1,1,1,FALSE,FALSE,FALSE,FALSE,FALSE,FALSE,528,535,543,11303,11291,11287,15051730,10163337,50.0,0.83
1,1,1,FALSE,FALSE,FALSE,FALSE,FALSE,FALSE,528,535,543,11303,11291,11287,15051730,10163337,50.0,0.83
1,1,1,FALSE,FALSE,FALSE,FALSE,FALSE,FALSE,528,535,543,11303,11291,11287,15051730,10163337,50.0,0.83
1,1,1,FALSE,FALSE,FALSE,FALSE,FALSE,FALSE,528,535,543,11303,11291,11287,15051730,10163337,50.0,0.83
1,1,1,FALSE,FALSE,FALSE,FALSE,FALSE,FALSE,528,535,543,11303,11291,11287,15051730,10163337,50.0,0.83
1,1,1,FALSE,FALSE,FALSE,FALSE,FALSE,FALSE,528,535,543,11303,11291,11287,15051730,10163337,50.0,0.83
1,1,1,FALSE,FALSE,FALSE,FALSE,FALSE,FALSE,528,535,543,11303,11291,11287,15051730,10163337,50.0,0.83
1,1,1,FALSE,FALSE,FALSE,FALSE,FALSE,FALSE,528,535,543,11303,11291,11287,15051730,10163337,50.0,0.83
1,1,1,FALSE,FALSE,FALSE,FALSE,FALSE,FALSE,528,535,543,11303,11291,11287,15051730,10163337,50.0,0.83
1,1,1,FALSE,FALSE,FALSE,FALSE,FALSE,FALSE,528,535,543,11303,11291,11287,15051730,10163337,50.0,0.83
1,1,1,FALSE,FALSE,FALSE,FALSE,FALSE,FALSE,528,535,543,11303,11291,11287,15051730,10163337,50.0,0.83
1,1,1,FALSE,FALSE,FALSE,FALSE,FALSE,FALSE,528,535,543,11303,11291,11287,15051730,10163337,50.0,0.83
1,1,1,FALSE,FALSE,FALSE,FALSE,FALSE,FALSE,528,535,543,11303,11291,11287,15051730,10163337,50.0,0.83
1,1,1,FALSE,FALSE,FALSE,FALSE,FALSE,FALSE,528,535,543,11303,11291,11287,15051730,10163337,50.0,0.83
1,1,1,FALSE,FALSE,FALSE,FALSE,FALSE,FALSE,528,535,543,11303,11291,11287,15051730,10163337,50.0,0.83
1,1,1,FALSE,FALSE,FALSE,FALSE,FALSE,FALSE,528,535,543,11303,11291,11287,15051730,10163337,50.0,0.83
1,1,1,FALSE,FALSE,FALSE,FALSE,FALSE,FALSE,528,535,543,11303,11291,11287,15051730,10163337,50.0,0.83
1,1,1,FALSE,FALSE,FALSE,FALSE,FALSE,FALSE,528,535,543,11303,11291,11287,15051730,10163337,50.0,0.83
1,1,1,FALSE,FALSE,FALSE,FALSE,FALSE,FALSE,528,535,543,11303,11291,11287,15051730,10163337,50.0,0.83
1,1,1,FALSE,FALSE,FALSE,FALSE,FALSE,FALSE,528,535,543,11303,11291,11287,15051730,10163337,50.0,0.83
1,1,1,FALSE,FALSE,FALSE,FALSE,FALSE,FALSE,528,535,543,11303,11291,11287,15051730,10163337,50.0,0.83
1,1,1,FALSE,FALSE,FALSE,FALSE,FALSE,FALSE,528,535,543,11303,11291,11287,15051730,10163337,50.0,0.83
1,1,1,FALSE,FALSE,FALSE,FALSE,FALSE,FALSE,528,535,543,11303,11291,11287,15051730,10163337,50.0,0.83
1,1,1,FALSE,FALSE,FALSE,FALSE,FALSE,FALSE,528,535,543,11302,11290,11286,15051740,10163366,50.0,0.83
1,1,1,FALSE,FALSE,FALSE,FALSE,FALSE,FALSE,528,535,543,11302,11290,11286,15051740,10163366,50.0,0.83
1,1,1,FALSE,FALSE,FALSE,FALSE,FALSE,FALSE,528,535,543,11302,11290,11286,15051740,10163366,50.0,0.83
1,1,1,FALSE,FALSE,FALSE,FALSE,FALSE,FALSE,528,535,543,11302,11290,11286,15051740,10163366,50.0,0.83
1,1,1,FALSE,FALSE,FALSE,FALSE,FALSE,FALSE,528,535,543,11302,11290,11286,15051740,10163366,50.0,0.83
1,1,1,FALSE,FALSE,FALSE,FALSE,FALSE,FALSE,526,533,541,11343,11334,11331,15051340,10162097,50.0,0.83
1,1,1,FALSE,FALSE,FALSE,FALSE,FALSE,FALSE,526,533,541,11343,11334,11331,15051340,10162097,50.0,0.83
1,1,1,FALSE,FALSE,FALSE,FALSE,FALSE,FALSE,526,533,541,11343,11334,11331,15051340,10162097,50.0,0.83
1,1,1,FALSE,FALSE,FALSE,FALSE,FALSE,FALSE,528,535,543,11302,11290,11286,15051740,10163366,50.0,0.83
1,1,1,FALSE,FALSE,FALSE,FALSE,FALSE,FALSE,528,535,543,11302,11290,11286,15051740,10163366,50.0,0.83
1,1,1,FALSE,FALSE,FALSE,FALSE,FALSE,FALSE,528,535,543,11302,11290,11286,15051740,10163366,50.0,0.83
1,1,1,FALSE,FALSE,FALSE,FALSE,FALSE,FALSE,528,535,543,11302,11290,11286,15051740,10163366,50.0,0.83
1,1,1,FALSE,FALSE,FALSE,FALSE,FALSE,FALSE,528,535,543,11302,11290,11286,15051740,10163366,50.0,0.83
1,1,1,FALSE,FALSE,FALSE,FALSE,FALSE,FALSE,528,535,543,11302,11290,11286,15051740,10163366,50.0,0.83
1,1,1,FALSE,FALSE,FALSE,FALSE,FALSE,FALSE,526,533,541,11343,11334,11331,15051340,10162097,50.0,0.83
1,1,1,FALSE,FALSE,FALSE,FALSE,FALSE,FALSE,526,533,541,11343,11334,11331,15051340,10162097,50.0,0.83
1,1,1,FALSE,FALSE,FALSE,FALSE,FALSE,FALSE,526,533,541,11343,11334,11331,15051340,10162097,50.0,0.83
1,1,1,FALSE,FALSE,FALSE,FALSE,FALSE,FALSE,528,535,543,11302,11290,11286,15051740,10163366,50.0,0.83
1,1,1,FALSE,FALSE,FALSE,FALSE,FALSE,FALSE,528,535,543,11302,11290,11286,15051740,10163366,50.0,0.83
1,1,1,FALSE,FALSE,FALSE,FALSE,FALSE,FALSE,528,535,543,11302,11290,11286,15051740,10163366,50.0,0.83
1,1,1,FALSE,FALSE,FALSE,FALSE,FALSE,FALSE,528,535,543,11302,11290,11286,15051740,10163366,50.0,0.83
1,1,1,FALSE,FALSE,FALSE,FALSE,FALSE,FALSE,528,535,543,11302,11290,11286,15051740,10163366,50.0,0.83
1,1,1,FALSE,FALSE,FALSE,FALSE,FALSE,FALSE,528,535,543,11302,11290,11286,15051740,10163366,50.0,0.83
1,1,1,FALSE,FALSE,FALSE,FALSE,FALSE,FALSE,528,535,543,11302,11290,11286,15051740,10163366,50.0,0.83
1,1,1,FALSE,FALSE,FALSE,FALSE,FALSE,FALSE,528,535,543,11302,11290,11286,15051740,10163366,50.0,0.83
1,1,1,FALSE,FALSE,FALSE,FALSE,FALSE,FALSE,528,535,543,11302,11290,11286,15051740,10163366,50.0,0.83
1,1,1,FALSE,FALSE,FALSE,FALSE,FALSE,FALSE,528,535,543,11302,11290,11286,15051740,10163366,50.0,0.83
1,1,1,FALSE,FALSE,FALSE,FALSE,FALSE,FALSE,528,535,543,11303,11291,11287,15051730,10163337,50.0,0.83
1,1,1,FALSE,FALSE,FALSE,FALSE,FALSE,FALSE,528,535,543,11303,11291,11287,15051730,10163337,50.0,0.83
1,1,1,FALSE,FALSE,FALSE,FALSE,FALSE,FALSE,528,535,543,11303,11291,11287,15051730,10163337,50.0,0.83
1,1,1,FALSE,FALSE,FALSE,FALSE,FALSE,FALSE,528,535,543,11303,11291,11287,15051730,10163337,50.0,0.83
1,1,1,FALSE,FALSE,FALSE,FALSE,FALSE,FALSE,528,535,543,11303,11291,11287,15051730,10163337,50.0,0.83
1,1,1,FALSE,FALSE,FALSE,FALSE,FALSE,FALSE,528,535,543,11303,11291,11287,15051730,10163337,50.0,0.83
1,1,1,FALSE,FALSE,FALSE,FALSE,FALSE,FALSE,528,535,543,11303,11291,11287,15051730,10163337,50.0,0.83
1,1,1,FALSE,FALSE,FALSE,FALSE,FALSE,FALSE,528,535,543,11303,11291,11287,15051730,10163337,50.0,0.83
1,1,1,FALSE,FALSE,FALSE,FALSE,FALSE,FALSE,528,535,543,11303,11291,11287,15051730,10163337,50.0,0.83
1,1,1,FALSE,FALSE,FALSE,FALSE,FALSE,FALSE,528,535,543,11303,11291,11287,15051730,10163337,50.0,0.83
1,1,1,FALSE,FALSE,FALSE,FALSE,FALSE,FALSE,528,535,543,11303,11291,11287,15051730,10163337,50.0,0.83
1,1,1,FALSE,FALSE,FALSE,FALSE,FALSE,FALSE,528,535,543,11303,11291,11287,15051730,10163337,50.0,0.83
1,1,1,FALSE,FALSE,FALSE,FALSE,FALSE,FALSE,528,535,543,11303,11291,11287,15051730,10163337,50.0,0.83
1,1,1,FALSE,FALSE,FALSE,FALSE,FALSE,FALSE,528,535,543,11303,11291,11287,15051730,10163337,50.0,0.83
1,1,1,FALSE,FALSE,FALSE,FALSE,FALSE,FALSE,528,535,543,11303,11291,11287,15051730,10163337,50.0,0.83
1,1,1,FALSE,FALSE,FALSE,FALSE,FALSE,FALSE,528,535,543,11303,11291,11287,15051730,10163337,50.0,0.83
1,1,1,FALSE,FALSE,FALSE,FALSE,FALSE,FALSE,528,535,543,11303,11291,11287,15051730,10163337,50.0,0.83
1,1,1,FALSE,FALSE,FALSE,FALSE,FALSE,FALSE,528,535,543,11303,11291,11287,15051730,10163337,50.0,0.83
1,1,1,FALSE,FALSE,FALSE,FALSE,FALSE,FALSE,528,535,543,11303,11291,11287,15051730,10163337,50.0,0.83
1,1,1,FALSE,FALSE,FALSE,FALSE,FALSE,FALSE,528,535,543,11303,11291,11287,15051730,10163337,50.0,0.83
1,1,1,FALSE,FALSE,FALSE,FALSE,FALSE,FALSE,528,535,543,11303,11291,11287,15051730,10163337,50.0,0.83
1,1,1,FALSE,FALSE,FALSE,FALSE,FALSE,FALSE,528,535,543,11303,11291,11287,15051730,10163337,50.0,0.83
1,1,1,FALSE,FALSE,FALSE,FALSE,FALSE,FALSE,528,535,543,11303,11291,11287,15051730,10163337,50.0,0.83
1,1,1,FALSE,FALSE,FALSE,FALSE,FALSE,FALSE,528,535,543,11303,11291,11287,15051730,10163337,50.0,0.83
1,1,1,FALSE,FALSE,FALSE,FALSE,FALSE,FALSE,528,535,543,11303,11291,11287,15051730,10163337,50.0,0.83
1,1,1,FALSE,FALSE,FALSE,FALSE,FALSE,FALSE,528,535,543,11303,11291,11287,15051730,10163337,50.0,0.83
1,1,1,FALSE,FALSE,FALSE,FALSE,FALSE,FALSE,528,535,543,11303,11291,11287,15051730,10163337,50.0,0.83
1,1,1,FALSE,FALSE,FALSE,FALSE,FALSE,FALSE,528,535,543,11303,11291,11287,15051730,10163337,50.0,0.83
1,1,1,FALSE,FALSE,FALSE,FALSE,FALSE,FALSE,528,535,543,11303,11291,11287,15051730,10163337,50.0,0.83
1,1,1,FALSE,FALSE,FALSE,FALSE,FALSE,FALSE,528,535,543,11303,11291,11287,15051730,10163337,50.0,0.83
1,1,1,FALSE,FALSE,FALSE,FALSE,FALSE,FALSE,528,535,543,11303,11291,11287,15051730,10163337,50.0,0.83
1,1,1,FALSE,FALSE,FALSE,FALSE,FALSE,FALSE,528,535,543,11303,11291,11287,15051730,10163337,50.0,0.83
1,1,1,FALSE,FALSE,FALSE,FALSE,FALSE,FALSE,528,535,543,11303,11291,11287,15051730,10163337,50.0,0.83
1,1,1,FALSE,FALSE,FALSE,FALSE,FALSE,FALSE,528,535,543,11303,11291,11287,15051730,10163337,50.0,0.83
1,1,1,FALSE,FALSE,FALSE,FALSE,FALSE,FALSE,528,535,543,11303,11291,11287,15051730,10163337,50.0,0.83
1,1,1,FALSE,FALSE,FALSE,FALSE,FALSE,FALSE,528,535,543,11303,11291,11287,15051730,10163337,50.0,0.83
1,1,1,FALSE,FALSE,FALSE,FALSE,FALSE,FALSE,528,535,543,11303,11291,11287,15051730,10163337,50.0,0.83
1,1,1,FALSE,FALSE,FALSE,FALSE,FALSE,FALSE,528,535,543,11303,11291,11287,15051730,10163337,50.0,0.83
1,1,1,FALSE,FALSE,FALSE,FALSE,FALSE,FALSE,528,535,543,11302,11290,11286,15051740,10163366,50.0,0.83
1,1,1,FALSE,FALSE,FALSE,FALSE,FALSE,FALSE,528,535,543,11302,11290,11286,15051740,10163366,50.0,0.83
1,1,1,FALSE,FALSE,FALSE,FALSE,FALSE,FALSE,528,535,543,11302,11290,11286,15051740,10163366,50.0,0.83
1,1,1,FALSE,FALSE,FALSE,FALSE,FALSE,FALSE,528,535,543,11302,11290,11286,15051740,10163366,50.0,0.83
1,1,1,FALSE,FALSE,FALSE,FALSE,FALSE,FALSE,526,533,541,11344,11335,11332,15051331,10162068,50.0,0.83
1,1,1,FALSE,FALSE,FALSE,FALSE,FALSE,FALSE,526,533,541,11344,11335,11332,15051331,10162068,50.0,0.83
1,1,1,FALSE,FALSE,FALSE,FALSE,FALSE,FALSE,526,533,541,11344,11335,11332,15051331,10162068,50.0,0.83
1,1,1,FALSE,FALSE,FALSE,FALSE,FALSE,FALSE,528,535,543,11302,11290,11286,15051740,10163366,50.0,0.83
1,1,1,FALSE,FALSE,FALSE,FALSE,FALSE,FALSE,528,535,543,11302,11290,11286,15051740,10163366,50.0,0.83
1,1,1,FALSE,FALSE,FALSE,FALSE,FALSE,FALSE,528,535,543,11302,11290,11286,15051740,10163366,50.0,0.83
1,1,1,FALSE,FALSE,FALSE,FALSE,FALSE,FALSE,528,535,543,11302,11290,11286,15051740,10163366,50.0,0.83
1,1,1,FALSE,FALSE,FALSE,FALSE,FALSE,FALSE,528,535,543,11302,11290,11286,15051740,10163366,50.0,0.83
1,1,1,FALSE,FALSE,FALSE,FALSE,FALSE,FALSE,528,535,543,11302,11290,11286,15051740,10163366,50.0,0.83
1,1,1,FALSE,FALSE,FALSE,FALSE,FALSE,FALSE,526,533,541,11343,11334,11331,15051340,10162097,50.0,0.83
1,1,1,FALSE,FALSE,FALSE,FALSE,FALSE,FALSE,526,533,541,11343,11334,11331,15051340,10162097,50.0,0.83
1,1,1,FALSE,FALSE,FALSE,FALSE,FALSE,FALSE,526,533,541,11343,11334,11331,15051340,10162097,50.0,0.83
1,1,1,FALSE,FALSE,FALSE,FALSE,FALSE,FALSE,528,535,543,11302,11290,11286,15051740,10163366,50.0,0.83
1,1,1,FALSE,FALSE,FALSE,FALSE,FALSE,FALSE,528,535,543,11302,11290,11286,15051740,10163366,50.0,0.83
1,1,1,FALSE,FALSE,FALSE,FALSE,FALSE,FALSE,528,535,543,11302,11290,11286,15051740,10163366,50.0,0.83
1,1,1,FALSE,FALSE,FALSE,FALSE,FALSE,FALSE,528,535,543,11302,11290,11286,15051740,10163366,50.0,0.83
1,1,1,FALSE,FALSE,FALSE,FALSE,FALSE,FALSE,528,535,543,11302,11290,11286,15051740,10163366,50.0,0.83
1,1,1,FALSE,FALSE,FALSE,FALSE,FALSE,FALSE,528,535,543,11302,11290,11286,15051740,10163366,50.0,0.83
1,1,1,FALSE,FALSE,FALSE,FALSE,FALSE,FALSE,528,535,543,11302,11290,11286,15051740,10163366,50.0,0.83
1,1,1,FALSE,FALSE,FALSE,FALSE,FALSE,FALSE,528,535,543,11302,11290,11286,15051740,10163366,50.0,0.83
1,1,1,FALSE,FALSE,FALSE,FALSE,FALSE,FALSE,528,535,543,11302,11290,11286,15051740,10163366,50.0,0.83
1,1,1,FALSE,FALSE,FALSE,FALSE,FALSE,FALSE,528,535,543,11303,11291,11287,15051730,10163337,50.0,0.83
1,1,1,FALSE,FALSE,FALSE,FALSE,FALSE,FALSE,528,535,543,11303,11291,11287,15051730,10163337,50.0,0.83
1,1,1,FALSE,FALSE,FALSE,FALSE,FALSE,FALSE,528,535,543,11303,11291,11287,15051730,10163337,50.0,0.83
1,1,1,FALSE,FALSE,FALSE,FALSE,FALSE,FALSE,528,535,543,11303,11291,11287,15051730,10163337,50.0,0.83
1,1,1,FALSE,FALSE,FALSE,FALSE,FALSE,FALSE,528,535,543,11303,11291,11287,15051730,10163337,50.0,0.83
1,1,1,FALSE,FALSE,FALSE,FALSE,FALSE,FALSE,528,535,543,11303,11291,11287,15051730,10163337,50.0,0.83
1,1,1,FALSE,FALSE,FALSE,FALSE,FALSE,FALSE,528,535,544,11299,11287,11283,15051768,10163457,50.0,0.83
1,1,1,FALSE,FALSE,FALSE,FALSE,FALSE,FALSE,528,535,544,11299,11287,11283,15051768,10163457,50.0,0.83
1,1,1,FALSE,FALSE,FALSE,FALSE,FALSE,FALSE,528,535,544,11299,11287,11283,15051768,10163457,50.0,0.83
1,1,1,FALSE,FALSE,FALSE,FALSE,FALSE,FALSE,528,535,544,11299,11287,11283,15051768,10163457,50.0,0.83
1,1,1,FALSE,FALSE,FALSE,FALSE,FALSE,FALSE,528,535,544,11299,11287,11283,15051768,10163457,50.0,0.83
1,1,1,FALSE,FALSE,FALSE,FALSE,FALSE,FALSE,528,535,544,11299,11287,11283,15051768,10163457,50.0,0.83
1,1,1,FALSE,FALSE,FALSE,FALSE,FALSE,FALSE,528,535,544,11299,11287,11283,15051768,10163457,50.0,0.83
1,1,1,FALSE,FALSE,FALSE,FALSE,FALSE,FALSE,528,535,544,11299,11287,11283,15051768,10163457,50.0,0.83
1,1,1,FALSE,FALSE,FALSE,FALSE,FALSE,FALSE,528,535,544,11299,11287,11283,15051768,10163457,50.0,0.83
1,1,1,FALSE,FALSE,FALSE,FALSE,FALSE,FALSE,528,535,544,11299,11287,11283,15051768,10163457,50.0,0.83
1,1,1,FALSE,FALSE,FALSE,FALSE,FALSE,FALSE,528,535,544,11299,11287,11283,15051768,10163457,50.0,0.83
1,1,1,FALSE,FALSE,FALSE,FALSE,FALSE,FALSE,528,535,544,11299,11287,11283,15051768,10163457,50.0,0.83
1,1,1,FALSE,FALSE,FALSE,FALSE,FALSE,FALSE,528,535,544,11299,11287,11283,15051768,10163457,50.0,0.83
1,1,1,FALSE,FALSE,FALSE,FALSE,FALSE,FALSE,528,535,544,11299,11287,11283,15051768,10163457,50.0,0.83
1,1,1,FALSE,FALSE,FALSE,FALSE,FALSE,FALSE,528,535,544,11299,11287,11283,15051768,10163457,50.0,0.83
1,1,1,FALSE,FALSE,FALSE,FALSE,FALSE,FALSE,528,535,544,11299,11287,11283,15051768,10163457,50.0,0.83
1,1,1,FALSE,FALSE,FALSE,FALSE,FALSE,FALSE,528,535,544,11299,11287,11283,15051768,10163457,50.0,0.83
1,1,1,FALSE,FALSE,FALSE,FALSE,FALSE,FALSE,528,535,544,11299,11287,11283,15051768,10163457,50.0,0.83
1,1,1,FALSE,FALSE,FALSE,FALSE,FALSE,FALSE,528,535,544,11299,11287,11283,15051768,10163457,50.0,0.83
1,1,1,FALSE,FALSE,FALSE,FALSE,FALSE,FALSE,528,535,544,11299,11287,11283,15051768,10163457,50.0,0.83
1,1,1,FALSE,FALSE,FALSE,FALSE,FALSE,FALSE,528,535,544,11299,11287,11283,15051768,10163457,50.0,0.83
1,1,1,FALSE,FALSE,FALSE,FALSE,FALSE,FALSE,528,535,544,11299,11287,11283,15051768,10163457,50.0,0.83
1,1,1,FALSE,FALSE,FALSE,FALSE,FALSE,FALSE,528,535,544,11299,11287,11283,15051768,10163457,50.0,0.83
1,1,1,FALSE,FALSE,FALSE,FALSE,FALSE,FALSE,528,535,544,11299,11287,11283,15051768,10163457,50.0,0.83
1,1,1,FALSE,FALSE,FALSE,FALSE,FALSE,FALSE,528,535,544,11299,11287,11283,15051768,10163457,50.0,0.83
1,1,1,FALSE,FALSE,FALSE,FALSE,FALSE,FALSE,528,535,544,11299,11287,11283,15051768,10163457,50.0,0.83
1,1,1,FALSE,FALSE,FALSE,FALSE,FALSE,FALSE,528,535,544,11299,11287,11283,15051768,10163457,50.0,0.83
1,1,1,FALSE,FALSE,FALSE,FALSE,FALSE,FALSE,528,535,544,11299,11287,11283,15051768,10163457,50.0,0.83
1,1,1,FALSE,FALSE,FALSE,FALSE,FALSE,FALSE,528,535,544,11299,11287,11283,15051768,10163457,50.0,0.83
1,1,1,FALSE,FALSE,FALSE,FALSE,FALSE,FALSE,528,535,544,11299,11287,11283,15051768,10163457,50.0,0.83
1,1,1,FALSE,FALSE,FALSE,FALSE,FALSE,FALSE,528,535,544,11299,11287,11283,15051768,10163457,50.0,0.83
1,1,1,FALSE,FALSE,FALSE,FALSE,FALSE,FALSE,528,535,544,11299,11287,11283,15051768,10163457,50.0,0.83
1,1,1,FALSE,FALSE,FALSE,FALSE,FALSE,FALSE,528,535,544,11299,11287,11283,15051768,10163457,50.0,0.83
1,1,1,FALSE,FALSE,FALSE,FALSE,FALSE,FALSE,528,535,544,11299,11287,11283,15051768,10163457,50.0,0.83
1,1,1,FALSE,FALSE,FALSE,FALSE,FALSE,FALSE,528,535,544,11299,11287,11283,15051768,10163457,50.0,0.83
1,1,1,FALSE,FALSE,FALSE,FALSE,FALSE,FALSE,528,535,544,11299,11287,11283,15051768,10163457,50.0,0.83
1,1,1,FALSE,FALSE,FALSE,FALSE,FALSE,FALSE,528,535,544,11299,11287,11283,15051768,10163457,50.0,0.83
1,1,1,FALSE,FALSE,FALSE,FALSE,FALSE,FALSE,528,535,544,11299,11287,11283,15051768,10163457,50.0,0.83
1,1,1,FALSE,FALSE,FALSE,FALSE,FALSE,FALSE,528,535,544,11299,11287,11283,15051768,10163457,50.0,0.83
1,1,1,FALSE,FALSE,FALSE,FALSE,FALSE,FALSE,528,535,544,11299,11287,11283,15051768,10163457,50.0,0.83
1,1,1,FALSE,FALSE,FALSE,FALSE,FALSE,FALSE,528,535,544,11299,11287,11283,15051768,10163457,50.0,0.83
1,1,1,FALSE,FALSE,FALSE,FALSE,FALSE,FALSE,528,535,544,11299,11287,11283,15051768,10163457,50.0,0.83
1,1,1,FALSE,FALSE,FALSE,FALSE,FALSE,FALSE,528,535,544,11299,11287,11283,15051768,10163457,50.0,0.83
1,1,1,FALSE,FALSE,FALSE,FALSE,FALSE,FALSE,528,535,544,11299,11287,11283,15051768,10163457,50.0,0.83
1,1,1,FALSE,FALSE,FALSE,FALSE,FALSE,FALSE,528,535,544,11299,11287,11283,15051768,10163457,50.0,0.83
1,1,1,FALSE,FALSE,FALSE,FALSE,FALSE,FALSE,528,535,544,11299,11287,11283,15051768,10163457,50.0,0.83
1,1,1,FALSE,FALSE,FALSE,FALSE,FALSE,FALSE,528,535,544,11299,11287,11283,15051768,10163457,50.0,0.83
1,1,1,FALSE,FALSE,FALSE,FALSE,FALSE,FALSE,528,535,544,11299,11287,11283,15051768,10163457,50.0,0.83
1,1,1,FALSE,FALSE,FALSE,FALSE,FALSE,FALSE,528,535,544,11299,11287,11283,15051768,10163457,50.0,0.83
1,1,1,FALSE,FALSE,FALSE,FALSE,FALSE,FALSE,528,535,544,11299,11287,11283,15051768,10163457,50.0,0.83
1,1,1,FALSE,FALSE,FALSE,FALSE,FALSE,FALSE,528,535,544,11299,11287,11283,15051768,10163457,50.0,0.83
1,1,1,FALSE,FALSE,FALSE,FALSE,FALSE,FALSE,528,535,544,11299,11287,11283,15051768,10163457,50.0,0.83
1,1,1,FALSE,FALSE,FALSE,FALSE,FALSE,FALSE,528,535,544,11299,11287,11283,15051768,10163457,50.0,0.83
1,1,1,FALSE,FALSE,FALSE,FALSE,FALSE,FALSE,528,535,544,11299,11287,11283,15051768,10163457,50.0,0.83
1,1,1,FALSE,FALSE,FALSE,FALSE,FALSE,FALSE,528,535,544,11299,11287,11283,15051768,10163457,50.0,0.83
1,1,1,FALSE,FALSE,FALSE,FALSE,FALSE,FALSE,528,535,544,11299,11287,11283,15051768,10163457,50.0,0.83
1,1,1,FALSE,FALSE,FALSE,FALSE,FALSE,FALSE,528,535,544,11299,11287,11283,15051768,10163457,50.0,0.83
1,1,1,FALSE,FALSE,FALSE,FALSE,FALSE,FALSE,528,535,544,11299,11287,11283,15051768,10163457,50.0,0.83
1,1,1,FALSE,FALSE,FALSE,FALSE,FALSE,FALSE,528,535,544,11299,11287,11283,15051768,10163457,50.0,0.83
1,1,1,FALSE,FALSE,FALSE,FALSE,FALSE,FALSE,528,535,544,11299,11287,11283,15051768,10163457,50.0,0.83
1,1,1,FALSE,FALSE,FALSE,FALSE,FALSE,FALSE,528,535,544,11299,11287,11283,15051768,10163457,50.0,0.83
1,1,1,FALSE,FALSE,FALSE,FALSE,FALSE,FALSE,528,535,544,11299,11287,11283,15051768,10163457,50.0,0.83
1,1,1,FALSE,FALSE,FALSE,FALSE,FALSE,FALSE,528,535,544,11299,11287,11283,15051768,10163457,50.0,0.83
1,1,1,FALSE,FALSE,FALSE,FALSE,FALSE,FALSE,528,535,544,11299,11287,11283,15051768,10163457,50.0,0.83
1,1,1,FALSE,FALSE,FALSE,FALSE,FALSE,FALSE,528,535,544,11299,11287,11283,15051768,10163457,50.0,0.83
1,1,1,FALSE,FALSE,FALSE,FALSE,FALSE,FALSE,528,535,544,11299,11287,11283,15051768,10163457,50.0,0.83
1,1,1,FALSE,FALSE,FALSE,FALSE,FALSE,FALSE,528,535,544,11299,11287,11283,15051768,10163457,50.0,0.83
1,1,1,FALSE,FALSE,FALSE,FALSE,FALSE,FALSE,528,535,544,11299,11287,11283,15051768,10163457,50.0,0.83
1,1,1,FALSE,FALSE,FALSE,FALSE,FALSE,FALSE,528,535,544,11299,11287,11283,15051768,10163457,50.0,0.83
1,1,1,FALSE,FALSE,FALSE,FALSE,FALSE,FALSE,528,535,544,11299,11287,11283,15051768,10163457,50.0,0.83
1,1,1,FALSE,FALSE,FALSE,FALSE,FALSE,FALSE,528,535,544,11299,11287,11283,15051768,10163457,50.0,0.83
1,1,1,FALSE,FALSE,FALSE,FALSE,FALSE,FALSE,528,535,544,11299,11287,11283,15051768,10163457,50.0,0.83
1,1,1,FALSE,FALSE,FALSE,FALSE,FALSE,FALSE,528,535,544,11299,11287,11283,15051768,10163457,50.0,0.83
1,1,1,FALSE,FALSE,FALSE,FALSE,FALSE,FALSE,528,535,544,11299,11287,11283,15051768,10163457,50.0,0.83
1,1,1,FALSE,FALSE,FALSE,FALSE,FALSE,FALSE,528,535,544,11299,11287,11283,15051768,10163457,50.0,0.83
1,1,1,FALSE,FALSE,FALSE,FALSE,FALSE,FALSE,528,535,544,11299,11287,11283,15051768,10163457,50.0,0.83
1,1,1,FALSE,FALSE,FALSE,FALSE,FALSE,FALSE,528,535,544,11299,11287,11283,15051768,10163457,50.0,0.83
1,1,1,FALSE,FALSE,FALSE,FALSE,FALSE,FALSE,528,535,544,11299,11287,11283,15051768,10163457,50.0,0.83
1,1,1,FALSE,FALSE,FALSE,FALSE,FALSE,FALSE,528,535,544,11299,11287,11283,15051768,10163457,50.0,0.83
1,1,1,FALSE,FALSE,FALSE,FALSE,FALSE,FALSE,528,535,544,11299,11287,11283,15051768,10163457,50.0,0.83
1,1,1,FALSE,FALSE,FALSE,FALSE,FALSE,FALSE,528,535,544,11299,11287,11283,15051768,10163457,50.0,0.83
1,1,1,FALSE,FALSE,FALSE,FALSE,FALSE,FALSE,528,535,544,11299,11287,11283,15051768,10163457,50.0,0.83
1,1,1,FALSE,FALSE,FALSE,FALSE,FALSE,FALSE,528,535,544,11299,11287,11283,15051768,10163457,50.0,0.83
1,1,1,FALSE,FALSE,FALSE,FALSE,FALSE,FALSE,528,535,544,11299,11287,11283,15051768,10163457,50.0,0.83
1,1,1,FALSE,FALSE,FALSE,FALSE,FALSE,FALSE,528,535,544,11299,11287,11283,15051768,10163457,50.0,0.83
1,1,1,FALSE,FALSE,FALSE,FALSE,FALSE,FALSE,528,535,544,11299,11287,11283,15051768,10163457,50.0,0.83
1,1,1,FALSE,FALSE,FALSE,FALSE,FALSE,FALSE,528,535,544,11299,11287,11283,15051768,10163457,50.0,0.83
1,1,1,FALSE,FALSE,FALSE,FALSE,FALSE,FALSE,528,535,544,11299,11287,11283,15051768,10163457,50.0,0.83
1,1,1,FALSE,FALSE,FALSE,FALSE,FALSE,FALSE,528,535,544,11299,11287,11283,15051768,10163457,50.0,0.83
1,1,1,FALSE,FALSE,FALSE,FALSE,FALSE,FALSE,528,535,544,11299,11287,11283,15051768,10163457,50.0,0.83
1,1,1,FALSE,FALSE,FALSE,FALSE,FALSE,FALSE,528,535,544,11299,11287,11283,15051768,10163457,50.0,0.83
1,1,1,FALSE,FALSE,FALSE,FALSE,FALSE,FALSE,528,535,544,11299,11287,11283,15051768,10163457,50.0,0.83
1,1,1,FALSE,FALSE,FALSE,FALSE,FALSE,FALSE,528,535,544,11299,11287,11283,15051768,10163457,50.0,0.83
1,1,1,FALSE,FALSE,FALSE,FALSE,FALSE,FALSE,528,535,544,11299,11287,11283,15051768,10163457,50.0,0.83
1,1,1,FALSE,FALSE,FALSE,FALSE,FALSE,FALSE,528,535,544,11299,11287,11283,15051768,10163457,50.0,0.83
1,1,1,FALSE,FALSE,FALSE,FALSE,FALSE,FALSE,528,535,544,11299,11287,11283,15051768,10163457,50.0,0.83
1,1,1,FALSE,FALSE,FALSE,FALSE,FALSE,FALSE,528,535,544,11299,11287,11283,15051768,10163457,50.0,0.83
1,1,1,FALSE,FALSE,FALSE,FALSE,FALSE,FALSE,528,535,544,11299,11287,11283,15051768,10163457,50.0,0.83
1,1,1,FALSE,FALSE,FALSE,FALSE,FALSE,FALSE,528,535,544,11299,11287,11283,15051768,10163457,50.0,0.83
1,1,1,FALSE,FALSE,FALSE,FALSE,FALSE,FALSE,528,535,544,11299,11287,11283,15051768,10163457,50.0,0.83
1,1,1,FALSE,FALSE,FALSE,FALSE,FALSE,FALSE,528,535,544,11299,11287,11283,15051768,10163457,50.0,0.83
1,1,1,FALSE,FALSE,FALSE,FALSE,FALSE,FALSE,528,535,544,11299,11287,11283,15051768,10163457,50.0,0.83
1,1,1,FALSE,FALSE,FALSE,FALSE,FALSE,FALSE,528,535,544,11299,11287,11283,15051768,10163457,50.0,0.83
1,1,1,FALSE,FALSE,FALSE,FALSE,FALSE,FALSE,528,535,544,11299,11287,11283,15051768,10163457,50.0,0.83
1,1,1,FALSE,FALSE,FALSE,FALSE,FALSE,FALSE,541,548,557,11296,11284,11280,15260980,10611285,50.0,0.82
1,1,1,FALSE,FALSE,FALSE,FALSE,FALSE,FALSE,541,548,557,11296,11284,11280,15260980,10611285,50.0,0.82
1,1,1,FALSE,FALSE,FALSE,FALSE,FALSE,FALSE,541,548,557,11296,11284,11280,15260980,10611285,50.0,0.82
1,1,1,FALSE,FALSE,FALSE,FALSE,FALSE,FALSE,541,548,557,11296,11284,11280,15260980,10611285,50.0,0.82
1,1,1,FALSE,FALSE,FALSE,FALSE,FALSE,FALSE,541,548,557,11296,11284,11280,15260980,10611285,50.0,0.82
1,1,1,FALSE,FALSE,FALSE,FALSE,FALSE,FALSE,541,548,557,11296,11284,11280,15260980,10611285,50.0,0.82
1,1,1,FALSE,FALSE,FALSE,FALSE,FALSE,FALSE,541,548,557,11296,11284,11280,15260980,10611285,50.0,0.82
1,1,1,FALSE,FALSE,FALSE,FALSE,FALSE,FALSE,541,548,557,11296,11284,11280,15260980,10611285,50.0,0.82
1,1,1,FALSE,FALSE,FALSE,FALSE,FALSE,FALSE,541,548,557,11296,11284,11280,15260980,10611285,50.0,0.82
1,1,1,FALSE,FALSE,FALSE,FALSE,FALSE,FALSE,541,548,557,11296,11284,11280,15260980,10611285,50.0,0.82
1,1,1,FALSE,FALSE,FALSE,FALSE,FALSE,FALSE,541,548,557,11296,11284,11280,15260980,10611285,50.0,0.82
1,1,1,FALSE,FALSE,FALSE,FALSE,FALSE,FALSE,541,548,557,11296,11284,11280,15260980,10611285,50.0,0.82
1,1,1,FALSE,FALSE,FALSE,FALSE,FALSE,FALSE,541,548,557,11296,11284,11280,15260980,10611285,50.0,0.82
1,1,1,FALSE,FALSE,FALSE,FALSE,FALSE,FALSE,541,548,557,11296,11284,11280,15260980,10611285,50.0,0.82
1,1,1,FALSE,FALSE,FALSE,FALSE,FALSE,FALSE,541,548,557,11296,11284,11280,15260980,10611285,50.0,0.82
1,1,1,FALSE,FALSE,FALSE,FALSE,FALSE,FALSE,541,548,557,11296,11284,11280,15260980,10611285,50.0,0.82
1,1,1,FALSE,FALSE,FALSE,FALSE,FALSE,FALSE,541,548,557,11296,11284,11280,15260980,10611285,50.0,0.82
1,1,1,FALSE,FALSE,FALSE,FALSE,FALSE,FALSE,541,548,557,11296,11284,11280,15260980,10611285,50.0,0.82
1,1,1,FALSE,FALSE,FALSE,FALSE,FALSE,FALSE,541,548,557,11296,11284,11280,15260980,10611285,50.0,0.82
1,1,1,FALSE,FALSE,FALSE,FALSE,FALSE,FALSE,541,548,557,11296,11284,11280,15260980,10611285,50.0,0.82
1,1,1,FALSE,FALSE,FALSE,FALSE,FALSE,FALSE,541,548,557,11296,11284,11280,15260980,10611285,50.0,0.82
1,1,1,FALSE,FALSE,FALSE,FALSE,FALSE,FALSE,541,548,557,11296,11284,11280,15260980,10611285,50.0,0.82
1,1,1,FALSE,FALSE,FALSE,FALSE,FALSE,FALSE,541,548,557,11296,11284,11280,15260980,10611285,50.0,0.82
1,1,1,FALSE,FALSE,FALSE,FALSE,FALSE,FALSE,541,548,557,11296,11284,11280,15260980,10611285,50.0,0.82
1,1,1,FALSE,FALSE,FALSE,FALSE,FALSE,FALSE,541,548,557,11296,11284,11280,15260980,10611285,50.0,0.82
1,1,1,FALSE,FALSE,FALSE,FALSE,FALSE,FALSE,541,548,557,11296,11284,11280,15260980,10611285,50.0,0.82
1,1,1,FALSE,FALSE,FALSE,FALSE,FALSE,FALSE,541,548,557,11296,11284,11280,15260980,10611285,50.0,0.82
1,1,1,FALSE,FALSE,FALSE,FALSE,FALSE,FALSE,541,548,557,11296,11284,11280,15260980,10611285,50.0,0.82
1,1,1,FALSE,FALSE,FALSE,FALSE,FALSE,FALSE,541,548,557,11296,11284,11280,15260980,10611285,50.0,0.82
1,1,1,FALSE,FALSE,FALSE,FALSE,FALSE,FALSE,541,548,557,11296,11284,11280,15260980,10611285,50.0,0.82
1,1,1,FALSE,FALSE,FALSE,FALSE,FALSE,FALSE,541,548,557,11296,11284,11280,15260980,10611285,50.0,0.82
1,1,1,FALSE,FALSE,FALSE,FALSE,FALSE,FALSE,541,548,557,11296,11284,11280,15260980,10611285,50.0,0.82
1,1,1,FALSE,FALSE,FALSE,FALSE,FALSE,FALSE,541,548,557,11296,11284,11280,15260980,10611285,50.0,0.82
1,1,1,FALSE,FALSE,FALSE,FALSE,FALSE,FALSE,541,548,557,11296,11284,11280,15260980,10611285,50.0,0.82
1,1,1,FALSE,FALSE,FALSE,FALSE,FALSE,FALSE,541,548,557,11296,11284,11280,15260980,10611285,50.0,0.82
1,1,1,FALSE,FALSE,FALSE,FALSE,FALSE,FALSE,541,548,557,11296,11284,11280,15260980,10611285,50.0,0.82
1,1,1,FALSE,FALSE,FALSE,FALSE,FALSE,FALSE,541,548,557,11296,11284,11280,15260980,10611285,50.0,0.82
1,1,1,FALSE,FALSE,FALSE,FALSE,FALSE,FALSE,541,548,557,11296,11284,11280,15260980,10611285,50.0,0.82
1,1,1,FALSE,FALSE,FALSE,FALSE,FALSE,FALSE,541,548,557,11296,11284,11280,15260980,10611285,50.0,0.82
1,1,1,FALSE,FALSE,FALSE,FALSE,FALSE,FALSE,541,548,557,11296,11284,11280,15260980,10611285,50.0,0.82
1,1,1,FALSE,FALSE,FALSE,FALSE,FALSE,FALSE,541,548,557,11296,11284,11280,15260980,10611285,50.0,0.82
1,1,1,FALSE,FALSE,FALSE,FALSE,FALSE,FALSE,541,548,557,11296,11284,11280,15260980,10611285,50.0,0.82
1,1,1,FALSE,FALSE,FALSE,FALSE,FALSE,FALSE,541,548,557,11296,11284,11280,15260980,10611285,50.0,0.82
1,1,1,FALSE,FALSE,FALSE,FALSE,FALSE,FALSE,541,548,557,11296,11284,11280,15260980,10611285,50.0,0.82
1,1,1,FALSE,FALSE,FALSE,FALSE,FALSE,FALSE,541,548,557,11296,11284,11280,15260980,10611285,50.0,0.82
1,1,1,FALSE,FALSE,FALSE,FALSE,FALSE,FALSE,541,548,557,11296,11284,11280,15260980,10611285,50.0,0.82
1,1,1,FALSE,FALSE,FALSE,FALSE,FALSE,FALSE,541,548,557,11296,11284,11280,15260980,10611285,50.0,0.82
1,1,1,FALSE,FALSE,FALSE,FALSE,FALSE,FALSE,541,548,557,11296,11284,11280,15260980,10611285,50.0,0.82
1,1,1,FALSE,FALSE,FALSE,FALSE,FALSE,FALSE,541,548,557,11296,11284,11280,15260980,10611285,50.0,0.82
1,1,1,FALSE,FALSE,FALSE,FALSE,FALSE,FALSE,541,548,557,11296,11284,11280,15260980,10611285,50.0,0.82
1,1,1,FALSE,FALSE,FALSE,FALSE,FALSE,FALSE,541,548,557,11296,11284,11280,15260980,10611285,50.0,0.82
1,1,1,FALSE,FALSE,FALSE,FALSE,FALSE,FALSE,541,548,557,11296,11284,11280,15260980,10611285,50.0,0.82
1,1,1,FALSE,FALSE,FALSE,FALSE,FALSE,FALSE,541,548,557,11296,11284,11280,15260980,10611285,50.0,0.82
1,1,1,FALSE,FALSE,FALSE,FALSE,FALSE,FALSE,541,548,557,11296,11284,11280,15260980,10611285,50.0,0.82
1,1,1,FALSE,FALSE,FALSE,FALSE,FALSE,FALSE,541,548,557,11296,11284,11280,15260980,10611285,50.0,0.82
1,1,1,FALSE,FALSE,FALSE,FALSE,FALSE,FALSE,541,548,557,11296,11284,11280,15260980,10611285,50.0,0.82
1,1,1,FALSE,FALSE,FALSE,FALSE,FALSE,FALSE,541,548,557,11296,11284,11280,15260980,10611285,50.0,0.82
1,1,1,FALSE,FALSE,FALSE,FALSE,FALSE,FALSE,541,548,557,11296,11284,11280,15260980,10611285,50.0,0.82
1,1,1,FALSE,FALSE,FALSE,FALSE,FALSE,FALSE,541,548,557,11296,11284,11280,15260980,10611285,50.0,0.82
1,1,1,FALSE,FALSE,FALSE,FALSE,FALSE,FALSE,541,548,557,11296,11284,11280,15260980,10611285,50.0,0.82
1,1,1,FALSE,FALSE,FALSE,FALSE,FALSE,FALSE,541,548,557,11296,11284,11280,15260980,10611285,50.0,0.82
1,1,1,FALSE,FALSE,FALSE,FALSE,FALSE,FALSE,541,548,557,11296,11284,11280,15260980,10611285,50.0,0.82
1,1,1,FALSE,FALSE,FALSE,FALSE,FALSE,FALSE,541,548,557,11296,11284,11280,15260980,10611285,50.0,0.82
1,1,1,FALSE,FALSE,FALSE,FALSE,FALSE,FALSE,541,548,557,11296,11284,11280,15260980,10611285,50.0,0.82
1,1,1,FALSE,FALSE,FALSE,FALSE,FALSE,FALSE,541,548,557,11296,11284,11280,15260980,10611285,50.0,0.82
1,1,1,FALSE,FALSE,FALSE,FALSE,FALSE,FALSE,541,548,557,11296,11284,11280,15260980,10611285,50.0,0.82
1,1,1,FALSE,FALSE,FALSE,FALSE,FALSE,FALSE,541,548,557,11296,11284,11280,15260980,10611285,50.0,0.82
1,1,1,FALSE,FALSE,FALSE,FALSE,FALSE,FALSE,541,548,557,11296,11284,11280,15260980,10611285,50.0,0.82
1,1,1,FALSE,FALSE,FALSE,FALSE,FALSE,FALSE,541,548,557,11296,11284,11280,15260980,10611285,50.0,0.82
1,1,1,FALSE,FALSE,FALSE,FALSE,FALSE,FALSE,541,548,557,11296,11284,11280,15260980,10611285,50.0,0.82
1,1,1,FALSE,FALSE,FALSE,FALSE,FALSE,FALSE,541,548,557,11296,11284,11280,15260980,10611285,50.0,0.82
1,1,1,FALSE,FALSE,FALSE,FALSE,FALSE,FALSE,541,548,557,11296,11284,11280,15260980,10611285,50.0,0.82
1,1,1,FALSE,FALSE,FALSE,FALSE,FALSE,FALSE,541,548,557,11296,11284,11280,15260980,10611285,50.0,0.82
1,1,1,FALSE,FALSE,FALSE,FALSE,FALSE,FALSE,541,548,557,11296,11284,11280,15260980,10611285,50.0,0.82
1,1,1,FALSE,FALSE,FALSE,FALSE,FALSE,FALSE,541,548,557,11296,11284,11280,15260980,10611285,50.0,0.82
1,1,1,FALSE,FALSE,FALSE,FALSE,FALSE,FALSE,541,548,557,11296,11284,11280,15260980,10611285,50.0,0.82
1,1,1,FALSE,FALSE,FALSE,FALSE,FALSE,FALSE,541,548,557,11296,11284,11280,15260980,10611285,50.0,0.82
1,1,1,FALSE,FALSE,FALSE,FALSE,FALSE,FALSE,541,548,557,11296,11284,11280,15260980,10611285,50.0,0.82
1,1,1,FALSE,FALSE,FALSE,FALSE,FALSE,FALSE,541,548,557,11296,11284,11280,15260980,10611285,50.0,0.82
1,1,1,FALSE,FALSE,FALSE,FALSE,FALSE,FALSE,541,548,557,11296,11284,11280,15260980,10611285,50.0,0.82
1,1,1,FALSE,FALSE,FALSE,FALSE,FALSE,FALSE,541,548,557,11296,11284,11280,15260980,10611285,50.0,0.82
1,1,1,FALSE,FALSE,FALSE,FALSE,FALSE,FALSE,541,548,557,11296,11284,11280,15260980,10611285,50.0,0.82
1,1,1,FALSE,FALSE,FALSE,FALSE,FALSE,FALSE,541,548,557,11296,11284,11280,15260980,10611285,50.0,0.82
1,1,1,FALSE,FALSE,FALSE,FALSE,FALSE,FALSE,541,548,557,11296,11284,11280,15260980,10611285,50.0,0.82
1,1,1,FALSE,FALSE,FALSE,FALSE,FALSE,FALSE,541,548,557,11296,11284,11280,15260980,10611285,50.0,0.82
1,1,1,FALSE,FALSE,FALSE,FALSE,FALSE,FALSE,541,548,557,11296,11284,11280,15260980,10611285,50.0,0.82
1,1,1,FALSE,FALSE,FALSE,FALSE,FALSE,FALSE,541,548,557,11296,11284,11280,15260980,10611285,50.0,0.82
1,1,1,FALSE,FALSE,FALSE,FALSE,FALSE,FALSE,541,548,557,11296,11284,11280,15260980,10611285,50.0,0.82
1,1,1,FALSE,FALSE,FALSE,FALSE,FALSE,FALSE,541,548,557,11296,11284,11280,15260980,10611285,50.0,0.82
1,1,1,FALSE,FALSE,FALSE,FALSE,FALSE,FALSE,541,548,557,11296,11284,11280,15260980,10611285,50.0,0.82
1,1,1,FALSE,FALSE,FALSE,FALSE,FALSE,FALSE,541,548,557,11296,11284,11280,15260980,10611285,50.0,0.82
1,1,1,FALSE,FALSE,FALSE,FALSE,FALSE,FALSE,541,548,557,11296,11284,11280,15260980,10611285,50.0,0.82
1,1,1,FALSE,FALSE,FALSE,FALSE,FALSE,FALSE,541,548,557,11296,11284,11280,15260980,10611285,50.0,0.82
1,1,1,FALSE,FALSE,FALSE,FALSE,FALSE,FALSE,541,548,557,11296,11284,11280,15260980,10611285,50.0,0.82
1,1,1,FALSE,FALSE,FALSE,FALSE,FALSE,FALSE,541,548,557,11296,11284,11280,15260980,10611285,50.0,0.82
1,1,1,FALSE,FALSE,FALSE,FALSE,FALSE,FALSE,541,548,557,11296,11284,11280,15260980,10611285,50.0,0.82
1,1,1,FALSE,FALSE,FALSE,FALSE,FALSE,FALSE,541,548,557,11296,11284,11280,15260980,10611285,50.0,0.82
1,1,1,FALSE,FALSE,FALSE,FALSE,FALSE,FALSE,541,548,557,11296,11284,11280,15260980,10611285,50.0,0.82
1,1,1,FALSE,FALSE,FALSE,FALSE,FALSE,FALSE,541,548,557,11296,11284,11280,15260980,10611285,50.0,0.82
1,1,1,FALSE,FALSE,FALSE,FALSE,FALSE,FALSE,541,548,557,11296,11284,11280,15260980,10611285,50.0,0.82
1,1,1,FALSE,FALSE,FALSE,FALSE,FALSE,FALSE,541,548,557,11296,11284,11280,15260980,10611285,50.0,0.82
1,1,1,FALSE,FALSE,FALSE,FALSE,FALSE,FALSE,541,548,557,11296,11284,11280,15260980,10611285,50.0,0.82
1,1,1,FALSE,FALSE,FALSE,FALSE,FALSE,FALSE,541,548,557,11296,11284,11280,15260980,10611285,50.0,0.82
1,1,1,FALSE,FALSE,FALSE,FALSE,FALSE,FALSE,541,548,557,11296,11284,11280,15260980,10611285,50.0,0.82
1,1,1,FALSE,FALSE,FALSE,FALSE,FALSE,FALSE,541,548,557,11296,11284,11280,15260980,10611285,50.0,0.82
1,1,1,FALSE,FALSE,FALSE,FALSE,FALSE,FALSE,541,548,557,11296,11284,11280,15260980,10611285,50.0,0.82
1,1,1,FALSE,FALSE,FALSE,FALSE,FALSE,FALSE,541,548,557,11296,11284,11280,15260980,10611285,50.0,0.82
1,1,1,FALSE,FALSE,FALSE,FALSE,FALSE,FALSE,541,548,557,11296,11284,11280,15260980,10611285,50.0,0.82
1,1,1,FALSE,FALSE,FALSE,FALSE,FALSE,FALSE,541,548,557,11296,11284,11280,15260980,10611285,50.0,0.82
1,1,1,FALSE,FALSE,FALSE,FALSE,FALSE,FALSE,541,548,557,11296,11284,11280,15260980,10611285,50.0,0.82
1,1,1,FALSE,FALSE,FALSE,FALSE,FALSE,FALSE,541,548,557,11296,11284,11280,15260980,10611285,50.0,0.82
1,1,1,FALSE,FALSE,FALSE,FALSE,FALSE,FALSE,541,548,557,11296,11284,11280,15260980,10611285,50.0,0.82
1,1,1,FALSE,FALSE,FALSE,FALSE,FALSE,FALSE,541,548,557,11296,11284,11280,15260980,10611285,50.0,0.82
1,1,1,FALSE,FALSE,FALSE,FALSE,FALSE,FALSE,541,548,557,11296,11284,11280,15260980,10611285,50.0,0.82
1,1,1,FALSE,FALSE,FALSE,FALSE,FALSE,FALSE,541,548,557,11296,11284,11280,15260980,10611285,50.0,0.82
1,1,1,FALSE,FALSE,FALSE,FALSE,FALSE,FALSE,541,548,557,11296,11284,11280,15260980,10611285,50.0,0.82
1,1,1,FALSE,FALSE,FALSE,FALSE,FALSE,FALSE,541,548,557,11296,11284,11280,15260980,10611285,50.0,0.82
1,1,1,FALSE,FALSE,FALSE,FALSE,FALSE,FALSE,541,548,557,11296,11284,11280,15260980,10611285,50.0,0.82
1,1,1,FALSE,FALSE,FALSE,FALSE,FALSE,FALSE,541,548,557,11296,11284,11280,15260980,10611285,50.0,0.82
1,1,1,FALSE,FALSE,FALSE,FALSE,FALSE,FALSE,541,548,557,11296,11284,11280,15260980,10611285,50.0,0.82
1,1,1,FALSE,FALSE,FALSE,FALSE,FALSE,FALSE,541,548,557,11296,11284,11280,15260980,10611285,50.0,0.82
1,1,1,FALSE,FALSE,FALSE,FALSE,FALSE,FALSE,541,548,557,11296,11284,11280,15260980,10611285,50.0,0.82
1,1,1,FALSE,FALSE,FALSE,FALSE,FALSE,FALSE,541,548,557,11296,11284,11280,15260980,10611285,50.0,0.82
1,1,1,FALSE,FALSE,FALSE,FALSE,FALSE,FALSE,541,548,557,11296,11284,11280,15260980,10611285,50.0,0.82
1,1,1,FALSE,FALSE,FALSE,FALSE,FALSE,FALSE,541,548,557,11296,11284,11280,15260980,10611285,50.0,0.82
1,1,1,FALSE,FALSE,FALSE,FALSE,FALSE,FALSE,541,548,557,11296,11284,11280,15260980,10611285,50.0,0.82
1,1,1,FALSE,FALSE,FALSE,FALSE,FALSE,FALSE,541,548,557,11296,11284,11280,15260980,10611285,50.0,0.82
1,1,1,FALSE,FALSE,FALSE,FALSE,FALSE,FALSE,541,548,557,11296,11284,11280,15260980,10611285,50.0,0.82
1,1,1,FALSE,FALSE,FALSE,FALSE,FALSE,FALSE,541,548,557,11296,11284,11280,15260980,10611285,50.0,0.82
1,1,1,FALSE,FALSE,FALSE,FALSE,FALSE,FALSE,541,548,557,11296,11284,11280,15260980,10611285,50.0,0.82
1,1,1,FALSE,FALSE,FALSE,FALSE,FALSE,FALSE,541,548,556,11298,11287,11283,15260956,10611206,50.0,0.82
1,1,1,FALSE,FALSE,FALSE,FALSE,FALSE,FALSE,541,548,556,11298,11287,11283,15260956,10611206,50.0,0.82
1,1,1,FALSE,TRUE,FALSE,FALSE,FALSE,FALSE,541,548,556,11298,11287,11283,15260956,10611206,50.0,0.82
0,1,1,FALSE,TRUE,FALSE,FALSE,FALSE,FALSE,541,548,556,11298,11287,11283,15260956,10611206,50.0,0.82
0,1,1,FALSE,TRUE,FALSE,FALSE,FALSE,FALSE,0,0,0,11341,11332,11329,0,0,50.0,0.82
0,1,1,FALSE,TRUE,FALSE,FALSE,FALSE,FALSE,0,0,0,11341,11332,11329,0,0,50.0,0.82
0,1,1,FALSE,FALSE,FALSE,FALSE,FALSE,FALSE,0,0,0,11341,11332,11329,0,0,50.0,0.82
1,1,1,FALSE,FALSE,FALSE,FALSE,FALSE,FALSE,541,548,556,11298,11287,11283,15260956,10611206,50.0,0.82
1,1,1,FALSE,FALSE,FALSE,FALSE,FALSE,FALSE,541,548,556,11298,11287,11283,15260956,10611206,50.0,0.82
1,1,1,FALSE,FALSE,FALSE,FALSE,FALSE,FALSE,541,548,556,11298,11287,11283,15260956,10611206,50.0,0.82
1,1,1,FALSE,FALSE,FALSE,FALSE,FALSE,FALSE,541,548,556,11298,11287,11283,15260956,10611206,50.0,0.82
1,1,1,FALSE,FALSE,FALSE,FALSE,FALSE,FALSE,539,546,554,11340,11330,11327,15260536,10609874,50.0,0.82
1,1,1,FALSE,FALSE,FALSE,FALSE,FALSE,FALSE,539,546,554,11340,11330,11327,15260536,10609874,50.0,0.82
1,1,1,FALSE,FALSE,FALSE,FALSE,FALSE,FALSE,539,546,554,11340,11330,11327,15260536,10609874,50.0,0.82
1,1,1,FALSE,FALSE,FALSE,FALSE,FALSE,FALSE,541,548,556,11298,11287,11283,15260956,10611206,50.0,0.82
1,1,1,FALSE,FALSE,FALSE,FALSE,FALSE,FALSE,541,548,556,11298,11287,11283,15260956,10611206,50.0,0.82
1,1,1,FALSE,FALSE,FALSE,FALSE,FALSE,FALSE,541,548,556,11298,11287,11283,15260956,10611206,50.0,0.82
1,1,1,FALSE,FALSE,FALSE,FALSE,FALSE,FALSE,541,548,556,11298,11287,11283,15260956,10611206,50.0,0.82
1,1,1,FALSE,FALSE,FALSE,FALSE,FALSE,FALSE,541,548,556,11298,11287,11283,15260956,10611206,50.0,0.82
1,1,1,FALSE,FALSE,FALSE,FALSE,FALSE,FALSE,541,548,556,11298,11287,11283,15260956,10611206,50.0,0.82
1,1,1,FALSE,FALSE,FALSE,FALSE,FALSE,FALSE,541,548,556,11298,11287,11283,15260956,10611206,50.0,0.82
1,1,1,FALSE,FALSE,FALSE,FALSE,FALSE,FALSE,541,548,556,11298,11287,11283,15260956,10611206,50.0,0.82
1,1,1,FALSE,FALSE,FALSE,FALSE,FALSE,FALSE,541,548,556,11298,11287,11283,15260956,10611206,50.0,0.82
1,1,1,FALSE,FALSE,FALSE,FALSE,FALSE,FALSE,541,548,556,11298,11287,11283,15260956,10611206,50.0,0.82
1,1,1,FALSE,FALSE,FALSE,FALSE,FALSE,FALSE,541,548,557,11296,11284,11280,15260980,10611285,50.0,0.82
1,1,1,FALSE,FALSE,FALSE,FALSE,FALSE,FALSE,541,548,557,11296,11284,11280,15260980,10611285,50.0,0.82
1,1,1,FALSE,FALSE,FALSE,FALSE,FALSE,FALSE,541,548,557,11296,11284,11280,15260980,10611285,50.0,0.82
1,1,1,FALSE,FALSE,FALSE,FALSE,FALSE,FALSE,541,548,557,11296,11284,11280,15260980,10611285,50.0,0.82
1,1,1,FALSE,FALSE,FALSE,FALSE,FALSE,FALSE,541,548,557,11296,11284,11280,15260980,10611285,50.0,0.82
1,1,1,FALSE,FALSE,FALSE,FALSE,FALSE,FALSE,541,548,557,11296,11284,11280,15260980,10611285,50.0,0.82
1,1,1,FALSE,FALSE,FALSE,FALSE,FALSE,FALSE,541,548,557,11296,11284,11280,15260980,10611285,50.0,0.82
1,1,1,FALSE,FALSE,FALSE,FALSE,FALSE,FALSE,541,548,557,11296,11284,11280,15260980,10611285,50.0,0.82
1,1,1,FALSE,FALSE,FALSE,FALSE,FALSE,FALSE,541,548,557,11296,11284,11280,15260980,10611285,50.0,0.82
1,1,1,FALSE,FALSE,FALSE,FALSE,FALSE,FALSE,541,548,557,11296,11284,11280,15260980,10611285,50.0,0.82
1,1,1,FALSE,FALSE,FALSE,FALSE,FALSE,FALSE,541,548,557,11296,11284,11280,15260980,10611285,50.0,0.82
1,1,1,FALSE,FALSE,FALSE,FALSE,FALSE,FALSE,541,548,557,11296,11284,11280,15260980,10611285,50.0,0.82
1,1,1,FALSE,FALSE,FALSE,FALSE,FALSE,FALSE,541,548,557,11296,11284,11280,15260980,10611285,50.0,0.82
1,1,1,FALSE,FALSE,FALSE,FALSE,FALSE,FALSE,541,548,557,11296,11284,11280,15260980,10611285,50.0,0.82
1,1,1,FALSE,FALSE,FALSE,FALSE,FALSE,FALSE,541,548,557,11296,11284,11280,15260980,10611285,50.0,0.82
1,1,1,FALSE,FALSE,FALSE,FALSE,FALSE,FALSE,541,548,557,11296,11284,11280,15260980,10611285,50.0,0.82
1,1,1,FALSE,FALSE,FALSE,FALSE,FALSE,FALSE,541,548,557,11296,11284,11280,15260980,10611285,50.0,0.82
1,1,1,FALSE,FALSE,FALSE,FALSE,FALSE,FALSE,541,548,557,11296,11284,11280,15260980,10611285,50.0,0.82
1,1,1,FALSE,FALSE,FALSE,FALSE,FALSE,FALSE,541,548,557,11296,11284,11280,15260980,10611285,50.0,0.82
1,1,1,FALSE,FALSE,FALSE,FALSE,FALSE,FALSE,541,548,557,11296,11284,11280,15260980,10611285,50.0,0.82
1,1,1,FALSE,FALSE,FALSE,FALSE,FALSE,FALSE,541,548,557,11296,11284,11280,15260980,10611285,50.0,0.82
1,1,1,FALSE,FALSE,FALSE,FALSE,FALSE,FALSE,541,548,557,11296,11284,11280,15260980,10611285,50.0,0.82
1,1,1,FALSE,FALSE,FALSE,FALSE,FALSE,FALSE,541,548,557,11296,11284,11280,15260980,10611285,50.0,0.82
1,1,1,FALSE,FALSE,FALSE,FALSE,FALSE,FALSE,541,548,557,11296,11284,11280,15260980,10611285,50.0,0.82
1,1,1,FALSE,FALSE,FALSE,FALSE,FALSE,FALSE,541,548,557,11296,11284,11280,15260980,10611285,50.0,0.82
1,1,1,FALSE,FALSE,FALSE,FALSE,FALSE,FALSE,541,548,557,11296,11284,11280,15260980,10611285,50.0,0.82
1,1,1,FALSE,FALSE,FALSE,FALSE,FALSE,FALSE,541,548,557,11296,11284,11280,15260980,10611285,50.0,0.82
1,1,1,FALSE,FALSE,FALSE,FALSE,FALSE,FALSE,541,548,557,11296,11284,11280,15260980,10611285,50.0,0.82
1,1,1,FALSE,FALSE,FALSE,FALSE,FALSE,FALSE,541,548,557,11296,11284,11280,15260980,10611285,50.0,0.82
1,1,1,FALSE,FALSE,FALSE,FALSE,FALSE,FALSE,541,548,557,11296,11284,11280,15260980,10611285,50.0,0.82
1,1,1,FALSE,FALSE,FALSE,FALSE,FALSE,FALSE,541,548,557,11296,11284,11280,15260980,10611285,50.0,0.82
1,1,1,FALSE,FALSE,FALSE,FALSE,FALSE,FALSE,541,548,557,11296,11284,11280,15260980,10611285,50.0,0.82
1,1,1,FALSE,FALSE,FALSE,FALSE,FALSE,FALSE,541,548,557,11296,11284,11280,15260980,10611285,50.0,0.82
1,1,1,FALSE,FALSE,FALSE,FALSE,FALSE,FALSE,541,548,557,11296,11284,11280,15260980,10611285,50.0,0.82
1,1,1,FALSE,FALSE,FALSE,FALSE,FALSE,FALSE,541,548,557,11296,11284,11280,15260980,10611285,50.0,0.82
1,1,1,FALSE,FALSE,FALSE,FALSE,FALSE,FALSE,541,548,557,11296,11284,11280,15260980,10611285,50.0,0.82
1,1,1,FALSE,FALSE,FALSE,FALSE,FALSE,FALSE,541,548,557,11296,11284,11280,15260980,10611285,50.0,0.82
1,1,1,FALSE,FALSE,FALSE,FALSE,FALSE,FALSE,541,548,557,11296,11284,11280,15260980,10611285,50.0,0.82
1,1,1,FALSE,FALSE,FALSE,FALSE,FALSE,FALSE,541,548,557,11296,11284,11280,15260980,10611285,50.0,0.82
1,1,1,FALSE,FALSE,FALSE,FALSE,FALSE,FALSE,541,548,557,11296,11284,11280,15260980,10611285,50.0,0.82
1,1,1,FALSE,FALSE,FALSE,FALSE,FALSE,FALSE,541,548,557,11296,11284,11280,15260980,10611285,50.0,0.82
1,1,1,FALSE,FALSE,FALSE,FALSE,FALSE,FALSE,541,548,557,11296,11284,11280,15260980,10611285,50.0,0.82
1,1,1,FALSE,FALSE,FALSE,FALSE,FALSE,FALSE,541,548,557,11296,11284,11280,15260980,10611285,50.0,0.82
1,1,1,FALSE,FALSE,FALSE,FALSE,FALSE,FALSE,541,548,557,11296,11284,11280,15260980,10611285,50.0,0.82
1,1,1,FALSE,FALSE,FALSE,FALSE,FALSE,FALSE,541,548,557,11296,11284,11280,15260980,10611285,50.0,0.82
1,1,1,FALSE,FALSE,FALSE,FALSE,FALSE,FALSE,541,548,557,11296,11284,11280,15260980,10611285,50.0,0.82
1,1,1,FALSE,FALSE,FALSE,FALSE,FALSE,FALSE,541,548,556,11298,11287,11283,15260956,10611206,50.0,0.82
1,1,1,FALSE,FALSE,FALSE,FALSE,FALSE,FALSE,541,548,556,11298,11287,11283,15260956,10611206,50.0,0.82
1,1,1,FALSE,FALSE,FALSE,FALSE,FALSE,FALSE,541,548,556,11298,11287,11283,15260956,10611206,50.0,0.82
1,1,1,FALSE,FALSE,FALSE,FALSE,FALSE,FALSE,541,548,556,11298,11287,11283,15260956,10611206,50.0,0.82
1,1,1,FALSE,FALSE,FALSE,FALSE,FALSE,FALSE,541,548,556,11298,11287,11283,15260956,10611206,50.0,0.82
1,1,1,FALSE,FALSE,FALSE,FALSE,FALSE,FALSE,539,546,554,11340,11330,11327,15260536,10609874,50.0,0.82
1,1,1,FALSE,FALSE,FALSE,FALSE,FALSE,FALSE,539,546,554,11340,11330,11327,15260536,10609874,50.0,0.82
1,1,1,FALSE,FALSE,FALSE,FALSE,FALSE,FALSE,539,546,554,11340,11330,11327,15260536,10609874,50.0,0.82
1,1,1,FALSE,FALSE,FALSE,FALSE,FALSE,FALSE,539,546,554,11340,11330,11327,15260536,10609874,50.0,0.82
1,1,1,FALSE,FALSE,FALSE,FALSE,FALSE,FALSE,541,548,556,11298,11287,11283,15260956,10611206,50.0,0.82
1,1,1,FALSE,FALSE,FALSE,FALSE,FALSE,FALSE,541,548,556,11298,11287,11283,15260956,10611206,50.0,0.82
1,1,1,FALSE,FALSE,FALSE,FALSE,FALSE,FALSE,541,548,556,11298,11287,11283,15260956,10611206,50.0,0.82
1,1,1,FALSE,FALSE,FALSE,FALSE,FALSE,FALSE,541,548,556,11298,11287,11283,15260956,10611206,50.0,0.82
1,1,1,FALSE,FALSE,FALSE,FALSE,FALSE,FALSE,539,546,554,11340,11330,11327,15260536,10609874,50.0,0.82
1,1,1,FALSE,FALSE,FALSE,FALSE,FALSE,FALSE,539,546,554,11340,11330,11327,15260536,10609874,50.0,0.82
1,1,1,FALSE,FALSE,FALSE,FALSE,FALSE,FALSE,539,546,554,11340,11330,11327,15260536,10609874,50.0,0.82
1,1,1,FALSE,FALSE,FALSE,FALSE,FALSE,FALSE,541,548,556,11298,11287,11283,15260956,10611206,50.0,0.82
1,1,1,FALSE,FALSE,FALSE,FALSE,FALSE,FALSE,541,548,556,11298,11287,11283,15260956,10611206,50.0,0.82
1,1,1,FALSE,FALSE,FALSE,FALSE,FALSE,FALSE,541,548,556,11298,11287,11283,15260956,10611206,50.0,0.82
1,1,1,FALSE,FALSE,FALSE,FALSE,FALSE,FALSE,541,548,556,11298,11287,11283,15260956,10611206,50.0,0.82
1,1,1,FALSE,FALSE,FALSE,FALSE,FALSE,FALSE,541,548,556,11298,11287,11283,15260956,10611206,50.0,0.82
1,1,1,FALSE,FALSE,FALSE,FALSE,FALSE,FALSE,541,548,556,11298,11287,11283,15260956,10611206,50.0,0.82
1,1,1,FALSE,FALSE,FALSE,FALSE,FALSE,FALSE,541,548,556,11298,11287,11283,15260956,10611206,50.0,0.82
1,1,1,FALSE,FALSE,FALSE,FALSE,FALSE,FALSE,541,548,556,11298,11287,11283,15260956,10611206,50.0,0.82
1,1,1,FALSE,FALSE,FALSE,FALSE,FALSE,FALSE,541,548,556,11298,11287,11283,15260956,10611206,50.0,0.82
1,1,1,FALSE,FALSE,FALSE,FALSE,FALSE,FALSE,541,548,556,11298,11287,11283,15260956,10611206,50.0,0.82
1,1,1,FALSE,FALSE,FALSE,FALSE,FALSE,FALSE,541,548,557,11296,11284,11280,15260980,10611285,50.0,0.82
1,1,1,FALSE,FALSE,FALSE,FALSE,FALSE,FALSE,541,548,557,11296,11284,11280,15260980,10611285,50.0,0.82
1,1,1,FALSE,FALSE,FALSE,FALSE,FALSE,FALSE,541,548,557,11296,11284,11280,15260980,10611285,50.0,0.82
1,1,1,FALSE,FALSE,FALSE,FALSE,FALSE,FALSE,541,548,557,11296,11284,11280,15260980,10611285,50.0,0.82
1,1,1,FALSE,FALSE,FALSE,FALSE,FALSE,FALSE,541,548,557,11296,11284,11280,15260980,10611285,50.0,0.82
1,1,1,FALSE,FALSE,FALSE,FALSE,FALSE,FALSE,541,548,557,11296,11284,11280,15260980,10611285,50.0,0.82
1,1,1,FALSE,FALSE,FALSE,FALSE,FALSE,FALSE,541,548,557,11296,11284,11280,15260980,10611285,50.0,0.82
1,1,1,FALSE,FALSE,FALSE,FALSE,FALSE,FALSE,541,548,557,11296,11284,11280,15260980,10611285,50.0,0.82
1,1,1,FALSE,FALSE,FALSE,FALSE,FALSE,FALSE,541,548,557,11296,11284,11280,15260980,10611285,50.0,0.82
1,1,1,FALSE,FALSE,FALSE,FALSE,FALSE,FALSE,541,548,557,11296,11284,11280,15260980,10611285,50.0,0.82
1,1,1,FALSE,FALSE,FALSE,FALSE,FALSE,FALSE,541,548,557,11296,11284,11280,15260980,10611285,50.0,0.82
1,1,1,FALSE,FALSE,FALSE,FALSE,FALSE,FALSE,541,548,557,11296,11284,11280,15260980,10611285,50.0,0.82
1,1,1,FALSE,FALSE,FALSE,FALSE,FALSE,FALSE,541,548,557,11296,11284,11280,15260980,10611285,50.0,0.82
1,1,1,FALSE,FALSE,FALSE,FALSE,FALSE,FALSE,541,548,557,11296,11284,11280,15260980,10611285,50.0,0.82
1,1,1,FALSE,FALSE,FALSE,FALSE,FALSE,FALSE,541,548,557,11296,11284,11280,15260980,10611285,50.0,0.82
1,1,1,FALSE,FALSE,FALSE,FALSE,FALSE,FALSE,541,548,557,11296,11284,11280,15260980,10611285,50.0,0.82
1,1,1,FALSE,FALSE,FALSE,FALSE,FALSE,FALSE,541,548,557,11296,11284,11280,15260980,10611285,50.0,0.82
1,1,1,FALSE,FALSE,FALSE,FALSE,FALSE,FALSE,541,548,557,11296,11284,11280,15260980,10611285,50.0,0.82
1,1,1,FALSE,FALSE,FALSE,FALSE,FALSE,FALSE,541,548,557,11296,11284,11280,15260980,10611285,50.0,0.82
1,1,1,FALSE,FALSE,FALSE,FALSE,FALSE,FALSE,541,548,557,11296,11284,11280,15260980,10611285,50.0,0.82
1,1,1,FALSE,FALSE,FALSE,FALSE,FALSE,FALSE,541,548,557,11296,11284,11280,15260980,10611285,50.0,0.82
1,1,1,FALSE,FALSE,FALSE,FALSE,FALSE,FALSE,541,548,557,11296,11284,11280,15260980,10611285,50.0,0.82
1,1,1,FALSE,FALSE,FALSE,FALSE,FALSE,FALSE,541,548,557,11296,11284,11280,15260980,10611285,50.0,0.82
1,1,1,FALSE,FALSE,FALSE,FALSE,FALSE,FALSE,541,548,557,11296,11284,11280,15260980,10611285,50.0,0.82
1,1,1,FALSE,FALSE,FALSE,FALSE,FALSE,FALSE,541,548,557,11296,11284,11280,15260980,10611285,50.0,0.82
1,1,1,FALSE,FALSE,FALSE,FALSE,FALSE,FALSE,541,548,557,11296,11284,11280,15260980,10611285,50.0,0.82
1,1,1,FALSE,FALSE,FALSE,FALSE,FALSE,FALSE,541,548,557,11296,11284,11280,15260980,10611285,50.0,0.82
1,1,1,FALSE,FALSE,FALSE,FALSE,FALSE,FALSE,541,548,557,11296,11284,11280,15260980,10611285,50.0,0.82
1,1,1,FALSE,FALSE,FALSE,FALSE,FALSE,FALSE,541,548,557,11296,11284,11280,15260980,10611285,50.0,0.82
1,1,1,FALSE,FALSE,FALSE,FALSE,FALSE,FALSE,541,548,557,11296,11284,11280,15260980,10611285,50.0,0.82
1,1,1,FALSE,FALSE,FALSE,FALSE,FALSE,FALSE,541,548,557,11296,11284,11280,15260980,10611285,50.0,0.82
1,1,1,FALSE,FALSE,FALSE,FALSE,FALSE,FALSE,541,548,557,11296,11284,11280,15260980,10611285,50.0,0.82
1,1,1,FALSE,FALSE,FALSE,FALSE,FALSE,FALSE,541,548,557,11296,11284,11280,15260980,10611285,50.0,0.82
1,1,1,FALSE,FALSE,FALSE,FALSE,FALSE,FALSE,541,548,557,11296,11284,11280,15260980,10611285,50.0,0.82
1,1,1,FALSE,FALSE,FALSE,FALSE,FALSE,FALSE,541,548,557,11296,11284,11280,15260980,10611285,50.0,0.82
1,1,1,FALSE,FALSE,FALSE,FALSE,FALSE,FALSE,541,548,557,11296,11284,11280,15260980,10611285,50.0,0.82
1,1,1,FALSE,FALSE,FALSE,FALSE,FALSE,FALSE,541,548,557,11296,11284,11280,15260980,10611285,50.0,0.82
1,1,1,FALSE,FALSE,FALSE,FALSE,FALSE,FALSE,541,548,557,11296,11284,11280,15260980,10611285,50.0,0.82
1,1,1,FALSE,FALSE,FALSE,FALSE,FALSE,FALSE,541,548,557,11296,11284,11280,15260980,10611285,50.0,0.82
1,1,1,FALSE,FALSE,FALSE,FALSE,FALSE,FALSE,541,548,557,11296,11284,11280,15260980,10611285,50.0,0.82
1,1,1,FALSE,FALSE,FALSE,FALSE,FALSE,FALSE,541,548,557,11296,11284,11280,15260980,10611285,50.0,0.82
1,1,1,FALSE,FALSE,FALSE,FALSE,FALSE,FALSE,541,548,557,11296,11284,11280,15260980,10611285,50.0,0.82
1,1,1,FALSE,FALSE,FALSE,FALSE,FALSE,FALSE,541,548,557,11296,11284,11280,15260980,10611285,50.0,0.82
1,1,1,FALSE,FALSE,FALSE,FALSE,FALSE,FALSE,541,548,557,11296,11284,11280,15260980,10611285,50.0,0.82
1,1,1,FALSE,FALSE,FALSE,FALSE,FALSE,FALSE,541,548,557,11296,11284,11280,15260980,10611285,50.0,0.82
1,1,1,FALSE,FALSE,FALSE,FALSE,FALSE,FALSE,541,548,557,11296,11284,11280,15260980,10611285,50.0,0.82
1,1,1,FALSE,FALSE,FALSE,FALSE,FALSE,FALSE,541,548,557,11296,11284,11280,15260980,10611285,50.0,0.82
1,1,1,FALSE,FALSE,FALSE,FALSE,FALSE,FALSE,541,548,557,11296,11284,11280,15260980,10611285,50.0,0.82
1,1,1,FALSE,FALSE,FALSE,FALSE,FALSE,FALSE,541,548,557,11296,11284,11280,15260980,10611285,50.0,0.82
1,1,1,FALSE,FALSE,FALSE,FALSE,FALSE,FALSE,541,548,557,11296,11284,11280,15260980,10611285,50.0,0.82
1,1,1,FALSE,FALSE,FALSE,FALSE,FALSE,FALSE,541,548,557,11296,11284,11280,15260980,10611285,50.0,0.82
1,1,1,FALSE,FALSE,FALSE,FALSE,FALSE,FALSE,541,548,557,11296,11284,11280,15260980,10611285,50.0,0.82
1,1,1,FALSE,FALSE,FALSE,FALSE,FALSE,FALSE,541,548,557,11296,11284,11280,15260980,10611285,50.0,0.82
1,1,1,FALSE,FALSE,FALSE,FALSE,FALSE,FALSE,541,548,557,11296,11284,11280,15260980,10611285,50.0,0.82
1,1,1,FALSE,FALSE,FALSE,FALSE,FALSE,FALSE,541,548,556,11298,11287,11283,15260956,10611206,50.0,0.82
1,1,1,FALSE,FALSE,FALSE,FALSE,FALSE,FALSE,541,548,556,11298,11287,11283,15260956,10611206,50.0,0.82
1,1,1,FALSE,FALSE,FALSE,FALSE,FALSE,FALSE,541,548,556,11298,11287,11283,15260956,10611206,50.0,0.82
1,1,1,FALSE,FALSE,FALSE,FALSE,FALSE,FALSE,538,546,554,11342,11332,11329,15260517,10609812,50.0,0.82
1,1,1,FALSE,FALSE,FALSE,FALSE,FALSE,FALSE,538,546,554,11342,11332,11329,15260517,10609812,50.0,0.82
1,1,1,FALSE,FALSE,FALSE,FALSE,FALSE,FALSE,536,544,552,11384,11377,11374,15260097,10608481,50.0,0.82
1,1,1,FALSE,FALSE,FALSE,FALSE,FALSE,FALSE,536,544,552,11384,11377,11374,15260097,10608481,50.0,0.82
1,1,1,FALSE,FALSE,FALSE,FALSE,FALSE,FALSE,538,546,554,11342,11332,11329,15260517,10609812,50.0,0.82
1,1,1,FALSE,FALSE,FALSE,FALSE,FALSE,FALSE,538,546,554,11342,11332,11329,15260517,10609812,50.0,0.82
1,1,1,FALSE,FALSE,FALSE,FALSE,FALSE,FALSE,541,548,556,11298,11287,11283,15260956,10611206,50.0,0.82
1,1,1,FALSE,FALSE,FALSE,FALSE,FALSE,FALSE,541,548,556,11298,11287,11283,15260956,10611206,50.0,0.82
1,1,1,FALSE,FALSE,FALSE,FALSE,FALSE,FALSE,541,548,556,11298,11287,11283,15260956,10611206,50.0,0.82
1,1,1,FALSE,FALSE,FALSE,FALSE,FALSE,FALSE,541,548,556,11298,11287,11283,15260956,10611206,50.0,0.82
1,1,1,FALSE,FALSE,FALSE,FALSE,FALSE,FALSE,541,548,556,11298,11287,11283,15260956,10611206,50.0,0.82
1,1,1,FALSE,FALSE,FALSE,FALSE,FALSE,FALSE,541,548,556,11298,11287,11283,15260956,10611206,50.0,0.82
1,1,1,FALSE,FALSE,FALSE,FALSE,FALSE,FALSE,541,548,556,11298,11287,11283,15260956,10611206,50.0,0.82
1,1,1,FALSE,FALSE,FALSE,FALSE,FALSE,FALSE,541,548,556,11298,11287,11283,15260956,10611206,50.0,0.82
1,1,1,FALSE,FALSE,FALSE,FALSE,FALSE,FALSE,541,548,556,11298,11287,11283,15260956,10611206,50.0,0.82
1,1,1,FALSE,FALSE,FALSE,FALSE,FALSE,FALSE,541,548,556,11298,11287,11283,15260956,10611206,50.0,0.82
1,1,1,FALSE,FALSE,FALSE,FALSE,FALSE,FALSE,541,548,557,11296,11284,11280,15260980,10611285,50.0,0.82
1,1,1,FALSE,FALSE,FALSE,FALSE,FALSE,FALSE,541,548,557,11296,11284,11280,15260980,10611285,50.0,0.82
1,1,1,FALSE,FALSE,FALSE,FALSE,FALSE,FALSE,541,548,557,11296,11284,11280,15260980,10611285,50.0,0.82
1,1,1,FALSE,FALSE,FALSE,FALSE,FALSE,FALSE,541,548,557,11296,11284,11280,15260980,10611285,50.0,0.82
1,1,1,FALSE,FALSE,FALSE,FALSE,FALSE,FALSE,541,548,557,11296,11284,11280,15260980,10611285,50.0,0.82
1,1,1,FALSE,FALSE,FALSE,FALSE,FALSE,FALSE,541,548,557,11296,11284,11280,15260980,10611285,50.0,0.82
1,1,1,FALSE,FALSE,FALSE,FALSE,FALSE,FALSE,541,548,557,11296,11284,11280,15260980,10611285,50.0,0.82
1,1,1,FALSE,FALSE,FALSE,FALSE,FALSE,FALSE,541,548,557,11296,11284,11280,15260980,10611285,50.0,0.82
1,1,1,FALSE,FALSE,FALSE,FALSE,FALSE,FALSE,541,548,557,11296,11284,11280,15260980,10611285,50.0,0.82
1,1,1,FALSE,FALSE,FALSE,FALSE,FALSE,FALSE,541,548,557,11296,11284,11280,15260980,10611285,50.0,0.82
1,1,1,FALSE,FALSE,FALSE,FALSE,FALSE,FALSE,541,548,557,11296,11284,11280,15260980,10611285,50.0,0.82
1,1,1,FALSE,FALSE,FALSE,FALSE,FALSE,FALSE,541,548,557,11296,11284,11280,15260980,10611285,50.0,0.82
1,1,1,FALSE,FALSE,FALSE,FALSE,FALSE,FALSE,541,548,557,11296,11284,11280,15260980,10611285,50.0,0.82
1,1,1,FALSE,FALSE,FALSE,FALSE,FALSE,FALSE,541,548,557,11296,11284,11280,15260980,10611285,50.0,0.82
1,1,1,FALSE,FALSE,FALSE,FALSE,FALSE,FALSE,541,548,557,11296,11284,11280,15260980,10611285,50.0,0.82
1,1,1,FALSE,FALSE,FALSE,FALSE,FALSE,FALSE,541,548,557,11296,11284,11280,15260980,10611285,50.0,0.82
1,1,1,FALSE,FALSE,FALSE,FALSE,FALSE,FALSE,541,548,557,11296,11284,11280,15260980,10611285,50.0,0.82
1,1,1,FALSE,FALSE,FALSE,FALSE,FALSE,FALSE,541,548,557,11296,11284,11280,15260980,10611285,50.0,0.82
1,1,1,FALSE,FALSE,FALSE,FALSE,FALSE,FALSE,541,548,557,11296,11284,11280,15260980,10611285,50.0,0.82
1,1,1,FALSE,FALSE,FALSE,FALSE,FALSE,FALSE,541,548,557,11296,11284,11280,15260980,10611285,50.0,0.82
1,1,1,FALSE,FALSE,FALSE,FALSE,FALSE,FALSE,541,548,557,11296,11284,11280,15260980,10611285,50.0,0.82
1,1,1,FALSE,FALSE,FALSE,FALSE,FALSE,FALSE,541,548,557,11296,11284,11280,15260980,10611285,50.0,0.82
1,1,1,FALSE,FALSE,FALSE,FALSE,FALSE,FALSE,541,548,557,11296,11284,11280,15260980,10611285,50.0,0.82
1,1,1,FALSE,FALSE,FALSE,FALSE,FALSE,FALSE,541,548,557,11296,11284,11280,15260980,10611285,50.0,0.82
1,1,1,FALSE,FALSE,FALSE,FALSE,FALSE,FALSE,541,548,557,11296,11284,11280,15260980,10611285,50.0,0.82
1,1,1,FALSE,FALSE,FALSE,FALSE,FALSE,FALSE,541,548,557,11296,11284,11280,15260980,10611285,50.0,0.82
1,1,1,FALSE,FALSE,FALSE,FALSE,FALSE,FALSE,541,548,557,11296,11284,11280,15260980,10611285,50.0,0.82
1,1,1,FALSE,FALSE,FALSE,FALSE,FALSE,FALSE,541,548,557,11296,11284,11280,15260980,10611285,50.0,0.82
1,1,1,FALSE,FALSE,FALSE,FALSE,FALSE,FALSE,541,548,557,11296,11284,11280,15260980,10611285,50.0,0.82
1,1,1,FALSE,FALSE,FALSE,FALSE,FALSE,FALSE,541,548,557,11296,11284,11280,15260980,10611285,50.0,0.82
1,1,1,FALSE,FALSE,FALSE,FALSE,FALSE,FALSE,541,548,557,11296,11284,11280,15260980,10611285,50.0,0.82
1,1,1,FALSE,FALSE,FALSE,FALSE,FALSE,FALSE,541,548,557,11296,11284,11280,15260980,10611285,50.0,0.82
1,1,1,FALSE,FALSE,FALSE,FALSE,FALSE,FALSE,541,548,557,11296,11284,11280,15260980,10611285,50.0,0.82
1,1,1,FALSE,FALSE,FALSE,FALSE,FALSE,FALSE,541,548,557,11296,11284,11280,15260980,10611285,50.0,0.82
1,1,1,FALSE,FALSE,FALSE,FALSE,FALSE,FALSE,541,548,557,11296,11284,11280,15260980,10611285,50.0,0.82
1,1,1,FALSE,FALSE,FALSE,FALSE,FALSE,FALSE,541,548,557,11296,11284,11280,15260980,10611285,50.0,0.82
1,1,1,FALSE,FALSE,FALSE,FALSE,FALSE,FALSE,541,548,557,11296,11284,11280,15260980,10611285,50.0,0.82
1,1,1,FALSE,FALSE,FALSE,FALSE,FALSE,FALSE,541,548,557,11296,11284,11280,15260980,10611285,50.0,0.82
1,1,1,FALSE,FALSE,FALSE,FALSE,FALSE,FALSE,541,548,557,11296,11284,11280,15260980,10611285,50.0,0.82
1,1,1,FALSE,FALSE,FALSE,FALSE,FALSE,FALSE,541,548,557,11296,11284,11280,15260980,10611285,50.0,0.82
1,1,1,FALSE,FALSE,FALSE,FALSE,FALSE,FALSE,541,548,557,11296,11284,11280,15260980,10611285,50.0,0.82
1,1,1,FALSE,FALSE,FALSE,FALSE,FALSE,FALSE,541,548,557,11296,11284,11280,15260980,10611285,50.0,0.82
1,1,1,FALSE,FALSE,FALSE,FALSE,FALSE,FALSE,541,548,557,11296,11284,11280,15260980,10611285,50.0,0.82
1,1,1,FALSE,FALSE,FALSE,FALSE,FALSE,FALSE,541,548,557,11296,11284,11280,15260980,10611285,50.0,0.82
1,1,1,FALSE,FALSE,FALSE,FALSE,FALSE,FALSE,541,548,557,11296,11284,11280,15260980,10611285,50.0,0.82
1,1,1,FALSE,FALSE,FALSE,FALSE,FALSE,FALSE,541,548,557,11296,11284,11280,15260980,10611285,50.0,0.82
1,1,1,FALSE,FALSE,FALSE,FALSE,FALSE,FALSE,541,548,557,11296,11284,11280,15260980,10611285,50.0,0.82
1,1,1,FALSE,FALSE,FALSE,FALSE,FALSE,FALSE,541,548,557,11296,11284,11280,15260980,10611285,50.0,0.82
1,1,1,FALSE,FALSE,FALSE,FALSE,FALSE,FALSE,541,548,557,11296,11284,11280,15260980,10611285,50.0,0.82
1,1,1,FALSE,FALSE,FALSE,FALSE,FALSE,FALSE,541,548,557,11296,11284,11280,15260980,10611285,50.0,0.82
1,1,1,FALSE,FALSE,FALSE,FALSE,FALSE,FALSE,541,548,557,11296,11284,11280,15260980,10611285,50.0,0.82
1,1,1,FALSE,FALSE,FALSE,FALSE,FALSE,FALSE,541,548,557,11296,11284,11280,15260980,10611285,50.0,0.82
1,1,1,FALSE,FALSE,FALSE,FALSE,FALSE,FALSE,541,548,557,11296,11284,11280,15260980,10611285,50.0,0.82
1,1,1,FALSE,FALSE,FALSE,FALSE,FALSE,FALSE,541,548,557,11296,11284,11280,15260980,10611285,50.0,0.82
1,1,1,FALSE,FALSE,FALSE,FALSE,FALSE,FALSE,541,548,557,11296,11284,11280,15260980,10611285,50.0,0.82
1,1,1,FALSE,FALSE,FALSE,FALSE,FALSE,FALSE,541,548,557,11296,11284,11280,15260980,10611285,50.0,0.82
1,1,1,FALSE,FALSE,FALSE,FALSE,FALSE,FALSE,541,548,557,11296,11284,11280,15260980,10611285,50.0,0.82
1,1,1,FALSE,FALSE,FALSE,FALSE,FALSE,FALSE,541,548,557,11296,11284,11280,15260980,10611285,50.0,0.82
1,1,1,FALSE,FALSE,FALSE,FALSE,FALSE,FALSE,541,548,557,11296,11284,11280,15260980,10611285,50.0,0.82
1,1,1,FALSE,FALSE,FALSE,FALSE,FALSE,FALSE,541,548,557,11296,11284,11280,15260980,10611285,50.0,0.82
1,1,1,FALSE,FALSE,FALSE,FALSE,FALSE,FALSE,541,548,557,11296,11284,11280,15260980,10611285,50.0,0.82
1,1,1,FALSE,FALSE,FALSE,FALSE,FALSE,FALSE,541,548,557,11296,11284,11280,15260980,10611285,50.0,0.82
1,1,1,FALSE,FALSE,FALSE,FALSE,FALSE,FALSE,541,548,557,11296,11284,11280,15260980,10611285,50.0,0.82
1,1,1,FALSE,FALSE,FALSE,FALSE,FALSE,FALSE,541,548,557,11296,11284,11280,15260980,10611285,50.0,0.82
1,1,1,FALSE,FALSE,FALSE,FALSE,FALSE,FALSE,541,548,557,11296,11284,11280,15260980,10611285,50.0,0.82
1,1,1,FALSE,FALSE,FALSE,FALSE,FALSE,FALSE,541,548,557,11296,11284,11280,15260980,10611285,50.0,0.82
1,1,1,FALSE,FALSE,FALSE,FALSE,FALSE,FALSE,541,548,557,11296,11284,11280,15260980,10611285,50.0,0.82
1,1,1,FALSE,FALSE,FALSE,FALSE,FALSE,FALSE,541,548,557,11296,11284,11280,15260980,10611285,50.0,0.82
1,1,1,FALSE,FALSE,FALSE,FALSE,FALSE,FALSE,541,548,557,11296,11284,11280,15260980,10611285,50.0,0.82
1,1,1,FALSE,FALSE,FALSE,FALSE,FALSE,FALSE,541,548,557,11296,11284,11280,15260980,10611285,50.0,0.82
1,1,1,FALSE,FALSE,FALSE,FALSE,FALSE,FALSE,541,548,557,11296,11284,11280,15260980,10611285,50.0,0.82
1,1,1,FALSE,FALSE,FALSE,FALSE,FALSE,FALSE,541,548,557,11296,11284,11280,15260980,10611285,50.0,0.82
1,1,1,FALSE,FALSE,FALSE,FALSE,FALSE,FALSE,541,548,557,11296,11284,11280,15260980,10611285,50.0,0.82
1,1,1,FALSE,FALSE,FALSE,FALSE,FALSE,FALSE,541,548,557,11296,11284,11280,15260980,10611285,50.0,0.82
1,1,1,FALSE,FALSE,FALSE,FALSE,FALSE,FALSE,541,548,557,11296,11284,11280,15260980,10611285,50.0,0.82
1,1,1,FALSE,FALSE,FALSE,FALSE,FALSE,FALSE,541,548,557,11296,11284,11280,15260980,10611285,50.0,0.82
1,1,1,FALSE,FALSE,FALSE,FALSE,FALSE,FALSE,541,548,557,11296,11284,11280,15260980,10611285,50.0,0.82
1,1,1,FALSE,FALSE,FALSE,FALSE,FALSE,FALSE,541,548,557,11296,11284,11280,15260980,10611285,50.0,0.82
1,1,1,FALSE,FALSE,FALSE,FALSE,FALSE,FALSE,541,548,557,11296,11284,11280,15260980,10611285,50.0,0.82
1,1,1,FALSE,FALSE,FALSE,FALSE,FALSE,FALSE,541,548,557,11296,11284,11280,15260980,10611285,50.0,0.82
1,1,1,FALSE,FALSE,FALSE,FALSE,FALSE,FALSE,541,548,557,11296,11284,11280,15260980,10611285,50.0,0.82
1,1,1,FALSE,FALSE,FALSE,FALSE,FALSE,FALSE,541,548,557,11296,11284,11280,15260980,10611285,50.0,0.82
1,1,1,FALSE,FALSE,FALSE,FALSE,FALSE,FALSE,541,548,557,11296,11284,11280,15260980,10611285,50.0,0.82
1,1,1,FALSE,FALSE,FALSE,FALSE,FALSE,FALSE,541,548,557,11296,11284,11280,15260980,10611285,50.0,0.82
1,1,1,FALSE,FALSE,FALSE,FALSE,FALSE,FALSE,541,548,557,11296,11284,11280,15260980,10611285,50.0,0.82
1,1,1,FALSE,FALSE,FALSE,FALSE,FALSE,FALSE,541,548,557,11296,11284,11280,15260980,10611285,50.0,0.82
1,1,1,FALSE,FALSE,FALSE,FALSE,FALSE,FALSE,541,548,557,11296,11284,11280,15260980,10611285,50.0,0.82
1,1,1,FALSE,FALSE,FALSE,FALSE,FALSE,FALSE,541,548,557,11296,11284,11280,15260980,10611285,50.0,0.82
1,1,1,FALSE,FALSE,FALSE,FALSE,FALSE,FALSE,541,548,557,11296,11284,11280,15260980,10611285,50.0,0.82
1,1,1,FALSE,FALSE,FALSE,FALSE,FALSE,FALSE,541,548,557,11296,11284,11280,15260980,10611285,50.0,0.82
1,1,1,FALSE,FALSE,FALSE,FALSE,FALSE,FALSE,541,548,557,11296,11284,11280,15260980,10611285,50.0,0.82
1,1,1,FALSE,FALSE,FALSE,FALSE,FALSE,FALSE,541,548,557,11296,11284,11280,15260980,10611285,50.0,0.82
1,1,1,FALSE,FALSE,FALSE,FALSE,FALSE,FALSE,541,548,557,11296,11284,11280,15260980,10611285,50.0,0.82
1,1,1,FALSE,FALSE,FALSE,FALSE,FALSE,FALSE,541,548,557,11296,11284,11280,15260980,10611285,50.0,0.82
1,1,1,FALSE,FALSE,FALSE,FALSE,FALSE,FALSE,541,548,557,11296,11284,11280,15260980,10611285,50.0,0.82
1,1,1,FALSE,FALSE,FALSE,FALSE,FALSE,FALSE,541,548,557,11296,11284,11280,15260980,10611285,50.0,0.82
1,1,1,FALSE,FALSE,FALSE,FALSE,FALSE,FALSE,541,548,557,11296,11284,11280,15260980,10611285,50.0,0.82
1,1,1,FALSE,FALSE,FALSE,FALSE,FALSE,FALSE,541,548,557,11296,11284,11280,15260980,10611285,50.0,0.82
1,1,1,FALSE,FALSE,FALSE,FALSE,FALSE,FALSE,541,548,557,11296,11284,11280,15260980,10611285,50.0,0.82
1,1,1,FALSE,FALSE,FALSE,FALSE,FALSE,FALSE,541,548,557,11296,11284,11280,15260980,10611285,50.0,0.82
1,1,1,FALSE,FALSE,FALSE,FALSE,FALSE,FALSE,541,548,557,11296,11284,11280,15260980,10611285,50.0,0.82
1,1,1,FALSE,FALSE,FALSE,FALSE,FALSE,FALSE,541,548,557,11296,11284,11280,15260980,10611285,50.0,0.82
1,1,1,FALSE,FALSE,FALSE,FALSE,FALSE,FALSE,541,548,557,11296,11284,11280,15260980,10611285,50.0,0.82
1,1,1,FALSE,FALSE,FALSE,FALSE,FALSE,FALSE,541,548,557,11296,11284,11280,15260980,10611285,50.0,0.82
1,1,1,FALSE,FALSE,FALSE,FALSE,FALSE,FALSE,541,548,557,11296,11284,11280,15260980,10611285,50.0,0.82
1,1,1,FALSE,FALSE,FALSE,FALSE,FALSE,FALSE,541,548,557,11296,11284,11280,15260980,10611285,50.0,0.82
1,1,1,FALSE,FALSE,FALSE,FALSE,FALSE,FALSE,541,548,557,11296,11284,11280,15260980,10611285,50.0,0.82
1,1,1,FALSE,FALSE,FALSE,FALSE,FALSE,FALSE,541,548,557,11296,11284,11280,15260980,10611285,50.0,0.82
1,1,1,FALSE,FALSE,FALSE,FALSE,FALSE,FALSE,541,548,557,11296,11284,11280,15260980,10611285,50.0,0.82
1,1,1,FALSE,FALSE,FALSE,FALSE,FALSE,FALSE,541,548,557,11296,11284,11280,15260980,10611285,50.0,0.82
1,1,1,FALSE,FALSE,FALSE,FALSE,FALSE,FALSE,541,548,557,11296,11284,11280,15260980,10611285,50.0,0.82
1,1,1,FALSE,FALSE,FALSE,FALSE,FALSE,FALSE,541,548,557,11296,11284,11280,15260980,10611285,50.0,0.82
1,1,1,FALSE,FALSE,FALSE,FALSE,FALSE,FALSE,541,548,557,11296,11284,11280,15260980,10611285,50.0,0.82
1,1,1,FALSE,FALSE,FALSE,FALSE,FALSE,FALSE,541,548,557,11296,11284,11280,15260980,10611285,50.0,0.82
1,1,1,FALSE,FALSE,FALSE,FALSE,FALSE,FALSE,541,548,557,11296,11284,11280,15260980,10611285,50.0,0.82
1,1,1,FALSE,FALSE,FALSE,FALSE,FALSE,FALSE,541,548,557,11296,11284,11280,15260980,10611285,50.0,0.82
1,1,1,FALSE,FALSE,FALSE,FALSE,FALSE,FALSE,541,548,557,11296,11284,11280,15260980,10611285,50.0,0.82
1,1,1,FALSE,FALSE,FALSE,FALSE,FALSE,FALSE,541,548,557,11296,11284,11280,15260980,10611285,50.0,0.82
1,1,1,FALSE,FALSE,FALSE,FALSE,FALSE,FALSE,541,548,557,11296,11284,11280,15260980,10611285,50.0,0.82
1,1,1,FALSE,FALSE,FALSE,FALSE,FALSE,FALSE,541,548,557,11296,11284,11280,15260980,10611285,50.0,0.82
1,1,1,FALSE,FALSE,FALSE,FALSE,FALSE,FALSE,541,548,557,11296,11284,11280,15260980,10611285,50.0,0.82
1,1,1,FALSE,FALSE,FALSE,FALSE,FALSE,FALSE,541,548,557,11296,11284,11280,15260980,10611285,50.0,0.82
1,1,1,FALSE,FALSE,FALSE,FALSE,FALSE,FALSE,541,548,557,11296,11284,11280,15260980,10611285,50.0,0.82
1,1,1,FALSE,FALSE,FALSE,FALSE,FALSE,FALSE,541,548,557,11296,11284,11280,15260980,10611285,50.0,0.82
1,1,1,FALSE,FALSE,FALSE,FALSE,FALSE,FALSE,541,548,557,11296,11284,11280,15260980,10611285,50.0,0.82
1,1,1,FALSE,FALSE,FALSE,FALSE,FALSE,FALSE,541,548,557,11296,11284,11280,15260980,10611285,50.0,0.82
1,1,1,FALSE,FALSE,FALSE,FALSE,FALSE,FALSE,541,548,557,11296,11284,11280,15260980,10611285,50.0,0.82
1,1,1,FALSE,FALSE,FALSE,FALSE,FALSE,FALSE,541,548,557,11296,11284,11280,15260980,10611285,50.0,0.82
1,1,1,FALSE,FALSE,FALSE,FALSE,FALSE,FALSE,541,548,557,11296,11284,11280,15260980,10611285,50.0,0.82
1,1,1,FALSE,FALSE,FALSE,FALSE,FALSE,FALSE,541,548,557,11296,11284,11280,15260980,10611285,50.0,0.82
1,1,1,FALSE,FALSE,FALSE,FALSE,FALSE,FALSE,541,548,557,11296,11284,11280,15260980,10611285,50.0,0.82
1,1,1,FALSE,FALSE,FALSE,FALSE,FALSE,FALSE,541,548,557,11296,11284,11280,15260980,10611285,50.0,0.82
1,1,1,FALSE,FALSE,FALSE,FALSE,FALSE,FALSE,541,548,557,11296,11284,11280,15260980,10611285,50.0,0.82
1,1,1,FALSE,FALSE,FALSE,FALSE,FALSE,FALSE,541,548,557,11296,11284,11280,15260980,10611285,50.0,0.82
1,1,1,FALSE,FALSE,FALSE,FALSE,FALSE,FALSE,541,548,557,11296,11284,11280,15260980,10611285,50.0,0.82
1,1,1,FALSE,FALSE,FALSE,FALSE,FALSE,FALSE,541,548,557,11296,11284,11280,15260980,10611285,50.0,0.82
1,1,1,FALSE,FALSE,FALSE,FALSE,FALSE,FALSE,541,548,557,11296,11284,11280,15260980,10611285,50.0,0.82
1,1,1,FALSE,FALSE,FALSE,FALSE,FALSE,FALSE,541,548,557,11296,11284,11280,15260980,10611285,50.0,0.82
1,1,1,FALSE,FALSE,FALSE,FALSE,FALSE,FALSE,541,548,557,11296,11284,11280,15260980,10611285,50.0,0.82
1,1,1,FALSE,FALSE,FALSE,FALSE,FALSE,FALSE,541,548,557,11296,11284,11280,15260980,10611285,50.0,0.82
1,1,1,FALSE,FALSE,FALSE,FALSE,FALSE,FALSE,541,548,557,11296,11284,11280,15260980,10611285,50.0,0.82
1,1,1,FALSE,FALSE,FALSE,FALSE,FALSE,FALSE,541,548,557,11296,11284,11280,15260980,10611285,50.0,0.82
1,1,1,FALSE,FALSE,FALSE,FALSE,FALSE,FALSE,541,548,557,11296,11284,11280,15260980,10611285,50.0,0.82
1,1,1,FALSE,FALSE,FALSE,FALSE,FALSE,FALSE,541,548,557,11296,11284,11280,15260980,10611285,50.0,0.82
1,1,1,FALSE,FALSE,FALSE,FALSE,FALSE,FALSE,541,548,557,11296,11284,11280,15260980,10611285,50.0,0.82
1,1,1,FALSE,FALSE,FALSE,FALSE,FALSE,FALSE,541,548,557,11296,11284,11280,15260980,10611285,50.0,0.82
1,1,1,FALSE,FALSE,FALSE,FALSE,FALSE,FALSE,541,548,557,11296,11284,11280,15260980,10611285,50.0,0.82
1,1,1,FALSE,FALSE,FALSE,FALSE,FALSE,FALSE,541,548,557,11296,11284,11280,15260980,10611285,50.0,0.82
1,1,1,FALSE,FALSE,FALSE,FALSE,FALSE,FALSE,541,548,557,11296,11284,11280,15260980,10611285,50.0,0.82
1,1,1,FALSE,FALSE,FALSE,FALSE,FALSE,FALSE,541,548,557,11296,11284,11280,15260980,10611285,50.0,0.82
1,1,1,FALSE,FALSE,FALSE,FALSE,FALSE,FALSE,541,548,557,11296,11284,11280,15260980,10611285,50.0,0.82
1,1,1,FALSE,FALSE,FALSE,FALSE,FALSE,FALSE,541,548,557,11296,11284,11280,15260980,10611285,50.0,0.82
1,1,1,FALSE,FALSE,FALSE,FALSE,FALSE,FALSE,541,548,557,11296,11284,11280,15260980,10611285,50.0,0.82
1,1,1,FALSE,FALSE,FALSE,FALSE,FALSE,FALSE,541,548,557,11296,11284,11280,15260980,10611285,50.0,0.82
1,1,1,FALSE,FALSE,FALSE,FALSE,FALSE,FALSE,541,548,557,11296,11284,11280,15260980,10611285,50.0,0.82
1,1,1,FALSE,FALSE,FALSE,FALSE,FALSE,FALSE,541,548,557,11296,11284,11280,15260980,10611285,50.0,0.82
1,1,1,FALSE,FALSE,FALSE,FALSE,FALSE,FALSE,541,548,557,11296,11284,11280,15260980,10611285,50.0,0.82
1,1,1,FALSE,FALSE,FALSE,FALSE,FALSE,FALSE,541,548,557,11296,11284,11280,15260980,10611285,50.0,0.82
1,1,1,FALSE,FALSE,FALSE,FALSE,FALSE,FALSE,541,548,557,11296,11284,11280,15260980,10611285,50.0,0.82
1,1,1,FALSE,FALSE,FALSE,FALSE,FALSE,FALSE,541,548,557,11296,11284,11280,15260980,10611285,50.0,0.82
1,1,1,FALSE,FALSE,FALSE,FALSE,FALSE,FALSE,541,548,557,11296,11284,11280,15260980,10611285,50.0,0.82
1,1,1,FALSE,FALSE,FALSE,FALSE,FALSE,FALSE,541,548,557,11296,11284,11280,15260980,10611285,50.0,0.82
1,1,1,FALSE,FALSE,FALSE,FALSE,FALSE,FALSE,541,548,557,11296,11284,11280,15260980,10611285,50.0,0.82
1,1,1,FALSE,FALSE,FALSE,FALSE,FALSE,FALSE,541,548,557,11296,11284,11280,15260980,10611285,50.0,0.82
1,1,1,FALSE,FALSE,FALSE,FALSE,FALSE,FALSE,541,548,557,11296,11284,11280,15260980,10611285,50.0,0.82
1,1,1,FALSE,FALSE,FALSE,FALSE,FALSE,FALSE,541,548,557,11296,11284,11280,15260980,10611285,50.0,0.82
1,1,1,FALSE,FALSE,FALSE,FALSE,FALSE,FALSE,541,548,557,11296,11284,11280,15260980,10611285,50.0,0.82
1,1,1,FALSE,FALSE,FALSE,FALSE,FALSE,FALSE,541,548,557,11296,11284,11280,15260980,10611285,50.0,0.82
1,1,1,FALSE,FALSE,FALSE,FALSE,FALSE,FALSE,541,548,557,11296,11284,11280,15260980,10611285,50.0,0.82
1,1,1,FALSE,FALSE,FALSE,FALSE,FALSE,FALSE,541,548,557,11296,11284,11280,15260980,10611285,50.0,0.82
1,1,1,FALSE,FALSE,FALSE,FALSE,FALSE,FALSE,541,548,557,11296,11284,11280,15260980,10611285,50.0,0.82
1,1,1,FALSE,FALSE,FALSE,FALSE,FALSE,FALSE,541,548,557,11296,11284,11280,15260980,10611285,50.0,0.82
1,1,1,FALSE,FALSE,FALSE,FALSE,FALSE,FALSE,541,548,557,11296,11284,11280,15260980,10611285,50.0,0.82
1,1,1,FALSE,FALSE,FALSE,FALSE,FALSE,FALSE,541,548,557,11296,11284,11280,15260980,10611285,50.0,0.82
1,1,1,FALSE,FALSE,FALSE,FALSE,FALSE,FALSE,541,548,557,11296,11284,11280,15260980,10611285,50.0,0.82
1,1,1,FALSE,FALSE,FALSE,FALSE,FALSE,FALSE,541,548,557,11296,11284,11280,15260980,10611285,50.0,0.82
1,1,1,FALSE,FALSE,FALSE,FALSE,FALSE,FALSE,541,548,557,11296,11284,11280,15260980,10611285,50.0,0.82
1,1,1,FALSE,FALSE,FALSE,FALSE,FALSE,FALSE,541,548,557,11296,11284,11280,15260980,10611285,50.0,0.82
1,1,1,FALSE,FALSE,FALSE,FALSE,FALSE,FALSE,541,548,557,11296,11284,11280,15260980,10611285,50.0,0.82
1,1,1,FALSE,FALSE,FALSE,FALSE,FALSE,FALSE,541,548,557,11296,11284,11280,15260980,10611285,50.0,0.82
1,1,1,FALSE,FALSE,FALSE,FALSE,FALSE,FALSE,541,548,557,11296,11284,11280,15260980,10611285,50.0,0.82
1,1,1,FALSE,FALSE,FALSE,FALSE,FALSE,FALSE,541,548,557,11296,11284,11280,15260980,10611285,50.0,0.82
1,1,1,FALSE,FALSE,FALSE,FALSE,FALSE,FALSE,541,548,557,11296,11284,11280,15260980,10611285,50.0,0.82
1,1,1,FALSE,FALSE,FALSE,FALSE,FALSE,FALSE,541,548,557,11296,11284,11280,15260980,10611285,50.0,0.82
1,1,1,FALSE,FALSE,FALSE,FALSE,FALSE,FALSE,541,548,557,11296,11284,11280,15260980,10611285,50.0,0.82
1,1,1,FALSE,FALSE,FALSE,FALSE,FALSE,FALSE,541,548,557,11296,11284,11280,15260980,10611285,50.0,0.82
1,1,1,FALSE,FALSE,FALSE,FALSE,FALSE,FALSE,541,548,557,11296,11284,11280,15260980,10611285,50.0,0.82
1,1,1,FALSE,FALSE,FALSE,FALSE,FALSE,FALSE,541,548,557,11296,11284,11280,15260980,10611285,50.0,0.82
1,1,1,FALSE,FALSE,FALSE,FALSE,FALSE,FALSE,541,548,557,11296,11284,11280,15260980,10611285,50.0,0.82
1,1,1,FALSE,FALSE,FALSE,FALSE,FALSE,FALSE,541,548,557,11296,11284,11280,15260980,10611285,50.0,0.82
1,1,1,FALSE,FALSE,FALSE,FALSE,FALSE,FALSE,541,548,557,11296,11284,11280,15260980,10611285,50.0,0.82
1,1,1,FALSE,FALSE,FALSE,FALSE,FALSE,FALSE,541,548,557,11296,11284,11280,15260980,10611285,50.0,0.82
1,1,1,FALSE,FALSE,FALSE,FALSE,FALSE,FALSE,541,548,557,11296,11284,11280,15260980,10611285,50.0,0.82
1,1,1,FALSE,FALSE,FALSE,FALSE,FALSE,FALSE,541,548,557,11296,11284,11280,15260980,10611285,50.0,0.82
1,1,1,FALSE,FALSE,FALSE,FALSE,FALSE,FALSE,541,548,557,11296,11284,11280,15260980,10611285,50.0,0.82
1,1,1,FALSE,FALSE,FALSE,FALSE,FALSE,FALSE,541,548,557,11296,11284,11280,15260980,10611285,50.0,0.82
1,1,1,FALSE,FALSE,FALSE,FALSE,FALSE,FALSE,541,548,557,11296,11284,11280,15260980,10611285,50.0,0.82
1,1,1,FALSE,FALSE,FALSE,FALSE,FALSE,FALSE,541,548,557,11296,11284,11280,15260980,10611285,50.0,0.82
1,1,1,FALSE,FALSE,FALSE,FALSE,FALSE,FALSE,541,548,557,11296,11284,11280,15260980,10611285,50.0,0.82
1,1,1,FALSE,FALSE,FALSE,FALSE,FALSE,FALSE,541,548,557,11296,11284,11280,15260980,10611285,50.0,0.82
1,1,1,FALSE,FALSE,FALSE,FALSE,FALSE,FALSE,541,548,557,11296,11284,11280,15260980,10611285,50.0,0.82
1,1,1,FALSE,FALSE,FALSE,FALSE,FALSE,FALSE,541,548,557,11296,11284,11280,15260980,10611285,50.0,0.82
1,1,1,FALSE,FALSE,FALSE,FALSE,FALSE,FALSE,541,548,557,11296,11284,11280,15260980,10611285,50.0,0.82
1,1,1,FALSE,FALSE,FALSE,FALSE,FALSE,FALSE,541,548,557,11296,11284,11280,15260980,10611285,50.0,0.82
1,1,1,FALSE,FALSE,FALSE,FALSE,FALSE,FALSE,541,548,557,11296,11284,11280,15260980,10611285,50.0,0.82
1,1,1,FALSE,FALSE,FALSE,FALSE,FALSE,FALSE,541,548,557,11296,11284,11280,15260980,10611285,50.0,0.82
1,1,1,FALSE,FALSE,FALSE,FALSE,FALSE,FALSE,541,548,557,11296,11284,11280,15260980,10611285,50.0,0.82
1,1,1,FALSE,FALSE,FALSE,FALSE,FALSE,FALSE,541,548,557,11296,11284,11280,15260980,10611285,50.0,0.82
1,1,1,FALSE,FALSE,FALSE,FALSE,FALSE,FALSE,541,548,557,11296,11284,11280,15260980,10611285,50.0,0.82
1,1,1,FALSE,FALSE,FALSE,FALSE,FALSE,FALSE,541,548,557,11296,11284,11280,15260980,10611285,50.0,0.82
1,1,1,FALSE,FALSE,FALSE,FALSE,FALSE,FALSE,541,548,557,11296,11284,11280,15260980,10611285,50.0,0.82
1,1,1,FALSE,FALSE,FALSE,FALSE,FALSE,FALSE,541,548,557,11296,11284,11280,15260980,10611285,50.0,0.82
1,1,1,FALSE,FALSE,FALSE,FALSE,FALSE,FALSE,541,548,557,11296,11284,11280,15260980,10611285,50.0,0.82
1,1,1,FALSE,FALSE,FALSE,FALSE,FALSE,FALSE,541,548,557,11296,11284,11280,15260980,10611285,50.0,0.82
1,1,1,FALSE,FALSE,FALSE,FALSE,FALSE,FALSE,541,548,557,11296,11284,11280,15260980,10611285,50.0,0.82
1,1,1,FALSE,FALSE,FALSE,FALSE,FALSE,FALSE,541,548,557,11296,11284,11280,15260980,10611285,50.0,0.82
1,1,1,FALSE,FALSE,FALSE,FALSE,FALSE,FALSE,541,548,557,11296,11284,11280,15260980,10611285,50.0,0.82
1,1,1,FALSE,FALSE,FALSE,FALSE,FALSE,FALSE,541,548,557,11296,11284,11280,15260980,10611285,50.0,0.82
1,1,1,FALSE,FALSE,FALSE,FALSE,FALSE,FALSE,541,548,557,11296,11284,11280,15260980,10611285,50.0,0.82
1,1,1,FALSE,FALSE,FALSE,FALSE,FALSE,FALSE,541,548,557,11296,11284,11280,15260980,10611285,50.0,0.82
1,1,1,FALSE,FALSE,FALSE,FALSE,FALSE,FALSE,541,548,557,11296,11284,11280,15260980,10611285,50.0,0.82
1,1,1,FALSE,FALSE,FALSE,FALSE,FALSE,FALSE,541,548,556,11298,11287,11283,15260956,10611206,50.0,0.82
1,1,1,FALSE,FALSE,FALSE,FALSE,FALSE,FALSE,541,548,556,11298,11287,11283,15260956,10611206,50.0,0.82
1,1,1,FALSE,TRUE,FALSE,FALSE,FALSE,FALSE,541,548,556,11298,11287,11283,15260956,10611206,50.0,0.82
0,1,1,FALSE,TRUE,FALSE,FALSE,FALSE,FALSE,541,548,556,11298,11287,11283,15260956,10611206,50.0,0.82
0,1,1,FALSE,TRUE,FALSE,FALSE,FALSE,FALSE,0,0,0,11341,11332,11329,0,0,50.0,0.82
0,1,1,FALSE,TRUE,FALSE,FALSE,FALSE,FALSE,0,0,0,11341,11332,11329,0,0,50.0,0.82
0,1,1,FALSE,TRUE,FALSE,FALSE,FALSE,FALSE,0,0,0,11341,11332,11329,0,0,50.0,0.82
0,1,1,FALSE,TRUE,FALSE,FALSE,FALSE,FALSE,0,0,0,11341,11332,11329,0,0,50.0,0.82
0,1,1,FALSE,FALSE,FALSE,FALSE,FALSE,FALSE,0,0,0,11383,11375,11373,0,0,50.0,0.82
1,1,1,FALSE,FALSE,FALSE,FALSE,FALSE,FALSE,539,546,554,11340,11330,11327,15260536,10609874,50.0,0.82
1,1,1,FALSE,FALSE,FALSE,FALSE,FALSE,FALSE,539,546,554,11340,11330,11327,15260536,10609874,50.0,0.82
1,1,1,FALSE,FALSE,FALSE,FALSE,FALSE,FALSE,539,546,554,11340,11330,11327,15260536,10609874,50.0,0.82
1,1,1,FALSE,FALSE,FALSE,FALSE,FALSE,FALSE,539,546,554,11340,11330,11327,15260536,10609874,50.0,0.82
1,1,1,FALSE,FALSE,FALSE,FALSE,FALSE,FALSE,541,548,556,11298,11287,11283,15260956,10611206,50.0,0.82
1,1,1,FALSE,FALSE,FALSE,FALSE,FALSE,FALSE,541,548,556,11298,11287,11283,15260956,10611206,50.0,0.82
1,1,1,FALSE,FALSE,FALSE,FALSE,FALSE,FALSE,541,548,556,11298,11287,11283,15260956,10611206,50.0,0.82
1,1,1,FALSE,FALSE,FALSE,FALSE,FALSE,FALSE,541,548,556,11298,11287,11283,15260956,10611206,50.0,0.82
1,1,1,FALSE,FALSE,FALSE,FALSE,FALSE,FALSE,541,548,556,11298,11287,11283,15260956,10611206,50.0,0.82
1,1,1,FALSE,FALSE,FALSE,FALSE,FALSE,FALSE,541,548,556,11298,11287,11283,15260956,10611206,50.0,0.82
1,1,1,FALSE,FALSE,FALSE,FALSE,FALSE,FALSE,541,548,556,11298,11287,11283,15260956,10611206,50.0,0.82
1,1,1,FALSE,FALSE,FALSE,FALSE,FALSE,FALSE,541,548,557,11296,11284,11280,15260980,10611285,50.0,0.82
1,1,1,FALSE,FALSE,FALSE,FALSE,FALSE,FALSE,541,548,557,11296,11284,11280,15260980,10611285,50.0,0.82
1,1,1,FALSE,FALSE,FALSE,FALSE,FALSE,FALSE,541,548,557,11296,11284,11280,15260980,10611285,50.0,0.82
1,1,1,FALSE,FALSE,FALSE,FALSE,FALSE,FALSE,541,548,557,11296,11284,11280,15260980,10611285,50.0,0.82
1,1,1,FALSE,FALSE,FALSE,FALSE,FALSE,FALSE,541,548,557,11296,11284,11280,15260980,10611285,50.0,0.82
1,1,1,FALSE,FALSE,FALSE,FALSE,FALSE,FALSE,541,548,557,11296,11284,11280,15260980,10611285,50.0,0.82
1,1,1,FALSE,FALSE,FALSE,FALSE,FALSE,FALSE,541,548,557,11296,11284,11280,15260980,10611285,50.0,0.82
1,1,1,FALSE,FALSE,FALSE,FALSE,FALSE,FALSE,541,548,557,11296,11284,11280,15260980,10611285,50.0,0.82
1,1,1,FALSE,FALSE,FALSE,FALSE,FALSE,FALSE,541,548,557,11296,11284,11280,15260980,10611285,50.0,0.82
1,1,1,FALSE,FALSE,FALSE,FALSE,FALSE,FALSE,541,548,557,11296,11284,11280,15260980,10611285,50.0,0.82
1,1,1,FALSE,FALSE,FALSE,FALSE,FALSE,FALSE,541,548,557,11296,11284,11280,15260980,10611285,50.0,0.82
1,1,1,FALSE,FALSE,FALSE,FALSE,FALSE,FALSE,541,548,557,11296,11284,11280,15260980,10611285,50.0,0.82
1,1,1,FALSE,FALSE,FALSE,FALSE,FALSE,FALSE,541,548,557,11296,11284,11280,15260980,10611285,50.0,0.82
1,1,1,FALSE,FALSE,FALSE,FALSE,FALSE,FALSE,541,548,557,11296,11284,11280,15260980,10611285,50.0,0.82
1,1,1,FALSE,FALSE,FALSE,FALSE,FALSE,FALSE,541,548,557,11296,11284,11280,15260980,10611285,50.0,0.82
1,1,1,FALSE,FALSE,FALSE,FALSE,FALSE,FALSE,541,548,557,11296,11284,11280,15260980,10611285,50.0,0.82
1,1,1,FALSE,FALSE,FALSE,FALSE,FALSE,FALSE,541,548,557,11296,11284,11280,15260980,10611285,50.0,0.82
1,1,1,FALSE,FALSE,FALSE,FALSE,FALSE,FALSE,541,548,557,11296,11284,11280,15260980,10611285,50.0,0.82
1,1,1,FALSE,FALSE,FALSE,FALSE,FALSE,FALSE,541,548,557,11296,11284,11280,15260980,10611285,50.0,0.82
1,1,1,FALSE,FALSE,FALSE,FALSE,FALSE,FALSE,541,548,557,11296,11284,11280,15260980,10611285,50.0,0.82
1,1,1,FALSE,FALSE,FALSE,FALSE,FALSE,FALSE,541,548,557,11296,11284,11280,15260980,10611285,50.0,0.82
1,1,1,FALSE,FALSE,FALSE,FALSE,FALSE,FALSE,541,548,557,11296,11284,11280,15260980,10611285,50.0,0.82
1,1,1,FALSE,FALSE,FALSE,FALSE,FALSE,FALSE,541,548,557,11296,11284,11280,15260980,10611285,50.0,0.82
1,1,1,FALSE,FALSE,FALSE,FALSE,FALSE,FALSE,541,548,557,11296,11284,11280,15260980,10611285,50.0,0.82
1,1,1,FALSE,FALSE,FALSE,FALSE,FALSE,FALSE,541,548,557,11296,11284,11280,15260980,10611285,50.0,0.82
1,1,1,FALSE,FALSE,FALSE,FALSE,FALSE,FALSE,541,548,557,11296,11284,11280,15260980,10611285,50.0,0.82
1,1,1,FALSE,FALSE,FALSE,FALSE,FALSE,FALSE,541,548,557,11296,11284,11280,15260980,10611285,50.0,0.82
1,1,1,FALSE,FALSE,FALSE,FALSE,FALSE,FALSE,541,548,557,11296,11284,11280,15260980,10611285,50.0,0.82
1,1,1,FALSE,FALSE,FALSE,FALSE,FALSE,FALSE,541,548,557,11296,11284,11280,15260980,10611285,50.0,0.82
1,1,1,FALSE,FALSE,FALSE,FALSE,FALSE,FALSE,541,548,557,11296,11284,11280,15260980,10611285,50.0,0.82
1,1,1,FALSE,FALSE,FALSE,FALSE,FALSE,FALSE,541,548,557,11296,11284,11280,15260980,10611285,50.0,0.82
1,1,1,FALSE,FALSE,FALSE,FALSE,FALSE,FALSE,541,548,557,11296,11284,11280,15260980,10611285,50.0,0.82
1,1,1,FALSE,FALSE,FALSE,FALSE,FALSE,FALSE,541,548,557,11296,11284,11280,15260980,10611285,50.0,0.82
1,1,1,FALSE,FALSE,FALSE,FALSE,FALSE,FALSE,541,548,557,11296,11284,11280,15260980,10611285,50.0,0.82
1,1,1,FALSE,FALSE,FALSE,FALSE,FALSE,FALSE,541,548,557,11296,11284,11280,15260980,10611285,50.0,0.82
1,1,1,FALSE,FALSE,FALSE,FALSE,FALSE,FALSE,541,548,557,11296,11284,11280,15260980,10611285,50.0,0.82
1,1,1,FALSE,FALSE,FALSE,FALSE,FALSE,FALSE,541,548,557,11296,11284,11280,15260980,10611285,50.0,0.82
1,1,1,FALSE,FALSE,FALSE,FALSE,FALSE,FALSE,541,548,557,11296,11284,11280,15260980,10611285,50.0,0.82
1,1,1,FALSE,FALSE,FALSE,FALSE,FALSE,FALSE,541,548,557,11296,11284,11280,15260980,10611285,50.0,0.82
1,1,1,FALSE,FALSE,FALSE,FALSE,FALSE,FALSE,541,548,557,11296,11284,11280,15260980,10611285,50.0,0.82
1,1,1,FALSE,FALSE,FALSE,FALSE,FALSE,FALSE,541,548,557,11296,11284,11280,15260980,10611285,50.0,0.82
1,1,1,FALSE,FALSE,FALSE,FALSE,FALSE,FALSE,541,548,557,11296,11284,11280,15260980,10611285,50.0,0.82
1,1,1,FALSE,FALSE,FALSE,FALSE,FALSE,FALSE,541,548,557,11296,11284,11280,15260980,10611285,50.0,0.82
1,1,1,FALSE,FALSE,FALSE,FALSE,FALSE,FALSE,541,548,557,11296,11284,11280,15260980,10611285,50.0,0.82
1,1,1,FALSE,FALSE,FALSE,FALSE,FALSE,FALSE,541,548,557,11296,11284,11280,15260980,10611285,50.0,0.82
1,1,1,FALSE,FALSE,FALSE,FALSE,FALSE,FALSE,541,548,557,11296,11284,11280,15260980,10611285,50.0,0.82
1,1,1,FALSE,FALSE,FALSE,FALSE,FALSE,FALSE,541,548,557,11296,11284,11280,15260980,10611285,50.0,0.82
1,1,1,FALSE,FALSE,FALSE,FALSE,FALSE,FALSE,541,548,557,11296,11284,11280,15260980,10611285,50.0,0.82
1,1,1,FALSE,FALSE,FALSE,FALSE,FALSE,FALSE,541,548,557,11296,11284,11280,15260980,10611285,50.0,0.82
1,1,1,FALSE,FALSE,FALSE,FALSE,FALSE,FALSE,541,548,557,11296,11284,11280,15260980,10611285,50.0,0.82
1,1,1,FALSE,FALSE,FALSE,FALSE,FALSE,FALSE,541,548,557,11296,11284,11280,15260980,10611285,50.0,0.82
1,1,1,FALSE,FALSE,FALSE,FALSE,FALSE,FALSE,541,548,557,11296,11284,11280,15260980,10611285,50.0,0.82
1,1,1,FALSE,FALSE,FALSE,FALSE,FALSE,FALSE,541,548,557,11296,11284,11280,15260980,10611285,50.0,0.82
1,1,1,FALSE,FALSE,FALSE,FALSE,FALSE,FALSE,541,548,557,11296,11284,11280,15260980,10611285,50.0,0.82
1,1,1,FALSE,FALSE,FALSE,FALSE,FALSE,FALSE,541,548,557,11296,11284,11280,15260980,10611285,50.0,0.82
1,1,1,FALSE,FALSE,FALSE,FALSE,FALSE,FALSE,541,548,557,11296,11284,11280,15260980,10611285,50.0,0.82
1,1,1,FALSE,FALSE,FALSE,FALSE,FALSE,FALSE,541,548,557,11296,11284,11280,15260980,10611285,50.0,0.82
1,1,1,FALSE,FALSE,FALSE,FALSE,FALSE,FALSE,541,548,557,11296,11284,11280,15260980,10611285,50.0,0.82
1,1,1,FALSE,FALSE,FALSE,FALSE,FALSE,FALSE,541,548,557,11296,11284,11280,15260980,10611285,50.0,0.82
1,1,1,FALSE,FALSE,FALSE,FALSE,FALSE,FALSE,541,548,557,11296,11284,11280,15260980,10611285,50.0,0.82
1,1,1,FALSE,FALSE,FALSE,FALSE,FALSE,FALSE,541,548,556,11298,11287,11283,15260956,10611206,50.0,0.82
1,1,1,FALSE,FALSE,FALSE,FALSE,FALSE,FALSE,541,548,556,11298,11287,11283,15260956,10611206,50.0,0.82
1,1,1,FALSE,FALSE,FALSE,FALSE,FALSE,FALSE,541,548,556,11298,11287,11283,15260956,10611206,50.0,0.82
1,1,1,FALSE,FALSE,FALSE,FALSE,FALSE,FALSE,541,548,556,11298,11286,11282,15260961,10611223,50.0,0.82
1,1,1,FALSE,FALSE,FALSE,FALSE,FALSE,FALSE,539,546,554,11340,11330,11327,15260541,10609890,50.0,0.82
1,1,1,FALSE,FALSE,FALSE,FALSE,FALSE,FALSE,539,546,554,11340,11330,11327,15260541,10609890,50.0,0.82
1,1,1,FALSE,FALSE,FALSE,FALSE,FALSE,FALSE,539,546,554,11340,11330,11327,15260541,10609890,50.0,0.82
1,1,1,FALSE,FALSE,FALSE,FALSE,FALSE,FALSE,539,546,554,11340,11330,11327,15260541,10609890,50.0,0.82
1,1,1,FALSE,FALSE,FALSE,FALSE,FALSE,FALSE,537,544,552,11381,11374,11371,15260126,10608571,50.0,0.82
1,1,1,FALSE,FALSE,FALSE,FALSE,FALSE,FALSE,537,544,552,11381,11374,11371,15260126,10608571,50.0,0.82
1,1,1,FALSE,FALSE,FALSE,FALSE,FALSE,FALSE,539,546,554,11340,11330,11327,15260536,10609874,50.0,0.82
1,1,1,FALSE,FALSE,FALSE,FALSE,FALSE,FALSE,539,546,554,11340,11330,11327,15260536,10609874,50.0,0.82
1,1,1,FALSE,FALSE,FALSE,FALSE,FALSE,FALSE,539,546,554,11340,11330,11327,15260536,10609874,50.0,0.82
1,1,1,FALSE,FALSE,FALSE,FALSE,FALSE,FALSE,539,546,554,11340,11330,11327,15260536,10609874,50.0,0.82
1,1,1,FALSE,FALSE,FALSE,FALSE,FALSE,FALSE,541,548,556,11298,11286,11282,15260961,10611223,50.0,0.82
1,1,1,FALSE,FALSE,FALSE,FALSE,FALSE,FALSE,541,548,556,11298,11286,11282,15260961,10611223,50.0,0.82
1,1,1,FALSE,FALSE,FALSE,FALSE,FALSE,FALSE,541,548,556,11298,11286,11282,15260961,10611223,50.0,0.82
1,1,1,FALSE,FALSE,FALSE,FALSE,FALSE,FALSE,541,548,556,11298,11286,11282,15260961,10611223,50.0,0.82
1,1,1,FALSE,FALSE,FALSE,FALSE,FALSE,FALSE,541,548,556,11298,11286,11282,15260961,10611223,50.0,0.82
1,1,1,FALSE,FALSE,FALSE,FALSE,FALSE,FALSE,541,548,556,11298,11286,11282,15260961,10611223,50.0,0.82
1,1,1,FALSE,FALSE,FALSE,FALSE,FALSE,FALSE,541,548,556,11298,11286,11282,15260961,10611223,50.0,0.82
1,1,1,FALSE,FALSE,FALSE,FALSE,FALSE,FALSE,541,548,556,11298,11286,11282,15260961,10611223,50.0,0.82
1,1,1,FALSE,FALSE,FALSE,FALSE,FALSE,FALSE,541,548,556,11298,11286,11282,15260961,10611223,50.0,0.82
1,1,1,FALSE,FALSE,FALSE,FALSE,FALSE,FALSE,541,548,557,11296,11284,11280,15260980,10611285,50.0,0.82
1,1,1,FALSE,FALSE,FALSE,FALSE,FALSE,FALSE,541,548,557,11296,11284,11280,15260980,10611285,50.0,0.82
1,1,1,FALSE,FALSE,FALSE,FALSE,FALSE,FALSE,541,548,557,11296,11284,11280,15260980,10611285,50.0,0.82
1,1,1,FALSE,FALSE,FALSE,FALSE,FALSE,FALSE,541,548,557,11296,11284,11280,15260980,10611285,50.0,0.82
1,1,1,FALSE,FALSE,FALSE,FALSE,FALSE,FALSE,541,548,557,11296,11284,11280,15260980,10611285,50.0,0.82
1,1,1,FALSE,FALSE,FALSE,FALSE,FALSE,FALSE,541,548,557,11296,11284,11280,15260980,10611285,50.0,0.82
1,1,1,FALSE,FALSE,FALSE,FALSE,FALSE,FALSE,541,548,557,11296,11284,11280,15260980,10611285,50.0,0.82
1,1,1,FALSE,FALSE,FALSE,FALSE,FALSE,FALSE,541,548,557,11296,11284,11280,15260980,10611285,50.0,0.82
1,1,1,FALSE,FALSE,FALSE,FALSE,FALSE,FALSE,541,548,557,11296,11284,11280,15260980,10611285,50.0,0.82
1,1,1,FALSE,FALSE,FALSE,FALSE,FALSE,FALSE,541,548,557,11296,11284,11280,15260980,10611285,50.0,0.82
1,1,1,FALSE,FALSE,FALSE,FALSE,FALSE,FALSE,541,548,557,11296,11284,11280,15260980,10611285,50.0,0.82
1,1,1,FALSE,FALSE,FALSE,FALSE,FALSE,FALSE,541,548,557,11296,11284,11280,15260980,10611285,50.0,0.82
1,1,1,FALSE,FALSE,FALSE,FALSE,FALSE,FALSE,541,548,557,11296,11284,11280,15260980,10611285,50.0,0.82
1,1,1,FALSE,FALSE,FALSE,FALSE,FALSE,FALSE,541,548,557,11296,11284,11280,15260980,10611285,50.0,0.82
1,1,1,FALSE,FALSE,FALSE,FALSE,FALSE,FALSE,541,548,557,11296,11284,11280,15260980,10611285,50.0,0.82
1,1,1,FALSE,FALSE,FALSE,FALSE,FALSE,FALSE,541,548,557,11296,11284,11280,15260980,10611285,50.0,0.82
1,1,1,FALSE,FALSE,FALSE,FALSE,FALSE,FALSE,541,548,557,11296,11284,11280,15260980,10611285,50.0,0.82
1,1,1,FALSE,FALSE,FALSE,FALSE,FALSE,FALSE,541,548,557,11296,11284,11280,15260980,10611285,50.0,0.82
1,1,1,FALSE,FALSE,FALSE,FALSE,FALSE,FALSE,541,548,557,11296,11284,11280,15260980,10611285,50.0,0.82
1,1,1,FALSE,FALSE,FALSE,FALSE,FALSE,FALSE,541,548,557,11296,11284,11280,15260980,10611285,50.0,0.82
1,1,1,FALSE,FALSE,FALSE,FALSE,FALSE,FALSE,541,548,557,11296,11284,11280,15260980,10611285,50.0,0.82
1,1,1,FALSE,FALSE,FALSE,FALSE,FALSE,FALSE,541,548,557,11296,11284,11280,15260980,10611285,50.0,0.82
1,1,1,FALSE,FALSE,FALSE,FALSE,FALSE,FALSE,541,548,557,11296,11284,11280,15260980,10611285,50.0,0.82
1,1,1,FALSE,FALSE,FALSE,FALSE,FALSE,FALSE,541,548,557,11296,11284,11280,15260980,10611285,50.0,0.82
1,1,1,FALSE,FALSE,FALSE,FALSE,FALSE,FALSE,541,548,557,11296,11284,11280,15260980,10611285,50.0,0.82
1,1,1,FALSE,FALSE,FALSE,FALSE,FALSE,FALSE,541,548,557,11296,11284,11280,15260980,10611285,50.0,0.82
1,1,1,FALSE,FALSE,FALSE,FALSE,FALSE,FALSE,541,548,557,11296,11284,11280,15260980,10611285,50.0,0.82
1,1,1,FALSE,FALSE,FALSE,FALSE,FALSE,FALSE,541,548,557,11296,11284,11280,15260980,10611285,50.0,0.82
1,1,1,FALSE,FALSE,FALSE,FALSE,FALSE,FALSE,541,548,557,11296,11284,11280,15260980,10611285,50.0,0.82
1,1,1,FALSE,FALSE,FALSE,FALSE,FALSE,FALSE,541,548,557,11296,11284,11280,15260980,10611285,50.0,0.82
1,1,1,FALSE,FALSE,FALSE,FALSE,FALSE,FALSE,541,548,557,11296,11284,11280,15260980,10611285,50.0,0.82
1,1,1,FALSE,FALSE,FALSE,FALSE,FALSE,FALSE,541,548,557,11296,11284,11280,15260980,10611285,50.0,0.82
1,1,1,FALSE,FALSE,FALSE,FALSE,FALSE,FALSE,541,548,557,11296,11284,11280,15260980,10611285,50.0,0.82
1,1,1,FALSE,FALSE,FALSE,FALSE,FALSE,FALSE,541,548,557,11296,11284,11280,15260980,10611285,50.0,0.82
1,1,1,FALSE,FALSE,FALSE,FALSE,FALSE,FALSE,541,548,557,11296,11284,11280,15260980,10611285,50.0,0.82
1,1,1,FALSE,FALSE,FALSE,FALSE,FALSE,FALSE,541,548,557,11296,11284,11280,15260980,10611285,50.0,0.82
1,1,1,FALSE,FALSE,FALSE,FALSE,FALSE,FALSE,541,548,557,11296,11284,11280,15260980,10611285,50.0,0.82
1,1,1,FALSE,FALSE,FALSE,FALSE,FALSE,FALSE,541,548,557,11296,11284,11280,15260980,10611285,50.0,0.82
1,1,1,FALSE,FALSE,FALSE,FALSE,FALSE,FALSE,541,548,557,11296,11284,11280,15260980,10611285,50.0,0.82
1,1,1,FALSE,FALSE,FALSE,FALSE,FALSE,FALSE,541,548,557,11296,11284,11280,15260980,10611285,50.0,0.82
1,1,1,FALSE,FALSE,FALSE,FALSE,FALSE,FALSE,541,548,557,11296,11284,11280,15260980,10611285,50.0,0.82
1,1,1,FALSE,FALSE,FALSE,FALSE,FALSE,FALSE,541,548,557,11296,11284,11280,15260980,10611285,50.0,0.82
1,1,1,FALSE,FALSE,FALSE,FALSE,FALSE,FALSE,541,548,557,11296,11284,11280,15260980,10611285,50.0,0.82
1,1,1,FALSE,FALSE,FALSE,FALSE,FALSE,FALSE,541,548,557,11296,11284,11280,15260980,10611285,50.0,0.82
1,1,1,FALSE,FALSE,FALSE,FALSE,FALSE,FALSE,541,548,557,11296,11284,11280,15260980,10611285,50.0,0.82
1,1,1,FALSE,FALSE,FALSE,FALSE,FALSE,FALSE,541,548,557,11296,11284,11280,15260980,10611285,50.0,0.82
1,1,1,FALSE,FALSE,FALSE,FALSE,FALSE,FALSE,541,548,557,11296,11284,11280,15260980,10611285,50.0,0.82
1,1,1,FALSE,FALSE,FALSE,FALSE,FALSE,FALSE,541,548,557,11296,11284,11280,15260980,10611285,50.0,0.82
1,1,1,FALSE,FALSE,FALSE,FALSE,FALSE,FALSE,541,548,557,11296,11284,11280,15260980,10611285,50.0,0.82
1,1,1,FALSE,FALSE,FALSE,FALSE,FALSE,FALSE,541,548,557,11296,11284,11280,15260980,10611285,50.0,0.82
1,1,1,FALSE,FALSE,FALSE,FALSE,FALSE,FALSE,541,548,557,11296,11284,11280,15260980,10611285,50.0,0.82
1,1,1,FALSE,FALSE,FALSE,FALSE,FALSE,FALSE,541,548,557,11296,11284,11280,15260980,10611285,50.0,0.82
1,1,1,FALSE,FALSE,FALSE,FALSE,FALSE,FALSE,541,548,557,11296,11284,11280,15260980,10611285,50.0,0.82
1,1,1,FALSE,FALSE,FALSE,FALSE,FALSE,FALSE,541,548,557,11296,11284,11280,15260980,10611285,50.0,0.82
1,1,1,FALSE,FALSE,FALSE,FALSE,FALSE,FALSE,541,548,557,11296,11284,11280,15260980,10611285,50.0,0.82
1,1,1,FALSE,FALSE,FALSE,FALSE,FALSE,FALSE,541,548,557,11296,11284,11280,15260980,10611285,50.0,0.82
1,1,1,FALSE,FALSE,FALSE,FALSE,FALSE,FALSE,541,548,557,11296,11284,11280,15260980,10611285,50.0,0.82
1,1,1,FALSE,FALSE,FALSE,FALSE,FALSE,FALSE,541,548,557,11296,11284,11280,15260980,10611285,50.0,0.82
1,1,1,FALSE,FALSE,FALSE,FALSE,FALSE,FALSE,541,548,557,11296,11284,11280,15260980,10611285,50.0,0.82
1,1,1,FALSE,FALSE,FALSE,FALSE,FALSE,FALSE,541,548,557,11296,11284,11280,15260980,10611285,50.0,0.82
1,1,1,FALSE,FALSE,FALSE,FALSE,FALSE,FALSE,541,548,557,11296,11284,11280,15260980,10611285,50.0,0.82
1,1,1,FALSE,FALSE,FALSE,FALSE,FALSE,FALSE,541,548,557,11296,11284,11280,15260980,10611285,50.0,0.82
1,1,1,FALSE,FALSE,FALSE,FALSE,FALSE,FALSE,541,548,557,11296,11284,11280,15260980,10611285,50.0,0.82
1,1,1,FALSE,FALSE,FALSE,FALSE,FALSE,FALSE,541,548,557,11296,11284,11280,15260980,10611285,50.0,0.82
1,1,1,FALSE,FALSE,FALSE,FALSE,FALSE,FALSE,541,548,557,11296,11284,11280,15260980,10611285,50.0,0.82
1,1,1,FALSE,FALSE,FALSE,FALSE,FALSE,FALSE,541,548,557,11296,11284,11280,15260980,10611285,50.0,0.82
1,1,1,FALSE,FALSE,FALSE,FALSE,FALSE,FALSE,541,548,557,11296,11284,11280,15260980,10611285,50.0,0.82
1,1,1,FALSE,FALSE,FALSE,FALSE,FALSE,FALSE,541,548,557,11296,11284,11280,15260980,10611285,50.0,0.82
1,1,1,FALSE,FALSE,FALSE,FALSE,FALSE,FALSE,541,548,557,11296,11284,11280,15260980,10611285,50.0,0.82
1,1,1,FALSE,FALSE,FALSE,FALSE,FALSE,FALSE,541,548,557,11296,11284,11280,15260980,10611285,50.0,0.82
1,1,1,FALSE,FALSE,FALSE,FALSE,FALSE,FALSE,541,548,557,11296,11284,11280,15260980,10611285,50.0,0.82
1,1,1,FALSE,FALSE,FALSE,FALSE,FALSE,FALSE,541,548,557,11296,11284,11280,15260980,10611285,50.0,0.82
1,1,1,FALSE,FALSE,FALSE,FALSE,FALSE,FALSE,541,548,557,11296,11284,11280,15260980,10611285,50.0,0.82
1,1,1,FALSE,FALSE,FALSE,FALSE,FALSE,FALSE,541,548,557,11296,11284,11280,15260980,10611285,50.0,0.82
1,1,1,FALSE,FALSE,FALSE,FALSE,FALSE,FALSE,541,548,557,11296,11284,11280,15260980,10611285,50.0,0.82
1,1,1,FALSE,FALSE,FALSE,FALSE,FALSE,FALSE,541,548,557,11296,11284,11280,15260980,10611285,50.0,0.82
1,1,1,FALSE,FALSE,FALSE,FALSE,FALSE,FALSE,541,548,557,11296,11284,11280,15260980,10611285,50.0,0.82
1,1,1,FALSE,TRUE,FALSE,FALSE,FALSE,FALSE,541,548,557,11296,11284,11280,15260980,10611285,50.0,0.82
0,1,1,FALSE,TRUE,FALSE,FALSE,FALSE,FALSE,541,548,557,11296,11284,11280,15260980,10611285,50.0,0.82
0,1,1,FALSE,TRUE,FALSE,FALSE,FALSE,FALSE,0,0,0,11382,11374,11372,0,0,50.0,0.82
0,1,1,FALSE,TRUE,FALSE,FALSE,FALSE,FALSE,0,0,0,11382,11374,11372,0,0,50.0,0.82
0,1,1,FALSE,TRUE,FALSE,FALSE,FALSE,FALSE,0,0,0,11382,11374,11372,0,0,50.0,0.82
0,1,1,FALSE,TRUE,FALSE,FALSE,FALSE,FALSE,0,0,0,11382,11374,11372,0,0,50.0,0.82
0,1,1,FALSE,TRUE,FALSE,FALSE,FALSE,FALSE,0,0,0,11382,11374,11372,0,0,50.0,0.82
0,1,1,FALSE,TRUE,FALSE,FALSE,FALSE,FALSE,0,0,0,11382,11374,11372,0,0,50.0,0.82
0,1,1,FALSE,TRUE,FALSE,FALSE,FALSE,FALSE,0,0,0,11382,11374,11372,0,0,50.0,0.82
0,1,1,FALSE,TRUE,FALSE,FALSE,FALSE,FALSE,0,0,0,11382,11374,11372,0,0,50.0,0.82
0,1,1,FALSE,TRUE,FALSE,FALSE,FALSE,FALSE,0,0,0,11382,11374,11372,0,0,50.0,0.82
0,1,1,FALSE,TRUE,FALSE,FALSE,FALSE,FALSE,0,0,0,11382,11374,11372,0,0,50.0,0.82
0,1,1,FALSE,TRUE,FALSE,FALSE,FALSE,FALSE,0,0,0,11382,11374,11372,0,0,50.0,0.82
0,1,1,FALSE,TRUE,FALSE,FALSE,FALSE,FALSE,0,0,0,11382,11374,11372,0,0,50.0,0.82
0,1,1,FALSE,TRUE,FALSE,FALSE,FALSE,FALSE,0,0,0,11382,11374,11372,0,0,50.0,0.82
0,1,1,FALSE,TRUE,FALSE,FALSE,FALSE,FALSE,0,0,0,11382,11374,11372,0,0,50.0,0.82
0,1,1,FALSE,TRUE,FALSE,FALSE,FALSE,FALSE,0,0,0,11382,11374,11372,0,0,50.0,0.82
0,1,1,FALSE,TRUE,FALSE,FALSE,FALSE,FALSE,0,0,0,11382,11374,11372,0,0,50.0,0.82
0,1,1,FALSE,TRUE,FALSE,FALSE,FALSE,FALSE,0,0,0,11382,11374,11372,0,0,50.0,0.82
0,1,1,FALSE,TRUE,FALSE,FALSE,FALSE,FALSE,0,0,0,11382,11374,11372,0,0,50.0,0.82
0,1,1,FALSE,TRUE,FALSE,FALSE,FALSE,FALSE,0,0,0,11382,11374,11372,0,0,50.0,0.82
0,1,1,FALSE,FALSE,FALSE,FALSE,FALSE,FALSE,0,0,0,11382,11374,11372,0,0,50.0,0.82
1,1,1,FALSE,FALSE,FALSE,FALSE,FALSE,FALSE,541,548,557,11296,11284,11280,15260980,10611285,50.0,0.82
1,1,1,FALSE,FALSE,FALSE,FALSE,FALSE,FALSE,541,548,557,11296,11284,11280,15260980,10611285,50.0,0.82
1,1,1,FALSE,FALSE,FALSE,FALSE,FALSE,FALSE,541,548,557,11296,11284,11280,15260980,10611285,50.0,0.82
1,1,1,FALSE,FALSE,FALSE,FALSE,FALSE,FALSE,541,548,557,11296,11284,11280,15260980,10611285,50.0,0.82
1,1,1,FALSE,FALSE,FALSE,FALSE,FALSE,FALSE,541,548,557,11296,11284,11280,15260980,10611285,50.0,0.82
1,1,1,FALSE,FALSE,FALSE,FALSE,FALSE,FALSE,541,548,557,11296,11284,11280,15260980,10611285,50.0,0.82
1,1,1,FALSE,FALSE,FALSE,FALSE,FALSE,FALSE,541,548,557,11296,11284,11280,15260980,10611285,50.0,0.82
1,1,1,FALSE,FALSE,FALSE,FALSE,FALSE,FALSE,541,548,557,11296,11284,11280,15260980,10611285,50.0,0.82
1,1,1,FALSE,FALSE,FALSE,FALSE,FALSE,FALSE,541,548,557,11296,11284,11280,15260980,10611285,50.0,0.82
1,1,1,FALSE,FALSE,FALSE,FALSE,FALSE,FALSE,541,548,557,11296,11284,11280,15260980,10611285,50.0,0.82
1,1,1,FALSE,FALSE,FALSE,FALSE,FALSE,FALSE,541,548,557,11296,11284,11280,15260980,10611285,50.0,0.82
1,1,1,FALSE,FALSE,FALSE,FALSE,FALSE,FALSE,541,548,557,11296,11284,11280,15260980,10611285,50.0,0.82
1,1,1,FALSE,FALSE,FALSE,FALSE,FALSE,FALSE,541,548,557,11296,11284,11280,15260980,10611285,50.0,0.82
1,1,1,FALSE,FALSE,FALSE,FALSE,FALSE,FALSE,541,548,557,11296,11284,11280,15260980,10611285,50.0,0.82
1,1,1,FALSE,FALSE,FALSE,FALSE,FALSE,FALSE,541,548,557,11296,11284,11280,15260980,10611285,50.0,0.82
1,1,1,FALSE,FALSE,FALSE,FALSE,FALSE,FALSE,541,548,557,11296,11284,11280,15260980,10611285,50.0,0.82
1,1,1,FALSE,FALSE,FALSE,FALSE,FALSE,FALSE,541,548,557,11296,11284,11280,15260980,10611285,50.0,0.82
1,1,1,FALSE,FALSE,FALSE,FALSE,FALSE,FALSE,541,548,557,11296,11284,11280,15260980,10611285,50.0,0.82
1,1,1,FALSE,FALSE,FALSE,FALSE,FALSE,FALSE,541,548,557,11296,11284,11280,15260980,10611285,50.0,0.82
1,1,1,FALSE,FALSE,FALSE,FALSE,FALSE,FALSE,541,548,557,11296,11284,11280,15260980,10611285,50.0,0.82
1,1,1,FALSE,FALSE,FALSE,FALSE,FALSE,FALSE,541,548,557,11296,11284,11280,15260980,10611285,50.0,0.82
1,1,1,FALSE,FALSE,FALSE,FALSE,FALSE,FALSE,541,548,557,11296,11284,11280,15260980,10611285,50.0,0.82
1,1,1,FALSE,FALSE,FALSE,FALSE,FALSE,FALSE,541,548,557,11296,11284,11280,15260980,10611285,50.0,0.82
1,1,1,FALSE,FALSE,FALSE,FALSE,FALSE,FALSE,541,548,557,11296,11284,11280,15260980,10611285,50.0,0.82
1,1,1,FALSE,FALSE,FALSE,FALSE,FALSE,FALSE,541,548,557,11296,11284,11280,15260980,10611285,50.0,0.82
1,1,1,FALSE,FALSE,FALSE,FALSE,FALSE,FALSE,541,548,557,11296,11284,11280,15260980,10611285,50.0,0.82
1,1,1,FALSE,FALSE,FALSE,FALSE,FALSE,FALSE,541,548,557,11296,11284,11280,15260980,10611285,50.0,0.82
1,1,1,FALSE,FALSE,FALSE,FALSE,FALSE,FALSE,541,548,557,11296,11284,11280,15260980,10611285,50.0,0.82
1,1,1,FALSE,FALSE,FALSE,FALSE,FALSE,FALSE,541,548,557,11296,11284,11280,15260980,10611285,50.0,0.82
1,1,1,FALSE,FALSE,FALSE,FALSE,FALSE,FALSE,541,548,557,11296,11284,11280,15260980,10611285,50.0,0.82
1,1,1,FALSE,FALSE,FALSE,FALSE,FALSE,FALSE,541,548,557,11296,11284,11280,15260980,10611285,50.0,0.82
1,1,1,FALSE,FALSE,FALSE,FALSE,FALSE,FALSE,541,548,557,11296,11284,11280,15260980,10611285,50.0,0.82
1,1,1,FALSE,FALSE,FALSE,FALSE,FALSE,FALSE,541,548,557,11296,11284,11280,15260980,10611285,50.0,0.82
1,1,1,FALSE,FALSE,FALSE,FALSE,FALSE,FALSE,541,548,557,11296,11284,11280,15260980,10611285,50.0,0.82
1,1,1,FALSE,FALSE,FALSE,FALSE,FALSE,FALSE,541,548,557,11296,11284,11280,15260980,10611285,50.0,0.82
1,1,1,FALSE,FALSE,FALSE,FALSE,FALSE,FALSE,541,548,557,11296,11284,11280,15260980,10611285,50.0,0.82
1,1,1,FALSE,FALSE,FALSE,FALSE,FALSE,FALSE,541,548,557,11296,11284,11280,15260980,10611285,50.0,0.82
1,1,1,FALSE,FALSE,FALSE,FALSE,FALSE,FALSE,541,548,557,11296,11284,11280,15260980,10611285,50.0,0.82
1,1,1,FALSE,FALSE,FALSE,FALSE,FALSE,FALSE,541,548,557,11296,11284,11280,15260980,10611285,50.0,0.82
1,1,1,FALSE,FALSE,FALSE,FALSE,FALSE,FALSE,541,548,557,11296,11284,11280,15260980,10611285,50.0,0.82
1,1,1,FALSE,FALSE,FALSE,FALSE,FALSE,FALSE,541,548,557,11296,11284,11280,15260980,10611285,50.0,0.82
1,1,1,FALSE,FALSE,FALSE,FALSE,FALSE,FALSE,541,548,557,11296,11284,11280,15260980,10611285,50.0,0.82
1,1,1,FALSE,FALSE,FALSE,FALSE,FALSE,FALSE,541,548,557,11296,11284,11280,15260980,10611285,50.0,0.82
1,1,1,FALSE,FALSE,FALSE,FALSE,FALSE,FALSE,541,548,557,11296,11284,11280,15260980,10611285,50.0,0.82
1,1,1,FALSE,FALSE,FALSE,FALSE,FALSE,FALSE,541,548,557,11296,11284,11280,15260980,10611285,50.0,0.82
1,1,1,FALSE,FALSE,FALSE,FALSE,FALSE,FALSE,541,548,557,11296,11284,11280,15260980,10611285,50.0,0.82
1,1,1,FALSE,FALSE,FALSE,FALSE,FALSE,FALSE,541,548,557,11296,11284,11280,15260980,10611285,50.0,0.82
1,1,1,FALSE,FALSE,FALSE,FALSE,FALSE,FALSE,541,548,557,11296,11284,11280,15260980,10611285,50.0,0.82
1,1,1,FALSE,FALSE,FALSE,FALSE,FALSE,FALSE,541,548,557,11296,11284,11280,15260980,10611285,50.0,0.82
1,1,1,FALSE,FALSE,FALSE,FALSE,FALSE,FALSE,541,548,557,11296,11284,11280,15260980,10611285,50.0,0.82
1,1,1,FALSE,FALSE,FALSE,FALSE,FALSE,FALSE,541,548,557,11296,11284,11280,15260980,10611285,50.0,0.82
1,1,1,FALSE,FALSE,FALSE,FALSE,FALSE,FALSE,541,548,557,11296,11284,11280,15260980,10611285,50.0,0.82
1,1,1,FALSE,FALSE,FALSE,FALSE,FALSE,FALSE,541,548,557,11296,11284,11280,15260980,10611285,50.0,0.82
1,1,1,FALSE,FALSE,FALSE,FALSE,FALSE,FALSE,541,548,557,11296,11284,11280,15260980,10611285,50.0,0.82
1,1,1,FALSE,FALSE,FALSE,FALSE,FALSE,FALSE,541,548,557,11296,11284,11280,15260980,10611285,50.0,0.82
1,1,1,FALSE,FALSE,FALSE,FALSE,FALSE,FALSE,541,548,557,11296,11284,11280,15260980,10611285,50.0,0.82
1,1,1,FALSE,FALSE,FALSE,FALSE,FALSE,FALSE,541,548,557,11296,11284,11280,15260980,10611285,50.0,0.82
1,1,1,FALSE,FALSE,FALSE,FALSE,FALSE,FALSE,541,548,557,11296,11284,11280,15260980,10611285,50.0,0.82
1,1,1,FALSE,FALSE,FALSE,FALSE,FALSE,FALSE,541,548,557,11296,11284,11280,15260980,10611285,50.0,0.82
1,1,1,FALSE,FALSE,FALSE,FALSE,FALSE,FALSE,541,548,557,11296,11284,11280,15260980,10611285,50.0,0.82
1,1,1,FALSE,FALSE,FALSE,FALSE,FALSE,FALSE,541,548,557,11296,11284,11280,15260980,10611285,50.0,0.82
1,1,1,FALSE,FALSE,FALSE,FALSE,FALSE,FALSE,541,548,557,11296,11284,11280,15260980,10611285,50.0,0.82
1,1,1,FALSE,FALSE,FALSE,FALSE,FALSE,FALSE,541,548,557,11296,11284,11280,15260980,10611285,50.0,0.82
1,1,1,FALSE,FALSE,FALSE,FALSE,FALSE,FALSE,541,548,557,11296,11284,11280,15260980,10611285,50.0,0.82
1,1,1,FALSE,FALSE,FALSE,FALSE,FALSE,FALSE,541,548,557,11296,11284,11280,15260980,10611285,50.0,0.82
1,1,1,FALSE,FALSE,FALSE,FALSE,FALSE,FALSE,541,548,557,11296,11284,11280,15260980,10611285,50.0,0.82
1,1,1,FALSE,FALSE,FALSE,FALSE,FALSE,FALSE,541,548,557,11296,11284,11280,15260980,10611285,50.0,0.82
1,1,1,FALSE,FALSE,FALSE,FALSE,FALSE,FALSE,541,548,557,11296,11284,11280,15260980,10611285,50.0,0.82
1,1,1,FALSE,FALSE,FALSE,FALSE,FALSE,FALSE,541,548,557,11296,11284,11280,15260980,10611285,50.0,0.82
